date,transactions,revenue,profit,avg_margin_pct,customers,quantity,year,month,quarter,week,day_of_week,day_name,is_weekend
2022-11-24,181,7213435.87,1416247.88,23.62723756906077,180,305,2022,11,4,47,3,Thursday,0
2022-11-25,190,8002480.99,1383162.62,23.467473684210525,186,326,2022,11,4,47,4,Friday,0
2022-11-26,189,6807588.0600000005,1185724.15,23.50915343915344,188,310,2022,11,4,47,5,Saturday,1
2022-11-27,198,8877109.69,1697225.58,23.851363636363637,198,340,2022,11,4,47,6,Sunday,1
2022-11-28,185,6497490.76,1108734.27,23.346486486486487,183,305,2022,11,4,48,0,Monday,0
2022-11-29,181,8243010.7700000005,1361331.31,22.41171270718232,181,300,2022,11,4,48,1,Tuesday,0
2022-11-30,183,7763942.0,1353034.6,23.0775956284153,183,310,2022,11,4,48,2,Wednesday,0
2022-12-01,148,5894758.47,1013565.46,21.42614864864865,148,234,2022,12,4,48,3,Thursday,0
2022-12-02,178,7046343.68,1280541.51,24.212921348314605,178,287,2022,12,4,48,4,Friday,0
2022-12-03,182,9501808.01,1708628.36,22.80142857142857,182,301,2022,12,4,48,5,Saturday,1
2022-12-04,181,7547943.21,1307136.88,24.3907182320442,180,296,2022,12,4,48,6,Sunday,1
2022-12-05,184,7399050.21,1322522.5,23.223478260869566,184,311,2022,12,4,49,0,Monday,0
2022-12-06,194,9076292.22,1535438.93,22.02247422680412,193,331,2022,12,4,49,1,Tuesday,0
2022-12-07,192,8426279.98,1396505.51,22.492239583333333,190,327,2022,12,4,49,2,Wednesday,0
2022-12-08,175,6653308.92,1112163.46,23.494,173,293,2022,12,4,49,3,Thursday,0
2022-12-09,177,6883210.99,1342549.04,24.497175141242938,176,305,2022,12,4,49,4,Friday,0
2022-12-10,187,7772991.91,1310738.96,21.502994652406418,187,318,2022,12,4,49,5,Saturday,1
2022-12-11,172,7098865.09,1270716.13,23.50406976744186,171,278,2022,12,4,49,6,Sunday,1
2022-12-12,167,7951662.03,1546686.69,24.215508982035928,167,288,2022,12,4,50,0,Monday,0
2022-12-13,175,7074943.04,1243811.64,22.136114285714285,174,274,2022,12,4,50,1,Tuesday,0
2022-12-14,179,9077790.83,1519604.79,22.47748603351955,178,306,2022,12,4,50,2,Wednesday,0
2022-12-15,195,7934318.16,1500095.78,23.117897435897437,194,331,2022,12,4,50,3,Thursday,0
2022-12-16,179,9224872.61,1689921.83,23.1945251396648,176,316,2022,12,4,50,4,Friday,0
2022-12-17,189,7796833.31,1305469.13,23.02058201058201,189,334,2022,12,4,50,5,Saturday,1
2022-12-18,177,7548818.79,1384880.2,23.88723163841808,177,300,2022,12,4,50,6,Sunday,1
2022-12-19,193,9231971.6,1533878.48,24.602694300518134,192,312,2022,12,4,51,0,Monday,0
2022-12-20,206,8002095.94,1378870.77,23.639805825242718,204,340,2022,12,4,51,1,Tuesday,0
2022-12-21,208,7637087.24,1332811.06,23.45966346153846,206,352,2022,12,4,51,2,Wednesday,0
2022-12-22,211,8781131.41,1575181.57,23.726777251184835,209,348,2022,12,4,51,3,Thursday,0
2022-12-23,190,7843213.6899999995,1410786.67,22.962684210526316,188,307,2022,12,4,51,4,Friday,0
2022-12-24,163,6235452.55,1196389.04,23.226871165644173,163,267,2022,12,4,51,5,Saturday,1
2022-12-25,188,8376298.35,1403282.41,22.60968085106383,186,311,2022,12,4,51,6,Sunday,1
2022-12-26,171,6050646.68,1095953.01,24.598479532163743,170,289,2022,12,4,52,0,Monday,0
2022-12-27,192,9357647.29,1634591.79,22.973072916666666,192,312,2022,12,4,52,1,Tuesday,0
2022-12-28,204,11212142.209999999,2007359.12,23.505980392156864,204,336,2022,12,4,52,2,Wednesday,0
2022-12-29,184,7989897.68,1410282.58,22.291141304347825,183,298,2022,12,4,52,3,Thursday,0
2022-12-30,200,8508100.16,1575048.5,24.13555,199,352,2022,12,4,52,4,Friday,0
2022-12-31,170,6803121.43,1134765.51,23.213941176470588,170,269,2022,12,4,52,5,Saturday,1
2023-01-01,184,6658755.32,1323305.45,25.602228260869566,183,318,2023,1,1,52,6,Sunday,1
2023-01-02,178,7637641.59,1729297.26,25.19247191011236,177,308,2023,1,1,1,0,Monday,0
2023-01-03,189,5948607.08,1304564.19,26.511587301587298,187,329,2023,1,1,1,1,Tuesday,0
2023-01-04,188,7863349.2,1842322.78,26.71175531914894,188,336,2023,1,1,1,2,Wednesday,0
2023-01-05,186,6971539.89,1607407.74,26.258279569892473,185,336,2023,1,1,1,3,Thursday,0
2023-01-06,203,7352837.68,1708228.81,26.025073891625617,202,335,2023,1,1,1,4,Friday,0
2023-01-07,185,5628051.88,1342902.36,25.155891891891894,184,320,2023,1,1,1,5,Saturday,1
2023-01-08,184,5765147.55,1358701.49,25.911684782608695,184,313,2023,1,1,1,6,Sunday,1
2023-01-09,195,5285917.84,1202146.31,25.08615384615385,195,327,2023,1,1,2,0,Monday,0
2023-01-10,182,6482924.92,1529794.46,25.678571428571427,181,322,2023,1,1,2,1,Tuesday,0
2023-01-11,190,7337636.17,1613977.33,25.37042105263158,189,324,2023,1,1,2,2,Wednesday,0
2023-01-12,199,5150212.95,1214739.66,25.465929648241207,198,336,2023,1,1,2,3,Thursday,0
2023-01-13,190,8135022.29,1810090.73,25.178631578947368,189,330,2023,1,1,2,4,Friday,0
2023-01-14,171,5214486.67,1244210.19,24.640760233918126,171,292,2023,1,1,2,5,Saturday,1
2023-01-15,170,5379034.67,1237235.73,26.656588235294116,170,271,2023,1,1,2,6,Sunday,1
2023-01-16,196,6482032.83,1411710.09,25.42362244897959,196,348,2023,1,1,3,0,Monday,0
2023-01-17,162,6590588.96,1407722.94,25.265493827160494,162,272,2023,1,1,3,1,Tuesday,0
2023-01-18,186,8007801.54,1720307.32,25.2405376344086,184,321,2023,1,1,3,2,Wednesday,0
2023-01-19,205,6426533.21,1542521.03,24.485951219512195,204,338,2023,1,1,3,3,Thursday,0
2023-01-20,170,7307497.75,1755924.32,26.14082352941176,170,277,2023,1,1,3,4,Friday,0
2023-01-21,191,7901508.16,1709979.91,23.970942408376963,190,336,2023,1,1,3,5,Saturday,1
2023-01-22,175,6884072.9,1540585.44,24.017028571428575,174,300,2023,1,1,3,6,Sunday,1
2023-01-23,166,5349750.01,1256016.52,24.58463855421687,166,270,2023,1,1,4,0,Monday,0
2023-01-24,177,5731492.66,1191202.36,25.92638418079096,176,299,2023,1,1,4,1,Tuesday,0
2023-01-25,181,6659400.04,1519919.75,25.594198895027624,180,316,2023,1,1,4,2,Wednesday,0
2023-01-26,178,5066365.82,1062131.43,24.96814606741573,177,283,2023,1,1,4,3,Thursday,0
2023-01-27,184,6706812.06,1479345.71,25.94054347826087,183,309,2023,1,1,4,4,Friday,0
2023-01-28,197,7278756.28,1636938.57,25.381167512690357,197,333,2023,1,1,4,5,Saturday,1
2023-01-29,171,5679454.8,1255712.56,25.339824561403507,170,283,2023,1,1,4,6,Sunday,1
2023-01-30,189,5869275.71,1392442.46,25.8094708994709,187,321,2023,1,1,5,0,Monday,0
2023-01-31,190,6618428.45,1477386.97,26.42736842105263,189,320,2023,1,1,5,1,Tuesday,0
2023-02-01,183,6159402.18,1367787.3,25.3948087431694,182,293,2023,2,1,5,2,Wednesday,0
2023-02-02,190,6305343.39,1382716.71,25.431368421052632,190,309,2023,2,1,5,3,Thursday,0
2023-02-03,177,5646749.92,1194343.55,25.528926553672317,175,289,2023,2,1,5,4,Friday,0
2023-02-04,162,5304885.73,1207498.9,26.508641975308638,162,277,2023,2,1,5,5,Saturday,1
2023-02-05,194,6826138.11,1580715.58,24.56896907216495,193,338,2023,2,1,5,6,Sunday,1
2023-02-06,173,5622115.59,1261696.78,26.85780346820809,173,287,2023,2,1,6,0,Monday,0
2023-02-07,172,5212066.32,1173720.38,25.605000000000004,171,277,2023,2,1,6,1,Tuesday,0
2023-02-08,175,7013251.52,1617150.36,25.171714285714287,174,302,2023,2,1,6,2,Wednesday,0
2023-02-09,181,6089852.1,1401731.0,25.46182320441989,180,309,2023,2,1,6,3,Thursday,0
2023-02-10,177,5189504.73,1159715.52,23.354745762711865,177,297,2023,2,1,6,4,Friday,0
2023-02-11,184,6862627.88,1680969.44,26.819021739130434,182,342,2023,2,1,6,5,Saturday,1
2023-02-12,179,5087216.49,1167142.28,26.70396648044693,176,288,2023,2,1,6,6,Sunday,1
2023-02-13,183,7409113.89,1631834.1,27.3024043715847,183,308,2023,2,1,7,0,Monday,0
2023-02-14,167,6319988.1,1423318.83,24.981916167664668,167,286,2023,2,1,7,1,Tuesday,0
2023-02-15,179,5694024.8100000005,1413310.82,26.111564245810058,178,301,2023,2,1,7,2,Wednesday,0
2023-02-16,168,5691676.46,1109785.82,23.59220238095238,168,289,2023,2,1,7,3,Thursday,0
2023-02-17,172,5838887.81,1439736.27,27.15377906976744,171,284,2023,2,1,7,4,Friday,0
2023-02-18,202,6589685.89,1464508.17,24.910841584158415,199,352,2023,2,1,7,5,Saturday,1
2023-02-19,183,5348287.29,1225708.64,26.229344262295083,183,313,2023,2,1,7,6,Sunday,1
2023-02-20,190,6682420.62,1579447.76,26.546684210526315,189,302,2023,2,1,8,0,Monday,0
2023-02-21,183,5524504.64,1288047.59,26.404754098360655,182,311,2023,2,1,8,1,Tuesday,0
2023-02-22,193,6651548.59,1520531.98,26.35113989637306,192,316,2023,2,1,8,2,Wednesday,0
2023-02-23,171,6056534.4,1320504.6,25.28169590643275,170,302,2023,2,1,8,3,Thursday,0
2023-02-24,191,6377690.93,1382393.87,25.019895287958118,191,307,2023,2,1,8,4,Friday,0
2023-02-25,203,7467759.88,1574564.83,25.37167487684729,202,346,2023,2,1,8,5,Saturday,1
2023-02-26,207,7169079.0200000005,1604645.1400000001,25.489420289855076,204,338,2023,2,1,8,6,Sunday,1
2023-02-27,170,4031408.2,888357.46,23.98194117647059,169,282,2023,2,1,9,0,Monday,0
2023-02-28,169,5996236.17,1369821.51,26.651183431952663,168,286,2023,2,1,9,1,Tuesday,0
2023-03-01,180,6484716.89,1446695.46,25.377499999999998,178,304,2023,3,1,9,2,Wednesday,0
2023-03-02,183,5041398.67,1246237.17,27.593879781420767,180,311,2023,3,1,9,3,Thursday,0
2023-03-03,172,6086890.14,1393746.96,26.30529069767442,171,284,2023,3,1,9,4,Friday,0
2023-03-04,165,4991524.9799999995,1172521.66,26.919090909090908,165,272,2023,3,1,9,5,Saturday,1
2023-03-05,188,7343685.63,1652248.56,26.614148936170213,188,309,2023,3,1,9,6,Sunday,1
2023-03-06,171,6543773.11,1547993.13,25.950701754385964,170,292,2023,3,1,10,0,Monday,0
2023-03-07,183,7093796.33,1440864.43,23.53994535519126,183,306,2023,3,1,10,1,Tuesday,0
2023-03-08,169,7020381.89,1579941.89,24.06041420118343,169,280,2023,3,1,10,2,Wednesday,0
2023-03-09,198,6796367.53,1558799.79,25.441111111111113,197,313,2023,3,1,10,3,Thursday,0
2023-03-10,198,8011237.28,1664861.03,24.700454545454544,197,340,2023,3,1,10,4,Friday,0
2023-03-11,177,6641154.92,1534289.57,25.007401129943506,175,289,2023,3,1,10,5,Saturday,1
2023-03-12,181,5870596.98,1442495.89,27.232486187845304,181,293,2023,3,1,10,6,Sunday,1
2023-03-13,190,5791514.91,1291287.33,24.419947368421052,190,308,2023,3,1,11,0,Monday,0
2023-03-14,177,5784150.95,1307842.12,24.85231638418079,176,303,2023,3,1,11,1,Tuesday,0
2023-03-15,192,7843342.04,1677049.29,25.318645833333335,192,314,2023,3,1,11,2,Wednesday,0
2023-03-16,198,7097449.41,1487318.35,25.09550505050505,196,315,2023,3,1,11,3,Thursday,0
2023-03-17,178,5733925.67,1340176.24,25.632528089887643,177,305,2023,3,1,11,4,Friday,0
2023-03-18,194,6659779.68,1515043.98,26.071340206185567,194,330,2023,3,1,11,5,Saturday,1
2023-03-19,192,7764656.53,1713170.6,24.816145833333334,190,324,2023,3,1,11,6,Sunday,1
2023-03-20,177,6585445.54,1486384.4,26.912937853107344,177,321,2023,3,1,12,0,Monday,0
2023-03-21,173,4845071.0200000005,1110408.48,25.439306358381504,172,287,2023,3,1,12,1,Tuesday,0
2023-03-22,197,6569545.33,1582925.66,26.46766497461929,196,345,2023,3,1,12,2,Wednesday,0
2023-03-23,162,5890397.28,1316928.16,25.898395061728394,161,261,2023,3,1,12,3,Thursday,0
2023-03-24,176,6202473.76,1446021.6,25.65,176,277,2023,3,1,12,4,Friday,0
2023-03-25,188,6060832.36,1358112.28,26.196170212765956,186,303,2023,3,1,12,5,Saturday,1
2023-03-26,176,6102592.65,1396644.74,26.96471590909091,174,291,2023,3,1,12,6,Sunday,1
2023-03-27,217,7620896.18,1788200.01,25.757235023041474,216,361,2023,3,1,13,0,Monday,0
2023-03-28,200,8226263.32,1711374.07,25.1586,197,335,2023,3,1,13,1,Tuesday,0
2023-03-29,192,6187698.34,1450829.8,27.25255208333333,192,301,2023,3,1,13,2,Wednesday,0
2023-03-30,179,6935748.62,1483457.83,25.43262569832402,178,315,2023,3,1,13,3,Thursday,0
2023-03-31,187,5445891.93,1195443.18,24.714598930481284,185,306,2023,3,1,13,4,Friday,0
2023-04-01,212,6969413.37,1553124.22,25.84679245283019,212,363,2023,4,2,13,5,Saturday,1
2023-04-02,180,6346787.71,1407910.65,26.03044444444445,180,316,2023,4,2,13,6,Sunday,1
2023-04-03,178,6374882.37,1408394.25,25.94808988764045,176,279,2023,4,2,14,0,Monday,0
2023-04-04,172,4787084.67,1103720.24,26.64209302325581,172,275,2023,4,2,14,1,Tuesday,0
2023-04-05,198,7758386.61,1875631.33,25.876262626262626,198,334,2023,4,2,14,2,Wednesday,0
2023-04-06,154,5021788.8,1105778.13,26.749935064935062,154,253,2023,4,2,14,3,Thursday,0
2023-04-07,193,6047769.96,1392111.91,25.532331606217614,193,341,2023,4,2,14,4,Friday,0
2023-04-08,183,6357500.46,1459284.99,26.33065573770492,183,313,2023,4,2,14,5,Saturday,1
2023-04-09,187,5054200.85,1171945.09,25.24625668449198,186,308,2023,4,2,14,6,Sunday,1
2023-04-10,179,6775780.99,1513966.09,25.216089385474863,178,318,2023,4,2,15,0,Monday,0
2023-04-11,166,5219025.43,1192406.34,25.065060240963856,164,279,2023,4,2,15,1,Tuesday,0
2023-04-12,162,4933074.29,1024880.69,26.142345679012347,161,288,2023,4,2,15,2,Wednesday,0
2023-04-13,172,6083626.08,1399062.24,25.72296511627907,172,282,2023,4,2,15,3,Thursday,0
2023-04-14,214,7449833.13,1639957.22,25.644766355140185,214,360,2023,4,2,15,4,Friday,0
2023-04-15,194,7213348.4399999995,1625200.69,26.102680412371136,194,345,2023,4,2,15,5,Saturday,1
2023-04-16,180,4536526.35,1020269.87,24.6915,180,273,2023,4,2,15,6,Sunday,1
2023-04-17,192,6630236.05,1498038.75,25.41015625,190,313,2023,4,2,16,0,Monday,0
2023-04-18,179,6433448.78,1463222.27,24.607877094972068,178,290,2023,4,2,16,1,Tuesday,0
2023-04-19,180,5914528.47,1321435.91,24.490111111111112,180,305,2023,4,2,16,2,Wednesday,0
2023-04-20,185,6290146.3,1383472.28,24.89513513513514,184,299,2023,4,2,16,3,Thursday,0
2023-04-21,168,4813021.32,1146161.11,24.494761904761905,167,268,2023,4,2,16,4,Friday,0
2023-04-22,195,5095534.79,1175962.35,26.14302564102564,193,349,2023,4,2,16,5,Saturday,1
2023-04-23,186,5951855.12,1384241.33,26.8652688172043,185,321,2023,4,2,16,6,Sunday,1
2023-04-24,201,6876143.17,1553930.87,25.690099502487563,200,332,2023,4,2,17,0,Monday,0
2023-04-25,187,5227340.3,1165018.65,25.38181818181818,185,302,2023,4,2,17,1,Tuesday,0
2023-04-26,191,4991943.32,1216676.25,25.697068062827228,189,312,2023,4,2,17,2,Wednesday,0
2023-04-27,169,7686504.88,1602251.85,24.506804733727808,168,291,2023,4,2,17,3,Thursday,0
2023-04-28,183,5876663.03,1206827.26,26.206775956284154,183,309,2023,4,2,17,4,Friday,0
2023-04-29,157,6731685.61,1569654.23,25.70700636942675,157,265,2023,4,2,17,5,Saturday,1
2023-04-30,196,7062280.31,1549265.18,25.92770408163265,196,336,2023,4,2,17,6,Sunday,1
2023-05-01,198,6207917.45,1461694.15,24.73909090909091,197,329,2023,5,2,18,0,Monday,0
2023-05-02,187,4977864.26,1168214.05,23.237754010695188,187,298,2023,5,2,18,1,Tuesday,0
2023-05-03,198,5826783.66,1343942.84,24.86747474747475,198,346,2023,5,2,18,2,Wednesday,0
2023-05-04,195,6433217.6,1469044.4,24.657384615384615,194,343,2023,5,2,18,3,Thursday,0
2023-05-05,190,4220532.83,1078573.91,25.467,189,306,2023,5,2,18,4,Friday,0
2023-05-06,191,5860385.92,1398020.91,24.68685863874346,191,325,2023,5,2,18,5,Saturday,1
2023-05-07,182,3959279.67,1014107.36,24.909065934065932,180,295,2023,5,2,18,6,Sunday,1
2023-05-08,181,6326656.62,1470802.67,22.895082872928178,180,303,2023,5,2,19,0,Monday,0
2023-05-09,183,5208922.12,1179597.84,24.510054644808744,182,322,2023,5,2,19,1,Tuesday,0
2023-05-10,176,4672149.88,1120662.8,25.50698863636364,174,286,2023,5,2,19,2,Wednesday,0
2023-05-11,178,4521346.21,1046138.23,24.746966292134832,178,289,2023,5,2,19,3,Thursday,0
2023-05-12,180,4987201.33,1227491.49,23.715555555555557,180,300,2023,5,2,19,4,Friday,0
2023-05-13,187,6568954.82,1459186.31,23.695401069518716,187,326,2023,5,2,19,5,Saturday,1
2023-05-14,199,6463193.17,1408520.6300000001,23.93929648241206,198,341,2023,5,2,19,6,Sunday,1
2023-05-15,183,6257611.19,1424267.51,25.205191256830602,183,309,2023,5,2,20,0,Monday,0
2023-05-16,176,4248432.57,1065263.2,25.63090909090909,176,306,2023,5,2,20,1,Tuesday,0
2023-05-17,171,4922532.34,1178465.3900000001,26.135789473684213,169,287,2023,5,2,20,2,Wednesday,0
2023-05-18,173,3533206.99,889048.04,25.598092485549135,171,285,2023,5,2,20,3,Thursday,0
2023-05-19,187,4999821.37,1136976.79,24.3948128342246,186,327,2023,5,2,20,4,Friday,0
2023-05-20,195,5829491.38,1286176.3800000001,23.506256410256412,193,313,2023,5,2,20,5,Saturday,1
2023-05-21,190,5140864.6,1246293.49,25.214842105263156,188,318,2023,5,2,20,6,Sunday,1
2023-05-22,211,6805535.01,1582188.01,24.807298578199052,211,361,2023,5,2,21,0,Monday,0
2023-05-23,180,5728351.03,1361260.5,26.68611111111111,179,319,2023,5,2,21,1,Tuesday,0
2023-05-24,165,4423695.91,1046322.45,24.94890909090909,164,260,2023,5,2,21,2,Wednesday,0
2023-05-25,171,4660725.13,1099903.23,24.92263157894737,171,293,2023,5,2,21,3,Thursday,0
2023-05-26,200,5766027.15,1376728.52,24.17115,198,341,2023,5,2,21,4,Friday,0
2023-05-27,181,5077636.28,1180505.58,23.89011049723757,179,304,2023,5,2,21,5,Saturday,1
2023-05-28,188,5062512.85,1118686.21,22.88132978723404,188,306,2023,5,2,21,6,Sunday,1
2023-05-29,190,6735476.78,1517522.53,24.985315789473685,190,320,2023,5,2,22,0,Monday,0
2023-05-30,177,4593335.45,1186463.98,25.320677966101695,176,301,2023,5,2,22,1,Tuesday,0
2023-05-31,181,4507308.5,1089978.42,24.17723756906077,181,307,2023,5,2,22,2,Wednesday,0
2023-06-01,185,5475511.37,1200684.22,25.28518918918919,184,303,2023,6,2,22,3,Thursday,0
2023-06-02,175,3547356.55,901292.98,24.133200000000002,175,289,2023,6,2,22,4,Friday,0
2023-06-03,205,6154067.07,1460121.83,25.34536585365854,204,331,2023,6,2,22,5,Saturday,1
2023-06-04,221,7300881.05,1712567.15,24.010180995475114,220,373,2023,6,2,22,6,Sunday,1
2023-06-05,171,4103991.7800000003,993532.33,25.597543859649125,171,301,2023,6,2,23,0,Monday,0
2023-06-06,191,6801819.8,1513743.07,23.84026178010471,190,349,2023,6,2,23,1,Tuesday,0
2023-06-07,203,6665700.16,1575667.57,25.2028078817734,201,352,2023,6,2,23,2,Wednesday,0
2023-06-08,177,4854567.77,1118546.26,25.768361581920903,175,294,2023,6,2,23,3,Thursday,0
2023-06-09,175,5430936.57,1268751.92,25.136514285714288,173,285,2023,6,2,23,4,Friday,0
2023-06-10,195,5511321.58,1264858.5,24.22220512820513,194,339,2023,6,2,23,5,Saturday,1
2023-06-11,176,5236512.35,1227470.58,23.543409090909094,175,282,2023,6,2,23,6,Sunday,1
2023-06-12,172,4596431.45,1107498.65,24.813023255813956,169,294,2023,6,2,24,0,Monday,0
2023-06-13,181,4825636.37,1161752.26,26.284088397790054,177,294,2023,6,2,24,1,Tuesday,0
2023-06-14,164,4001634.7,973549.36,24.511219512195122,163,269,2023,6,2,24,2,Wednesday,0
2023-06-15,209,6250347.69,1514859.6,24.910956937799046,208,351,2023,6,2,24,3,Thursday,0
2023-06-16,198,5331054.83,1148195.75,24.776060606060604,197,326,2023,6,2,24,4,Friday,0
2023-06-17,204,6310497.82,1399393.96,23.160245098039212,204,347,2023,6,2,24,5,Saturday,1
2023-06-18,177,5114688.28,1262330.3699999999,25.244632768361583,176,309,2023,6,2,24,6,Sunday,1
2023-06-19,186,7466679.37,1692763.15,24.070537634408602,186,325,2023,6,2,25,0,Monday,0
2023-06-20,207,6152557.49,1501888.42,26.617294685990338,207,347,2023,6,2,25,1,Tuesday,0
2023-06-21,160,4041119.3,928417.71,25.4725,159,259,2023,6,2,25,2,Wednesday,0
2023-06-22,186,5658717.41,1231439.53,24.613548387096774,184,305,2023,6,2,25,3,Thursday,0
2023-06-23,172,4595447.22,1097103.03,25.984360465116282,172,278,2023,6,2,25,4,Friday,0
2023-06-24,201,5457515.84,1329914.17,26.13905472636816,201,348,2023,6,2,25,5,Saturday,1
2023-06-25,179,4821771.85,1140274.9,23.54,177,301,2023,6,2,25,6,Sunday,1
2023-06-26,182,5610779.33,1304985.27,24.124945054945055,181,293,2023,6,2,26,0,Monday,0
2023-06-27,178,4997671.62,1093172.6400000001,25.436460674157303,178,322,2023,6,2,26,1,Tuesday,0
2023-06-28,212,6939876.4,1377508.13,23.746650943396226,212,349,2023,6,2,26,2,Wednesday,0
2023-06-29,176,5053191.17,1169742.59,24.89164772727273,176,291,2023,6,2,26,3,Thursday,0
2023-06-30,201,6368070.69,1548761.36,23.54213930348259,201,339,2023,6,2,26,4,Friday,0
2023-07-01,173,3916116.45,986046.52,24.294335260115606,172,289,2023,7,3,26,5,Saturday,1
2023-07-02,193,6191341.66,1473127.19,25.097512953367875,192,331,2023,7,3,26,6,Sunday,1
2023-07-03,201,4784527.55,1137223.63,23.929154228855722,201,346,2023,7,3,27,0,Monday,0
2023-07-04,172,4996485.12,1143700.79,26.81343023255814,172,288,2023,7,3,27,1,Tuesday,0
2023-07-05,159,4703754.51,1049119.48,24.37327044025157,159,256,2023,7,3,27,2,Wednesday,0
2023-07-06,179,4206440.21,1034935.04,23.208212290502797,179,290,2023,7,3,27,3,Thursday,0
2023-07-07,179,5514226.02,1278503.24,23.44977653631285,177,286,2023,7,3,27,4,Friday,0
2023-07-08,181,6255554.25,1315375.94,23.113591160220995,180,306,2023,7,3,27,5,Saturday,1
2023-07-09,174,4338442.69,1024543.5,24.02431034482759,174,298,2023,7,3,27,6,Sunday,1
2023-07-10,189,4769448.01,1153886.34,24.35179894179894,188,314,2023,7,3,28,0,Monday,0
2023-07-11,178,4907064.9,1147075.62,24.825224719101126,178,296,2023,7,3,28,1,Tuesday,0
2023-07-12,191,5447103.78,1236053.46,24.28068062827225,190,320,2023,7,3,28,2,Wednesday,0
2023-07-13,177,5990273.29,1349024.95,25.051242937853107,177,289,2023,7,3,28,3,Thursday,0
2023-07-14,202,7148138.89,1619787.74,24.78178217821782,201,333,2023,7,3,28,4,Friday,0
2023-07-15,174,5098607.75,1114152.59,22.724367816091952,171,294,2023,7,3,28,5,Saturday,1
2023-07-16,179,4421159.76,1102747.92,26.46977653631285,178,287,2023,7,3,28,6,Sunday,1
2023-07-17,193,6311927.73,1364341.58,23.866476683937822,191,329,2023,7,3,29,0,Monday,0
2023-07-18,187,6195277.82,1459211.06,24.6979679144385,186,319,2023,7,3,29,1,Tuesday,0
2023-07-19,227,7840708.36,1872789.73,25.65718061674009,226,373,2023,7,3,29,2,Wednesday,0
2023-07-20,196,5737795.31,1442694.48,25.505408163265308,195,330,2023,7,3,29,3,Thursday,0
2023-07-21,172,5350789.41,1316093.57,25.485697674418603,172,284,2023,7,3,29,4,Friday,0
2023-07-22,195,4922734.98,1165675.42,24.572871794871794,192,328,2023,7,3,29,5,Saturday,1
2023-07-23,190,6117384.4,1375595.81,24.42005263157895,190,322,2023,7,3,29,6,Sunday,1
2023-07-24,169,6335612.55,1530341.06,25.844319526627217,169,275,2023,7,3,30,0,Monday,0
2023-07-25,174,4630749.37,964480.73,22.619655172413793,172,260,2023,7,3,30,1,Tuesday,0
2023-07-26,186,5436264.58,1319596.52,24.364462365591397,186,319,2023,7,3,30,2,Wednesday,0
2023-07-27,170,4055085.59,947041.93,24.787882352941175,169,287,2023,7,3,30,3,Thursday,0
2023-07-28,213,4899802.44,1156268.84,23.098826291079813,211,371,2023,7,3,30,4,Friday,0
2023-07-29,202,6381834.17,1570290.3,23.684108910891087,202,352,2023,7,3,30,5,Saturday,1
2023-07-30,197,7646411.83,1740462.55,25.4956345177665,196,342,2023,7,3,30,6,Sunday,1
2023-07-31,179,5669058.76,1407887.79,25.284189944134077,179,307,2023,7,3,31,0,Monday,0
2023-08-01,191,5326569.5,1197529.69,25.03591623036649,188,318,2023,8,3,31,1,Tuesday,0
2023-08-02,189,5425302.35,1259211.28,24.353756613756612,189,318,2023,8,3,31,2,Wednesday,0
2023-08-03,179,3801959.14,946211.78,23.638491620111733,178,299,2023,8,3,31,3,Thursday,0
2023-08-04,202,7592132.0200000005,1785654.45,25.022821782178216,199,344,2023,8,3,31,4,Friday,0
2023-08-05,197,6849769.1,1569973.89,24.37284263959391,196,332,2023,8,3,31,5,Saturday,1
2023-08-06,167,4498411.5,1133360.5,24.633293413173654,165,275,2023,8,3,31,6,Sunday,1
2023-08-07,199,7135340.07,1709725.74,24.288040201005025,197,328,2023,8,3,32,0,Monday,0
2023-08-08,165,3992879.18,974463.26,25.99848484848485,164,281,2023,8,3,32,1,Tuesday,0
2023-08-09,184,4658156.41,1074710.85,25.509021739130436,184,304,2023,8,3,32,2,Wednesday,0
2023-08-10,197,6482380.53,1537333.51,25.178121827411168,196,311,2023,8,3,32,3,Thursday,0
2023-08-11,193,5422955.7700000005,1291095.25,24.455906735751295,193,324,2023,8,3,32,4,Friday,0
2023-08-12,183,4888735.86,1140392.21,25.31153005464481,183,308,2023,8,3,32,5,Saturday,1
2023-08-13,188,5353987.7700000005,1395533.91,24.099148936170213,187,321,2023,8,3,32,6,Sunday,1
2023-08-14,183,4635426.25,1158703.71,25.495081967213117,183,306,2023,8,3,33,0,Monday,0
2023-08-15,173,4150825.84,982334.57,23.7171676300578,172,282,2023,8,3,33,1,Tuesday,0
2023-08-16,160,4288555.08,999686.61,25.0973125,160,262,2023,8,3,33,2,Wednesday,0
2023-08-17,180,4946317.66,1097717.98,24.524277777777776,179,299,2023,8,3,33,3,Thursday,0
2023-08-18,201,5916861.0,1419022.38,24.2255223880597,200,330,2023,8,3,33,4,Friday,0
2023-08-19,181,5557889.09,1308414.23,24.259558011049727,180,311,2023,8,3,33,5,Saturday,1
2023-08-20,191,6117697.44,1317756.54,23.98267015706806,190,297,2023,8,3,33,6,Sunday,1
2023-08-21,189,6678663.55,1550741.11,23.64820105820106,187,320,2023,8,3,34,0,Monday,0
2023-08-22,192,5609771.4,1265260.72,25.9665625,191,311,2023,8,3,34,1,Tuesday,0
2023-08-23,163,4804822.79,1133797.09,24.32680981595092,162,272,2023,8,3,34,2,Wednesday,0
2023-08-24,184,6083250.98,1407097.08,26.550108695652174,184,307,2023,8,3,34,3,Thursday,0
2023-08-25,179,5086961.86,1177726.65,25.177877094972068,178,295,2023,8,3,34,4,Friday,0
2023-08-26,176,5325200.43,1263056.55,25.092443181818183,176,283,2023,8,3,34,5,Saturday,1
2023-08-27,171,4132828.06,850606.87,24.793976608187133,171,273,2023,8,3,34,6,Sunday,1
2023-08-28,176,3883874.64,932171.5,23.74414772727273,176,288,2023,8,3,35,0,Monday,0
2023-08-29,163,5250664.3,1280894.56,26.717791411042946,163,283,2023,8,3,35,1,Tuesday,0
2023-08-30,196,7085539.47,1441925.8599999999,23.746785714285714,195,336,2023,8,3,35,2,Wednesday,0
2023-08-31,201,5228935.11,1245275.18,24.857512437810943,197,343,2023,8,3,35,3,Thursday,0
2023-09-01,169,6144360.59,1284322.86,26.80437869822485,169,290,2023,9,3,35,4,Friday,0
2023-09-02,175,5906034.49,1334978.15,23.811028571428572,175,305,2023,9,3,35,5,Saturday,1
2023-09-03,177,6358038.45,1433735.99,24.66536723163842,177,285,2023,9,3,35,6,Sunday,1
2023-09-04,180,5219461.25,1266487.18,26.174055555555555,180,294,2023,9,3,36,0,Monday,0
2023-09-05,163,4669511.31,1093976.9,24.34085889570552,162,258,2023,9,3,36,1,Tuesday,0
2023-09-06,193,6130167.8,1371973.07,24.327305699481865,193,335,2023,9,3,36,2,Wednesday,0
2023-09-07,203,6564709.68,1472479.61,26.467192118226603,202,336,2023,9,3,36,3,Thursday,0
2023-09-08,195,6203033.67,1413375.0,27.265230769230772,195,352,2023,9,3,36,4,Friday,0
2023-09-09,203,6950246.34,1592194.7,25.510147783251234,203,343,2023,9,3,36,5,Saturday,1
2023-09-10,148,5359303.27,1110084.06,24.461621621621624,148,257,2023,9,3,36,6,Sunday,1
2023-09-11,175,6125314.14,1283319.28,23.3588,175,297,2023,9,3,37,0,Monday,0
2023-09-12,177,6258258.79,1288887.57,24.289265536723164,176,297,2023,9,3,37,1,Tuesday,0
2023-09-13,175,6257756.14,1400192.77,25.551142857142857,171,284,2023,9,3,37,2,Wednesday,0
2023-09-14,164,6431992.8,1367202.05,25.44408536585366,164,282,2023,9,3,37,3,Thursday,0
2023-09-15,189,6634870.19,1558955.28,25.6610582010582,189,310,2023,9,3,37,4,Friday,0
2023-09-16,187,6003818.47,1363836.27,24.885454545454547,184,312,2023,9,3,37,5,Saturday,1
2023-09-17,190,6582776.71,1425715.75,23.952684210526318,190,319,2023,9,3,37,6,Sunday,1
2023-09-18,172,5771450.2,1298422.65,24.576511627906974,170,288,2023,9,3,38,0,Monday,0
2023-09-19,194,8083295.73,1932752.0,26.899793814432993,193,306,2023,9,3,38,1,Tuesday,0
2023-09-20,171,6013794.11,1341568.44,25.1206432748538,171,283,2023,9,3,38,2,Wednesday,0
2023-09-21,183,5825905.15,1240007.56,24.042786885245903,183,310,2023,9,3,38,3,Thursday,0
2023-09-22,163,4544942.64,962645.41,25.028650306748467,161,259,2023,9,3,38,4,Friday,0
2023-09-23,185,6447286.88,1420722.65,25.518702702702704,184,312,2023,9,3,38,5,Saturday,1
2023-09-24,188,5834214.89,1316132.83,24.97781914893617,185,318,2023,9,3,38,6,Sunday,1
2023-09-25,163,6398233.24,1460905.32,25.88711656441718,162,279,2023,9,3,39,0,Monday,0
2023-09-26,188,6717694.47,1454466.01,25.292446808510636,188,318,2023,9,3,39,1,Tuesday,0
2023-09-27,169,5988453.28,1398563.79,25.216153846153844,169,275,2023,9,3,39,2,Wednesday,0
2023-09-28,165,6663762.4,1459866.24,25.24054545454545,165,277,2023,9,3,39,3,Thursday,0
2023-09-29,187,6194941.78,1462486.68,23.910267379679144,185,321,2023,9,3,39,4,Friday,0
2023-09-30,179,6049252.37,1350089.5,26.39262569832402,178,300,2023,9,3,39,5,Saturday,1
2023-10-01,180,7772271.75,1498537.79,23.93588888888889,180,307,2023,10,4,39,6,Sunday,1
2023-10-02,182,7936535.97,1430981.04,24.131318681318678,182,309,2023,10,4,40,0,Monday,0
2023-10-03,183,8689514.33,1476301.03,20.870054644808743,183,312,2023,10,4,40,1,Tuesday,0
2023-10-04,190,9127566.69,1576422.35,21.847736842105263,190,322,2023,10,4,40,2,Wednesday,0
2023-10-05,179,9068773.55,1602577.69,22.28804469273743,179,295,2023,10,4,40,3,Thursday,0
2023-10-06,187,9390643.959999999,1749372.64,25.063048128342245,186,332,2023,10,4,40,4,Friday,0
2023-10-07,197,8636617.91,1392872.84,23.459137055837562,196,321,2023,10,4,40,5,Saturday,1
2023-10-08,172,8005223.41,1340627.17,23.661511627906975,170,294,2023,10,4,40,6,Sunday,1
2023-10-09,218,8469920.18,1487379.41,24.551513761467888,217,348,2023,10,4,41,0,Monday,0
2023-10-10,166,7085918.03,1298630.22,23.63144578313253,165,288,2023,10,4,41,1,Tuesday,0
2023-10-11,172,6005063.02,973658.7,24.037441860465115,170,295,2023,10,4,41,2,Wednesday,0
2023-10-12,197,8238724.93,1526992.08,22.89761421319797,197,330,2023,10,4,41,3,Thursday,0
2023-10-13,153,6478656.47,1099016.68,22.469477124183005,152,250,2023,10,4,41,4,Friday,0
2023-10-14,182,10202033.4,1677265.88,23.68692307692308,182,302,2023,10,4,41,5,Saturday,1
2023-10-15,174,6675107.24,1231658.91,25.194597701149423,173,297,2023,10,4,41,6,Sunday,1
2023-10-16,183,8482274.41,1511965.73,24.37693989071038,183,297,2023,10,4,42,0,Monday,0
2023-10-17,183,6406910.39,1178095.66,23.075191256830603,182,306,2023,10,4,42,1,Tuesday,0
2023-10-18,188,8234638.16,1430837.58,23.499148936170215,186,325,2023,10,4,42,2,Wednesday,0
2023-10-19,175,8837134.37,1490550.59,23.44965714285714,174,288,2023,10,4,42,3,Thursday,0
2023-10-20,191,9333845.56,1691767.65,23.536073298429322,190,342,2023,10,4,42,4,Friday,0
2023-10-21,191,8051470.85,1404540.51,23.5486387434555,190,304,2023,10,4,42,5,Saturday,1
2023-10-22,162,6701443.16,1075399.65,22.14351851851852,161,255,2023,10,4,42,6,Sunday,1
2023-10-23,176,8407440.56,1351774.34,23.187443181818182,176,295,2023,10,4,43,0,Monday,0
2023-10-24,195,7224337.41,1338713.33,23.313641025641026,195,320,2023,10,4,43,1,Tuesday,0
2023-10-25,172,6430002.37,1112160.88,25.890697674418604,172,271,2023,10,4,43,2,Wednesday,0
2023-10-26,178,8184311.74,1582454.18,25.568707865168538,177,301,2023,10,4,43,3,Thursday,0
2023-10-27,179,7998512.64,1296333.54,22.630167597765364,179,285,2023,10,4,43,4,Friday,0
2023-10-28,167,6353103.96,1127924.52,23.627065868263475,167,271,2023,10,4,43,5,Saturday,1
2023-10-29,193,9680885.73,1712332.74,23.681606217616583,192,337,2023,10,4,43,6,Sunday,1
2023-10-30,179,8890420.46,1510599.34,22.18759776536313,179,296,2023,10,4,44,0,Monday,0
2023-10-31,183,7600912.94,1228412.55,22.381092896174863,183,299,2023,10,4,44,1,Tuesday,0
2023-11-01,188,7613309.85,1348438.88,23.174414893617023,188,291,2023,11,4,44,2,Wednesday,0
2023-11-02,186,8491614.91,1449196.66,23.821290322580648,186,322,2023,11,4,44,3,Thursday,0
2023-11-03,178,8921314.64,1361221.95,23.66061797752809,177,322,2023,11,4,44,4,Friday,0
2023-11-04,172,7424911.64,1230966.96,21.932267441860464,172,284,2023,11,4,44,5,Saturday,1
2023-11-05,190,10070022.76,1933320.01,22.605368421052635,189,319,2023,11,4,44,6,Sunday,1
2023-11-06,198,8277244.21,1512839.6,24.85343434343434,195,312,2023,11,4,45,0,Monday,0
2023-11-07,178,6108853.7,1147408.65,22.5523595505618,178,289,2023,11,4,45,1,Tuesday,0
2023-11-08,177,8180495.58,1390524.67,23.384858757062148,176,296,2023,11,4,45,2,Wednesday,0
2023-11-09,172,5957027.54,1140170.43,24.32436046511628,172,285,2023,11,4,45,3,Thursday,0
2023-11-10,202,10027571.9,1837157.76,24.920148514851483,202,336,2023,11,4,45,4,Friday,0
2023-11-11,181,7216147.78,1424671.91,24.166187845303867,181,301,2023,11,4,45,5,Saturday,1
2023-11-12,194,8177211.79,1364665.2,24.390257731958762,192,319,2023,11,4,45,6,Sunday,1
2023-11-13,173,7156458.98,1260554.08,24.248612716763006,171,295,2023,11,4,46,0,Monday,0
2023-11-14,160,6721020.84,1152339.73,22.915062499999998,160,265,2023,11,4,46,1,Tuesday,0
2023-11-15,186,8115102.82,1635639.96,24.080268817204303,184,300,2023,11,4,46,2,Wednesday,0
2023-11-16,195,7647889.65,1277332.48,21.786358974358976,194,328,2023,11,4,46,3,Thursday,0
2023-11-17,178,8257844.86,1294744.69,23.206067415730338,175,298,2023,11,4,46,4,Friday,0
2023-11-18,191,8942350.790000001,1666836.82,23.66607329842932,190,320,2023,11,4,46,5,Saturday,1
2023-11-19,182,7902465.74,1350423.86,23.584725274725276,179,300,2023,11,4,46,6,Sunday,1
2023-11-20,176,6882023.86,1196357.22,23.489659090909093,176,282,2023,11,4,47,0,Monday,0
2023-11-21,184,7257914.25,1329770.08,22.233097826086954,184,300,2023,11,4,47,1,Tuesday,0
2023-11-22,185,7279864.93,1305371.98,23.683405405405406,184,308,2023,11,4,47,2,Wednesday,0
2023-11-23,163,7285074.65,1455992.84,24.950245398773006,162,263,2023,11,4,47,3,Thursday,0
2023-11-24,164,8711460.64,1439206.59,22.182499999999997,164,272,2023,11,4,47,4,Friday,0
2023-11-25,196,8788164.15,1563606.8800000001,24.102448979591838,196,332,2023,11,4,47,5,Saturday,1
2023-11-26,187,8106874.0600000005,1597018.02,24.220160427807485,186,315,2023,11,4,47,6,Sunday,1
2023-11-27,150,6290121.14,1056441.08,21.717533333333336,149,245,2023,11,4,48,0,Monday,0
2023-11-28,170,9274800.77,1469151.0,22.95870588235294,170,286,2023,11,4,48,1,Tuesday,0
2023-11-29,191,9239254.98,1636485.72,23.129738219895287,191,337,2023,11,4,48,2,Wednesday,0
2023-11-30,195,9437355.87,1541652.29,23.46020512820513,195,321,2023,11,4,48,3,Thursday,0
2023-12-01,179,7566582.2,1317763.87,22.88893854748603,177,298,2023,12,4,48,4,Friday,0
2023-12-02,190,8588124.84,1363452.33,21.991526315789475,189,327,2023,12,4,48,5,Saturday,1
2023-12-03,197,8293438.82,1616017.05,23.992385786802032,196,347,2023,12,4,48,6,Sunday,1
2023-12-04,192,8934883.9,1568481.28,25.615572916666665,190,321,2023,12,4,49,0,Monday,0
2023-12-05,162,6929206.05,1203556.87,24.980925925925924,162,265,2023,12,4,49,1,Tuesday,0
2023-12-06,177,6686133.06,1165492.84,23.417457627118647,177,295,2023,12,4,49,2,Wednesday,0
2023-12-07,207,8462730.16,1471391.8699999999,23.570193236714974,207,338,2023,12,4,49,3,Thursday,0
2023-12-08,194,7982411.79,1384896.33,22.652113402061858,193,327,2023,12,4,49,4,Friday,0
2023-12-09,189,8206267.6899999995,1510373.72,24.37063492063492,188,318,2023,12,4,49,5,Saturday,1
2023-12-10,193,10063677.81,1748511.54,23.324455958549223,192,319,2023,12,4,49,6,Sunday,1
2023-12-11,179,9579718.72,1490244.03,22.082122905027934,179,311,2023,12,4,50,0,Monday,0
2023-12-12,191,7672624.42,1316409.34,23.8182722513089,191,309,2023,12,4,50,1,Tuesday,0
2023-12-13,192,9173819.39,1714626.59,22.574739583333336,192,339,2023,12,4,50,2,Wednesday,0
2023-12-14,179,7012071.54,1176146.63,24.91804469273743,179,290,2023,12,4,50,3,Thursday,0
2023-12-15,182,8217842.9,1385977.41,22.216703296703297,181,301,2023,12,4,50,4,Friday,0
2023-12-16,189,9824090.24,1555603.85,23.18873015873016,186,337,2023,12,4,50,5,Saturday,1
2023-12-17,197,9115465.7,1662344.55,23.690659898477158,197,335,2023,12,4,50,6,Sunday,1
2023-12-18,171,6758960.59,1068310.79,23.324736842105263,171,296,2023,12,4,51,0,Monday,0
2023-12-19,172,7658538.27,1363303.08,23.080290697674418,171,299,2023,12,4,51,1,Tuesday,0
2023-12-20,172,6660252.85,1099462.16,23.475232558139535,172,288,2023,12,4,51,2,Wednesday,0
2023-12-21,187,9126734.07,1501529.99,22.248983957219252,187,304,2023,12,4,51,3,Thursday,0
2023-12-22,185,7243654.28,1131356.39,22.404702702702703,185,304,2023,12,4,51,4,Friday,0
2023-12-23,181,9202731.17,1512064.78,23.49530386740331,181,308,2023,12,4,51,5,Saturday,1
2023-12-24,174,7341921.43,1180667.88,23.252816091954024,174,272,2023,12,4,51,6,Sunday,1
2023-12-25,192,7186635.0,1325691.96,23.980729166666666,192,311,2023,12,4,52,0,Monday,0
2023-12-26,191,7913801.24,1442794.1199999999,23.839214659685865,190,316,2023,12,4,52,1,Tuesday,0
2023-12-27,180,8282119.76,1441009.32,22.46311111111111,180,311,2023,12,4,52,2,Wednesday,0
2023-12-28,168,6666023.49,1095203.26,22.195654761904763,168,292,2023,12,4,52,3,Thursday,0
2023-12-29,180,8152034.58,1424370.35,22.171055555555554,179,282,2023,12,4,52,4,Friday,0
2023-12-30,177,9328148.67,1706139.16,23.23915254237288,176,321,2023,12,4,52,5,Saturday,1
2023-12-31,199,9059417.02,1574540.04,23.84532663316583,198,327,2023,12,4,52,6,Sunday,1
2024-01-01,200,6856233.19,1511868.1,24.69205,200,334,2024,1,1,1,0,Monday,0
2024-01-02,197,4941929.57,1110139.66,25.627461928934007,197,309,2024,1,1,1,1,Tuesday,0
2024-01-03,168,5564983.34,1224543.42,25.824821428571425,167,299,2024,1,1,1,2,Wednesday,0
2024-01-04,175,4362613.24,1011944.36,24.584400000000002,175,286,2024,1,1,1,3,Thursday,0
2024-01-05,197,5834311.69,1387801.72,27.430609137055836,196,331,2024,1,1,1,4,Friday,0
2024-01-06,159,6020637.25,1323205.53,26.282641509433958,159,274,2024,1,1,1,5,Saturday,1
2024-01-07,185,4970181.55,1168797.65,25.790756756756757,185,295,2024,1,1,1,6,Sunday,1
2024-01-08,174,5087671.2299999995,1149837.49,25.466206896551725,174,280,2024,1,1,2,0,Monday,0
2024-01-09,191,5548886.59,1305810.69,26.660000000000004,190,317,2024,1,1,2,1,Tuesday,0
2024-01-10,180,8088730.41,1765237.32,26.732944444444446,176,300,2024,1,1,2,2,Wednesday,0
2024-01-11,197,6014368.01,1327890.32,25.182233502538068,193,321,2024,1,1,2,3,Thursday,0
2024-01-12,192,7459770.43,1622476.78,23.88473958333333,189,309,2024,1,1,2,4,Friday,0
2024-01-13,173,5898513.98,1492869.53,25.3978612716763,172,306,2024,1,1,2,5,Saturday,1
2024-01-14,191,6267513.42,1372199.49,25.84842931937173,191,298,2024,1,1,2,6,Sunday,1
2024-01-15,186,6994062.88,1726474.42,25.298225806451615,186,301,2024,1,1,3,0,Monday,0
2024-01-16,169,5961457.41,1283612.88,26.077041420118345,168,278,2024,1,1,3,1,Tuesday,0
2024-01-17,200,7068188.35,1616284.31,24.121399999999998,198,339,2024,1,1,3,2,Wednesday,0
2024-01-18,154,5876669.69,1269446.83,26.387922077922077,154,255,2024,1,1,3,3,Thursday,0
2024-01-19,172,7370791.73,1536892.59,23.66186046511628,172,291,2024,1,1,3,4,Friday,0
2024-01-20,168,4584648.83,1109106.55,27.532916666666665,166,273,2024,1,1,3,5,Saturday,1
2024-01-21,178,5452829.29,1301109.81,25.972191011235957,177,297,2024,1,1,3,6,Sunday,1
2024-01-22,198,6391519.92,1465640.33,24.906060606060603,196,337,2024,1,1,4,0,Monday,0
2024-01-23,177,6601056.69,1532684.46,25.341638418079096,177,307,2024,1,1,4,1,Tuesday,0
2024-01-24,179,7082754.91,1546154.79,25.12759776536313,176,312,2024,1,1,4,2,Wednesday,0
2024-01-25,203,7178284.52,1568264.02,25.664482758620693,203,331,2024,1,1,4,3,Thursday,0
2024-01-26,183,6683384.47,1377149.57,24.029562841530055,181,315,2024,1,1,4,4,Friday,0
2024-01-27,184,7099600.05,1598970.81,25.53728260869565,184,321,2024,1,1,4,5,Saturday,1
2024-01-28,187,7156073.67,1510312.78,25.002566844919784,185,323,2024,1,1,4,6,Sunday,1
2024-01-29,187,7619979.12,1759644.21,26.2851871657754,187,304,2024,1,1,5,0,Monday,0
2024-01-30,167,6431895.12,1530245.32,25.89694610778443,167,270,2024,1,1,5,1,Tuesday,0
2024-01-31,182,6020944.31,1422471.73,25.722637362637364,180,287,2024,1,1,5,2,Wednesday,0
2024-02-01,178,5731600.8,1335638.78,26.38191011235955,177,293,2024,2,1,5,3,Thursday,0
2024-02-02,185,6639447.13,1490654.96,23.299513513513514,185,319,2024,2,1,5,4,Friday,0
2024-02-03,189,6817755.5,1602459.01,26.086137566137566,189,315,2024,2,1,5,5,Saturday,1
2024-02-04,177,4682633.24,1016613.95,25.54604519774011,176,319,2024,2,1,5,6,Sunday,1
2024-02-05,204,6539184.52,1465147.9,25.64029411764706,202,334,2024,2,1,6,0,Monday,0
2024-02-06,182,6975957.5200000005,1608160.35,25.91752747252747,182,310,2024,2,1,6,1,Tuesday,0
2024-02-07,187,8278389.3,1795709.88,24.449090909090913,186,314,2024,2,1,6,2,Wednesday,0
2024-02-08,177,6434876.58,1422456.11,25.356779661016947,177,290,2024,2,1,6,3,Thursday,0
2024-02-09,181,5346293.75,1291953.89,25.352983425414365,180,299,2024,2,1,6,4,Friday,0
2024-02-10,186,6228890.53,1523650.03,26.759301075268816,185,307,2024,2,1,6,5,Saturday,1
2024-02-11,190,6810302.149999999,1505005.4,26.125631578947367,189,312,2024,2,1,6,6,Sunday,1
2024-02-12,185,5502233.55,1216521.76,22.92962162162162,183,327,2024,2,1,7,0,Monday,0
2024-02-13,189,6565415.34,1603095.56,26.407777777777778,188,317,2024,2,1,7,1,Tuesday,0
2024-02-14,193,6049639.34,1385108.02,25.44663212435233,191,317,2024,2,1,7,2,Wednesday,0
2024-02-15,193,6796745.67,1520288.09,25.06943005181347,193,342,2024,2,1,7,3,Thursday,0
2024-02-16,173,5596497.1,1221076.19,22.4435838150289,173,283,2024,2,1,7,4,Friday,0
2024-02-17,205,6007618.76,1417648.71,26.230682926829267,204,338,2024,2,1,7,5,Saturday,1
2024-02-18,190,6564724.59,1459672.3699999999,24.778263157894735,189,331,2024,2,1,7,6,Sunday,1
2024-02-19,166,5170856.73,1092387.64,24.836506024096384,166,266,2024,2,1,8,0,Monday,0
2024-02-20,138,5146737.5,1027144.3,24.460507246376814,138,230,2024,2,1,8,1,Tuesday,0
2024-02-21,168,4257922.99,931992.2,26.83922619047619,168,270,2024,2,1,8,2,Wednesday,0
2024-02-22,186,6401440.62,1444743.19,26.363010752688176,185,308,2024,2,1,8,3,Thursday,0
2024-02-23,174,5608984.96,1380601.17,26.639597701149427,174,290,2024,2,1,8,4,Friday,0
2024-02-24,164,4881455.24,1196146.36,27.413719512195126,164,281,2024,2,1,8,5,Saturday,1
2024-02-25,174,7318453.66,1598668.73,24.748505747126437,173,293,2024,2,1,8,6,Sunday,1
2024-02-26,200,6954350.07,1680884.33,25.0835,198,343,2024,2,1,9,0,Monday,0
2024-02-27,183,6221123.76,1463033.82,25.623387978142077,181,307,2024,2,1,9,1,Tuesday,0
2024-02-28,192,6538154.17,1499050.79,26.869635416666668,190,324,2024,2,1,9,2,Wednesday,0
2024-02-29,180,6218340.92,1467188.1,25.51388888888889,179,305,2024,2,1,9,3,Thursday,0
2024-03-01,179,6245465.82,1463899.9,26.244189944134078,177,302,2024,3,1,9,4,Friday,0
2024-03-02,198,8244164.34,1840178.59,26.02808080808081,198,350,2024,3,1,9,5,Saturday,1
2024-03-03,172,6095658.71,1418750.43,25.20127906976744,172,293,2024,3,1,9,6,Sunday,1
2024-03-04,173,7437944.65,1703526.23,25.90034682080925,172,296,2024,3,1,10,0,Monday,0
2024-03-05,165,6602264.05,1489876.19,27.463696969696972,164,285,2024,3,1,10,1,Tuesday,0
2024-03-06,193,7844492.29,1539750.32,24.20046632124352,192,307,2024,3,1,10,2,Wednesday,0
2024-03-07,165,4608851.07,1119323.75,26.802181818181815,165,278,2024,3,1,10,3,Thursday,0
2024-03-08,158,5547242.93,1257078.81,24.50348101265823,158,282,2024,3,1,10,4,Friday,0
2024-03-09,184,6500248.7299999995,1459405.25,24.790054347826086,183,298,2024,3,1,10,5,Saturday,1
2024-03-10,164,5425391.9799999995,1318958.66,23.786951219512193,164,274,2024,3,1,10,6,Sunday,1
2024-03-11,196,5328403.9,1221443.31,25.391530612244896,196,336,2024,3,1,11,0,Monday,0
2024-03-12,160,5133619.73,1241789.13,27.6051875,159,275,2024,3,1,11,1,Tuesday,0
2024-03-13,189,5547179.46,1220208.19,24.72116402116402,186,314,2024,3,1,11,2,Wednesday,0
2024-03-14,186,8106572.15,1907852.23,26.03059139784946,186,316,2024,3,1,11,3,Thursday,0
2024-03-15,216,7988264.44,1668586.57,25.096851851851852,216,349,2024,3,1,11,4,Friday,0
2024-03-16,205,7509940.22,1579088.6199999999,25.107756097560976,202,314,2024,3,1,11,5,Saturday,1
2024-03-17,218,8101315.41,1806196.6,24.54866972477064,215,372,2024,3,1,11,6,Sunday,1
2024-03-18,194,5821601.07,1475400.79,25.072886597938147,194,330,2024,3,1,12,0,Monday,0
2024-03-19,201,7833764.84,1713503.05,24.93313432835821,200,336,2024,3,1,12,1,Tuesday,0
2024-03-20,163,4986695.86,1151865.9,25.432515337423315,163,280,2024,3,1,12,2,Wednesday,0
2024-03-21,188,6797336.84,1481955.2,25.19707446808511,187,334,2024,3,1,12,3,Thursday,0
2024-03-22,185,5185364.57,1159299.85,25.500216216216216,182,313,2024,3,1,12,4,Friday,0
2024-03-23,158,4475526.57,1000377.78,24.262721518987345,158,255,2024,3,1,12,5,Saturday,1
2024-03-24,171,5347681.61,1279626.61,25.78847953216374,171,285,2024,3,1,12,6,Sunday,1
2024-03-25,191,6593372.07,1473623.21,26.107801047120418,190,297,2024,3,1,13,0,Monday,0
2024-03-26,156,4816326.9,1126535.42,24.57076923076923,156,259,2024,3,1,13,1,Tuesday,0
2024-03-27,166,5697776.45,1278164.1,24.734277108433737,165,271,2024,3,1,13,2,Wednesday,0
2024-03-28,177,5745710.58,1278389.27,25.60485875706215,176,280,2024,3,1,13,3,Thursday,0
2024-03-29,179,6455473.32,1449827.86,26.284245810055868,178,298,2024,3,1,13,4,Friday,0
2024-03-30,189,6253267.57,1522219.16,25.972486772486775,189,311,2024,3,1,13,5,Saturday,1
2024-03-31,190,6147141.18,1356360.56,25.293684210526315,189,304,2024,3,1,13,6,Sunday,1
2024-04-01,190,6284965.85,1471546.61,23.938157894736843,190,310,2024,4,2,14,0,Monday,0
2024-04-02,196,6474751.87,1460609.08,24.192091836734694,195,336,2024,4,2,14,1,Tuesday,0
2024-04-03,174,7490130.69,1601601.07,25.022356321839084,174,287,2024,4,2,14,2,Wednesday,0
2024-04-04,192,8126022.1,1799870.69,23.874635416666667,192,332,2024,4,2,14,3,Thursday,0
2024-04-05,178,5811772.84,1212557.3,23.934382022471908,177,276,2024,4,2,14,4,Friday,0
2024-04-06,163,5135021.26,1273183.05,26.59588957055215,163,262,2024,4,2,14,5,Saturday,1
2024-04-07,189,7334794.34,1682318.21,24.876931216931215,189,340,2024,4,2,14,6,Sunday,1
2024-04-08,173,5597593.9,1304637.08,27.769190751445084,173,304,2024,4,2,15,0,Monday,0
2024-04-09,191,6840084.03,1524933.48,24.72680628272251,190,331,2024,4,2,15,1,Tuesday,0
2024-04-10,195,5969136.09,1315408.48,25.331076923076925,194,321,2024,4,2,15,2,Wednesday,0
2024-04-11,218,6606150.95,1409873.11,23.822568807339447,218,363,2024,4,2,15,3,Thursday,0
2024-04-12,185,5511009.15,1318681.5999999999,24.890270270270268,184,322,2024,4,2,15,4,Friday,0
2024-04-13,196,5371952.55,1246848.62,26.308316326530615,196,330,2024,4,2,15,5,Saturday,1
2024-04-14,188,5392308.61,1336565.1,26.160159574468082,188,309,2024,4,2,15,6,Sunday,1
2024-04-15,181,6654835.23,1546623.1199999999,24.612209944751385,181,315,2024,4,2,16,0,Monday,0
2024-04-16,169,5810658.3,1389501.07,25.54059171597633,168,298,2024,4,2,16,1,Tuesday,0
2024-04-17,175,4890604.81,1206842.09,27.476057142857144,174,297,2024,4,2,16,2,Wednesday,0
2024-04-18,186,7327660.48,1587761.74,24.564032258064515,186,310,2024,4,2,16,3,Thursday,0
2024-04-19,161,6702960.17,1467506.35,24.594285714285714,160,278,2024,4,2,16,4,Friday,0
2024-04-20,163,5615642.94,1251770.25,24.09276073619632,163,294,2024,4,2,16,5,Saturday,1
2024-04-21,204,6150516.87,1385859.55,25.26921568627451,203,351,2024,4,2,16,6,Sunday,1
2024-04-22,196,6328251.88,1448371.73,26.494744897959183,195,313,2024,4,2,17,0,Monday,0
2024-04-23,201,6165036.9,1321760.87,24.61671641791045,200,318,2024,4,2,17,1,Tuesday,0
2024-04-24,208,7013142.72,1628081.31,25.561298076923077,208,342,2024,4,2,17,2,Wednesday,0
2024-04-25,206,6378350.14,1445997.5,26.669708737864077,205,338,2024,4,2,17,3,Thursday,0
2024-04-26,158,6030403.04,1305951.24,23.34626582278481,157,265,2024,4,2,17,4,Friday,0
2024-04-27,185,4999728.01,1111880.26,25.439027027027027,184,298,2024,4,2,17,5,Saturday,1
2024-04-28,172,4925566.12,1179823.3699999999,27.559593023255815,169,301,2024,4,2,17,6,Sunday,1
2024-04-29,160,4630386.48,1109625.55,25.35,158,267,2024,4,2,18,0,Monday,0
2024-04-30,187,7410391.27,1688372.8900000001,25.668877005347593,187,293,2024,4,2,18,1,Tuesday,0
2024-05-01,217,6621215.17,1540829.53,24.925622119815667,216,362,2024,5,2,18,2,Wednesday,0
2024-05-02,175,4761091.93,1097552.54,24.197885714285714,174,276,2024,5,2,18,3,Thursday,0
2024-05-03,185,4150058.66,1002677.21,25.61843243243243,184,313,2024,5,2,18,4,Friday,0
2024-05-04,178,5102235.51,1197157.75,23.916460674157303,177,309,2024,5,2,18,5,Saturday,1
2024-05-05,160,4173638.75,1002408.57,25.532625,159,254,2024,5,2,18,6,Sunday,1
2024-05-06,180,3754298.36,970787.65,25.818055555555556,179,306,2024,5,2,19,0,Monday,0
2024-05-07,182,4565201.92,1097146.72,23.785494505494505,182,305,2024,5,2,19,1,Tuesday,0
2024-05-08,170,4652842.46,1139174.77,24.967411764705883,167,276,2024,5,2,19,2,Wednesday,0
2024-05-09,170,4363776.49,1043728.84,26.301823529411767,170,276,2024,5,2,19,3,Thursday,0
2024-05-10,175,5542182.89,1376202.22,26.285257142857144,174,309,2024,5,2,19,4,Friday,0
2024-05-11,207,4701944.72,1211614.73,23.937004830917875,207,348,2024,5,2,19,5,Saturday,1
2024-05-12,177,6125416.97,1493446.34,28.303559322033895,177,305,2024,5,2,19,6,Sunday,1
2024-05-13,171,7460976.88,1573937.67,23.484561403508774,171,284,2024,5,2,20,0,Monday,0
2024-05-14,196,4438982.37,1119769.48,25.920969387755104,195,320,2024,5,2,20,1,Tuesday,0
2024-05-15,160,4653555.850000001,1129906.8,25.401374999999998,160,285,2024,5,2,20,2,Wednesday,0
2024-05-16,185,6325638.55,1417657.93,24.049783783783784,182,318,2024,5,2,20,3,Thursday,0
2024-05-17,195,5863737.21,1352088.07,24.412153846153846,195,339,2024,5,2,20,4,Friday,0
2024-05-18,202,4194378.73,1030951.1,24.588019801980195,202,331,2024,5,2,20,5,Saturday,1
2024-05-19,203,3840274.39,915534.36,23.777980295566504,201,315,2024,5,2,20,6,Sunday,1
2024-05-20,182,5223363.06,1226517.1300000001,24.549175824175823,182,307,2024,5,2,21,0,Monday,0
2024-05-21,179,4662252.9,1092747.57,23.43463687150838,178,288,2024,5,2,21,1,Tuesday,0
2024-05-22,173,5067171.28,1162792.74,24.821040462427746,172,262,2024,5,2,21,2,Wednesday,0
2024-05-23,180,4937759.71,1199845.72,25.212388888888885,179,303,2024,5,2,21,3,Thursday,0
2024-05-24,191,5964137.29,1402125.31,24.866230366492147,190,326,2024,5,2,21,4,Friday,0
2024-05-25,182,6695931.16,1393549.15,23.712307692307693,182,303,2024,5,2,21,5,Saturday,1
2024-05-26,190,4723611.03,1113858.6,23.51763157894737,188,330,2024,5,2,21,6,Sunday,1
2024-05-27,195,6292966.16,1430810.09,25.307384615384613,194,326,2024,5,2,22,0,Monday,0
2024-05-28,211,6109234.63,1286408.75,24.67009478672986,211,362,2024,5,2,22,1,Tuesday,0
2024-05-29,179,6398571.47,1431945.14,25.645363128491624,178,306,2024,5,2,22,2,Wednesday,0
2024-05-30,176,5702744.58,1289750.85,22.99318181818182,176,305,2024,5,2,22,3,Thursday,0
2024-05-31,202,5720217.3100000005,1309870.73,23.947821782178217,200,345,2024,5,2,22,4,Friday,0
2024-06-01,186,7120447.84,1548951.61,24.84698924731183,185,309,2024,6,2,22,5,Saturday,1
2024-06-02,180,5864311.06,1350946.74,24.489555555555555,180,304,2024,6,2,22,6,Sunday,1
2024-06-03,169,5242316.69,1267733.9,26.024201183431952,169,293,2024,6,2,23,0,Monday,0
2024-06-04,165,5176918.44,1167845.16,24.2409696969697,164,288,2024,6,2,23,1,Tuesday,0
2024-06-05,173,5958155.27,1501939.75,25.47670520231214,172,289,2024,6,2,23,2,Wednesday,0
2024-06-06,206,6229834.2,1459093.6,24.410679611650487,206,370,2024,6,2,23,3,Thursday,0
2024-06-07,209,6552028.71,1476825.16,24.948325358851672,206,332,2024,6,2,23,4,Friday,0
2024-06-08,188,4562320.93,1107315.98,24.899521276595742,187,322,2024,6,2,23,5,Saturday,1
2024-06-09,170,4984897.44,1192214.24,24.643,170,299,2024,6,2,23,6,Sunday,1
2024-06-10,177,4728002.56,1253034.81,25.566666666666666,175,312,2024,6,2,24,0,Monday,0
2024-06-11,190,6540714.94,1398736.59,24.106894736842108,189,320,2024,6,2,24,1,Tuesday,0
2024-06-12,183,3628620.42,942400.21,24.895245901639345,183,308,2024,6,2,24,2,Wednesday,0
2024-06-13,173,5404768.08,1164981.65,23.357167630057802,172,287,2024,6,2,24,3,Thursday,0
2024-06-14,190,7623459.26,1769875.8699999999,24.23363157894737,190,330,2024,6,2,24,4,Friday,0
2024-06-15,179,5587472.88,1254232.65,24.578435754189943,178,298,2024,6,2,24,5,Saturday,1
2024-06-16,186,7655640.54,1718243.57,24.373440860215055,185,324,2024,6,2,24,6,Sunday,1
2024-06-17,181,5112088.87,1194154.64,26.497348066298343,180,309,2024,6,2,25,0,Monday,0
2024-06-18,177,4015943.43,998725.7,24.35960451977401,177,285,2024,6,2,25,1,Tuesday,0
2024-06-19,178,5090439.76,1299716.82,24.995280898876402,178,308,2024,6,2,25,2,Wednesday,0
2024-06-20,169,5029179.57,1151859.25,24.618816568047336,168,276,2024,6,2,25,3,Thursday,0
2024-06-21,163,5170293.97,1130460.87,24.868588957055213,163,280,2024,6,2,25,4,Friday,0
2024-06-22,194,6039325.81,1452332.27,24.722886597938142,194,345,2024,6,2,25,5,Saturday,1
2024-06-23,188,5386742.4,1319070.19,25.409840425531915,187,312,2024,6,2,25,6,Sunday,1
2024-06-24,188,7114450.18,1467127.11,23.756436170212766,184,321,2024,6,2,26,0,Monday,0
2024-06-25,178,5215602.13,1181354.17,24.08022471910112,178,289,2024,6,2,26,1,Tuesday,0
2024-06-26,191,5365168.95,1292902.81,23.964921465968587,191,329,2024,6,2,26,2,Wednesday,0
2024-06-27,186,5250412.5,1223973.24,24.996182795698925,184,300,2024,6,2,26,3,Thursday,0
2024-06-28,195,5797622.38,1339073.37,24.813999999999997,195,331,2024,6,2,26,4,Friday,0
2024-06-29,167,4071792.0500000003,1006007.76,24.7959880239521,166,272,2024,6,2,26,5,Saturday,1
2024-06-30,140,3313660.57,806432.65,23.428071428571428,140,242,2024,6,2,26,6,Sunday,1
2024-07-01,164,4777935.89,1147630.71,25.41926829268293,164,271,2024,7,3,27,0,Monday,0
2024-07-02,178,4451728.67,972283.36,25.04056179775281,178,301,2024,7,3,27,1,Tuesday,0
2024-07-03,167,3848945.91,996566.96,25.451556886227543,166,270,2024,7,3,27,2,Wednesday,0
2024-07-04,159,3912350.9899999998,920814.54,25.558553459119498,159,271,2024,7,3,27,3,Thursday,0
2024-07-05,187,5444100.91,1304648.18,24.986042780748665,187,318,2024,7,3,27,4,Friday,0
2024-07-06,162,5263002.45,1164563.29,24.06858024691358,161,274,2024,7,3,27,5,Saturday,1
2024-07-07,176,5856405.77,1297089.81,24.941704545454545,174,299,2024,7,3,27,6,Sunday,1
2024-07-08,183,6246253.74,1372868.59,23.300601092896176,183,301,2024,7,3,28,0,Monday,0
2024-07-09,185,4669969.6,1143039.66,25.896108108108105,184,319,2024,7,3,28,1,Tuesday,0
2024-07-10,199,7115857.51,1667478.1,25.472512562814067,199,330,2024,7,3,28,2,Wednesday,0
2024-07-11,180,4562260.9,1020249.65,24.149555555555555,180,288,2024,7,3,28,3,Thursday,0
2024-07-12,196,6616632.92,1478170.2,23.505561224489796,196,332,2024,7,3,28,4,Friday,0
2024-07-13,167,6063939.36,1407808.5,24.127125748502994,166,280,2024,7,3,28,5,Saturday,1
2024-07-14,185,5758676.0600000005,1402442.22,25.50291891891892,184,314,2024,7,3,28,6,Sunday,1
2024-07-15,159,4206002.9,1005998.98,25.247169811320756,159,254,2024,7,3,29,0,Monday,0
2024-07-16,172,5523205.29,1296775.71,25.369825581395347,172,271,2024,7,3,29,1,Tuesday,0
2024-07-17,196,6662006.55,1412312.21,23.063724489795916,195,328,2024,7,3,29,2,Wednesday,0
2024-07-18,183,5278761.47,1276088.76,25.49688524590164,182,305,2024,7,3,29,3,Thursday,0
2024-07-19,181,5436622.29,1184208.76,24.939447513812155,180,306,2024,7,3,29,4,Friday,0
2024-07-20,175,5371882.01,1295176.49,24.822457142857143,174,292,2024,7,3,29,5,Saturday,1
2024-07-21,177,5153060.88,1233473.84,23.331977401129944,176,307,2024,7,3,29,6,Sunday,1
2024-07-22,201,5476679.08,1290854.39,25.045124378109453,199,332,2024,7,3,30,0,Monday,0
2024-07-23,189,4880193.34,1134526.2,25.54767195767196,186,320,2024,7,3,30,1,Tuesday,0
2024-07-24,209,6423351.54,1500345.39,25.019425837320576,209,356,2024,7,3,30,2,Wednesday,0
2024-07-25,187,4058739.77,986603.75,25.831443850267377,187,304,2024,7,3,30,3,Thursday,0
2024-07-26,176,5000365.86,1176228.91,25.959318181818183,176,307,2024,7,3,30,4,Friday,0
2024-07-27,195,5326821.36,1206286.08,25.932205128205126,195,334,2024,7,3,30,5,Saturday,1
2024-07-28,172,5398783.98,1156428.8599999999,23.593720930232557,172,275,2024,7,3,30,6,Sunday,1
2024-07-29,186,5915656.17,1300566.94,24.758763440860214,186,316,2024,7,3,31,0,Monday,0
2024-07-30,156,4723354.99,1160753.03,26.58121794871795,155,264,2024,7,3,31,1,Tuesday,0
2024-07-31,192,4969091.74,1210904.69,24.829270833333336,191,320,2024,7,3,31,2,Wednesday,0
2024-08-01,163,4993152.61,1127825.33,25.754171779141107,163,267,2024,8,3,31,3,Thursday,0
2024-08-02,209,8114033.54,1850286.52,24.700861244019137,208,354,2024,8,3,31,4,Friday,0
2024-08-03,165,4063792.52,994108.14,25.852848484848487,163,278,2024,8,3,31,5,Saturday,1
2024-08-04,181,4876150.25,1093073.45,25.397182320441992,180,288,2024,8,3,31,6,Sunday,1
2024-08-05,189,5997420.18,1333136.21,24.44111111111111,188,330,2024,8,3,32,0,Monday,0
2024-08-06,222,5084203.2,1288850.53,24.81481981981982,221,340,2024,8,3,32,1,Tuesday,0
2024-08-07,174,6512005.2700000005,1389747.16,23.34655172413793,171,291,2024,8,3,32,2,Wednesday,0
2024-08-08,185,5242712.9,1266975.66,24.904162162162166,185,314,2024,8,3,32,3,Thursday,0
2024-08-09,178,4740852.8,1138418.36,23.851460674157305,177,319,2024,8,3,32,4,Friday,0
2024-08-10,174,4644708.93,1126291.17,25.577183908045978,173,315,2024,8,3,32,5,Saturday,1
2024-08-11,179,5243980.2299999995,1236405.02,24.53005586592179,179,306,2024,8,3,32,6,Sunday,1
2024-08-12,189,5629223.62,1357896.88,24.761746031746032,188,304,2024,8,3,33,0,Monday,0
2024-08-13,194,5629829.85,1243695.39,24.329381443298967,192,315,2024,8,3,33,1,Tuesday,0
2024-08-14,207,4508712.95,1069236.4,23.536038647342995,206,340,2024,8,3,33,2,Wednesday,0
2024-08-15,189,6450440.94,1497839.14,25.176137566137566,187,328,2024,8,3,33,3,Thursday,0
2024-08-16,183,5037707.24,1176668.54,24.418797814207654,181,316,2024,8,3,33,4,Friday,0
2024-08-17,203,5009973.99,1154094.42,24.951330049261085,202,353,2024,8,3,33,5,Saturday,1
2024-08-18,197,5866533.23,1358820.82,24.723807106598986,196,336,2024,8,3,33,6,Sunday,1
2024-08-19,188,5058219.96,1130635.79,24.809734042553195,186,327,2024,8,3,34,0,Monday,0
2024-08-20,174,5516430.29,1331521.27,24.918333333333333,172,299,2024,8,3,34,1,Tuesday,0
2024-08-21,178,4894701.4,1100838.96,24.310168539325844,176,301,2024,8,3,34,2,Wednesday,0
2024-08-22,193,5045094.48,1119118.69,23.15264248704663,193,296,2024,8,3,34,3,Thursday,0
2024-08-23,181,6191291.6,1419053.98,24.36171270718232,180,299,2024,8,3,34,4,Friday,0
2024-08-24,167,3585422.16,909867.63,25.932694610778444,167,279,2024,8,3,34,5,Saturday,1
2024-08-25,202,5638233.89,1378146.17,24.079158415841583,202,342,2024,8,3,34,6,Sunday,1
2024-08-26,187,7667915.7,1902606.19,26.983262032085563,185,344,2024,8,3,35,0,Monday,0
2024-08-27,195,5207562.84,1235569.3,25.057230769230767,192,326,2024,8,3,35,1,Tuesday,0
2024-08-28,210,6673841.55,1440448.73,26.466857142857144,208,359,2024,8,3,35,2,Wednesday,0
2024-08-29,182,4510095.4,1051413.99,24.681098901098903,182,303,2024,8,3,35,3,Thursday,0
2024-08-30,153,4421826.47,1057696.87,23.146209150326797,152,237,2024,8,3,35,4,Friday,0
2024-08-31,185,4967357.46,1319763.52,24.93702702702703,184,321,2024,8,3,35,5,Saturday,1
2024-09-01,174,4965449.45,1163374.05,25.27419540229885,173,282,2024,9,3,35,6,Sunday,1
2024-09-02,172,7125596.93,1639218.97,24.71790697674419,171,298,2024,9,3,36,0,Monday,0
2024-09-03,172,5268385.75,1284069.16,25.336104651162792,172,300,2024,9,3,36,1,Tuesday,0
2024-09-04,188,5906711.46,1252533.74,24.55845744680851,188,319,2024,9,3,36,2,Wednesday,0
2024-09-05,169,5956814.88,1331768.65,24.916568047337275,169,278,2024,9,3,36,3,Thursday,0
2024-09-06,167,5669949.22,1219623.74,25.001676646706585,164,277,2024,9,3,36,4,Friday,0
2024-09-07,190,6422208.77,1443206.76,26.717210526315785,188,339,2024,9,3,36,5,Saturday,1
2024-09-08,189,6576990.04,1338169.02,23.65984126984127,187,310,2024,9,3,36,6,Sunday,1
2024-09-09,191,5829839.78,1405453.1300000001,27.562356020942406,191,307,2024,9,3,37,0,Monday,0
2024-09-10,162,6381564.24,1454160.43,25.183456790123454,161,287,2024,9,3,37,1,Tuesday,0
2024-09-11,199,6683979.99,1570929.26,26.46753768844221,199,337,2024,9,3,37,2,Wednesday,0
2024-09-12,192,8224469.41,1880224.46,25.593229166666664,192,321,2024,9,3,37,3,Thursday,0
2024-09-13,165,9390510.72,2065525.7,23.409939393939393,164,277,2024,9,3,37,4,Friday,0
2024-09-14,179,8261758.31,1773196.33,26.130335195530726,177,301,2024,9,3,37,5,Saturday,1
2024-09-15,172,5028705.06,1141327.33,23.42924418604651,172,288,2024,9,3,37,6,Sunday,1
2024-09-16,180,7088959.84,1567195.17,24.71438888888889,180,306,2024,9,3,38,0,Monday,0
2024-09-17,179,6709097.61,1528813.84,26.154357541899444,178,298,2024,9,3,38,1,Tuesday,0
2024-09-18,206,6299696.11,1447465.08,25.83354368932039,204,343,2024,9,3,38,2,Wednesday,0
2024-09-19,183,7084799.82,1448627.01,24.760655737704916,183,302,2024,9,3,38,3,Thursday,0
2024-09-20,185,6096260.31,1447683.28,27.264054054054057,185,328,2024,9,3,38,4,Friday,0
2024-09-21,184,6719229.2,1559028.98,26.474021739130436,184,315,2024,9,3,38,5,Saturday,1
2024-09-22,186,6853844.59,1594771.93,25.981290322580648,186,308,2024,9,3,38,6,Sunday,1
2024-09-23,187,6386598.58,1314678.99,25.691283422459897,187,319,2024,9,3,39,0,Monday,0
2024-09-24,196,6081542.61,1526462.25,26.882244897959183,196,316,2024,9,3,39,1,Tuesday,0
2024-09-25,172,5765851.2,1331499.12,26.25825581395349,171,279,2024,9,3,39,2,Wednesday,0
2024-09-26,190,5192219.88,1288042.66,26.32821052631579,188,326,2024,9,3,39,3,Thursday,0
2024-09-27,174,5769146.7,1411007.31,26.061954022988505,171,291,2024,9,3,39,4,Friday,0
2024-09-28,175,7027428.46,1603805.26,25.851771428571432,175,288,2024,9,3,39,5,Saturday,1
2024-09-29,175,5321123.45,1237823.75,24.431028571428573,175,306,2024,9,3,39,6,Sunday,1
2024-09-30,180,3677143.98,817553.6900000001,23.176222222222222,179,295,2024,9,3,40,0,Monday,0
2024-10-01,161,6633176.32,1180950.44,22.06832298136646,161,264,2024,10,4,40,1,Tuesday,0
2024-10-02,188,7935802.37,1370454.01,24.872872340425534,188,303,2024,10,4,40,2,Wednesday,0
2024-10-03,193,9856298.51,1456941.38,19.958290155440412,193,346,2024,10,4,40,3,Thursday,0
2024-10-04,181,7053523.12,1410136.71,24.3171270718232,180,305,2024,10,4,40,4,Friday,0
2024-10-05,159,7572134.65,1445076.37,23.919119496855345,158,283,2024,10,4,40,5,Saturday,1
2024-10-06,168,8299753.28,1408002.07,22.062857142857144,168,282,2024,10,4,40,6,Sunday,1
2024-10-07,189,8154634.45,1559257.08,22.459576719576717,189,317,2024,10,4,41,0,Monday,0
2024-10-08,196,9489736.53,1677507.35,22.63612244897959,195,334,2024,10,4,41,1,Tuesday,0
2024-10-09,162,6509100.27,1108411.74,22.953641975308642,161,270,2024,10,4,41,2,Wednesday,0
2024-10-10,177,7033982.59,1264347.73,23.014632768361583,176,291,2024,10,4,41,3,Thursday,0
2024-10-11,192,8634807.31,1508690.85,24.115624999999998,192,324,2024,10,4,41,4,Friday,0
2024-10-12,178,7766915.61,1281022.29,21.9161797752809,176,299,2024,10,4,41,5,Saturday,1
2024-10-13,177,10939458.49,1737172.97,23.718813559322037,176,316,2024,10,4,41,6,Sunday,1
2024-10-14,198,10232524.43,1684873.84,23.448585858585858,194,320,2024,10,4,42,0,Monday,0
2024-10-15,187,9940282.84,1743388.03,24.274545454545457,186,322,2024,10,4,42,1,Tuesday,0
2024-10-16,175,7234835.83,1222197.2,22.834114285714286,175,295,2024,10,4,42,2,Wednesday,0
2024-10-17,190,7830037.7299999995,1422482.58,24.28705263157895,190,319,2024,10,4,42,3,Thursday,0
2024-10-18,187,9593357.78,1793428.61,22.895454545454545,186,324,2024,10,4,42,4,Friday,0
2024-10-19,188,6677658.83,1179719.38,25.17101063829787,187,314,2024,10,4,42,5,Saturday,1
2024-10-20,195,8748402.83,1683802.99,23.765897435897436,193,325,2024,10,4,42,6,Sunday,1
2024-10-21,183,8960918.14,1558831.39,23.158907103825136,182,322,2024,10,4,43,0,Monday,0
2024-10-22,182,7620857.42,1089727.21,23.009505494505493,181,301,2024,10,4,43,1,Tuesday,0
2024-10-23,167,9029534.08,1666436.39,23.300718562874252,166,280,2024,10,4,43,2,Wednesday,0
2024-10-24,185,7522354.05,1411534.3699999999,23.524216216216214,185,302,2024,10,4,43,3,Thursday,0
2024-10-25,186,6443229.02,1188359.26,23.196666666666665,185,300,2024,10,4,43,4,Friday,0
2024-10-26,195,10338212.06,1824064.26,21.918615384615386,194,342,2024,10,4,43,5,Saturday,1
2024-10-27,165,6599147.86,1277445.52,24.55230303030303,164,259,2024,10,4,43,6,Sunday,1
2024-10-28,195,9953581.87,1701418.09,22.56507692307692,195,335,2024,10,4,44,0,Monday,0
2024-10-29,174,6608818.72,1259665.9,23.45293103448276,173,290,2024,10,4,44,1,Tuesday,0
2024-10-30,183,7999458.55,1463940.53,24.904207650273225,183,308,2024,10,4,44,2,Wednesday,0
2024-10-31,202,10682310.47,1982899.49,22.009653465346535,202,369,2024,10,4,44,3,Thursday,0
2024-11-01,187,8494927.35,1404338.91,22.782834224598933,184,287,2024,11,4,44,4,Friday,0
2024-11-02,173,7195286.32,1360044.06,24.87121387283237,173,295,2024,11,4,44,5,Saturday,1
2024-11-03,191,8830798.67,1510449.8,23.531256544502618,191,329,2024,11,4,44,6,Sunday,1
2024-11-04,166,7703486.26,1299700.43,22.025000000000002,165,284,2024,11,4,45,0,Monday,0
2024-11-05,198,8047367.86,1464439.04,23.053131313131317,197,336,2024,11,4,45,1,Tuesday,0
2024-11-06,165,8363194.54,1336309.86,22.668848484848485,165,286,2024,11,4,45,2,Wednesday,0
2024-11-07,172,5832993.42,1134088.73,25.000988372093023,171,296,2024,11,4,45,3,Thursday,0
2024-11-08,187,7933687.64,1310850.9000000001,23.04775401069519,187,314,2024,11,4,45,4,Friday,0
2024-11-09,188,7723306.3,1481411.38,23.829787234042552,187,322,2024,11,4,45,5,Saturday,1
2024-11-10,213,10358779.66,1702526.54,22.174037558685445,211,375,2024,11,4,45,6,Sunday,1
2024-11-11,176,9058191.5,1710916.27,24.09653409090909,175,292,2024,11,4,46,0,Monday,0
2024-11-12,185,8207505.96,1388877.32,21.84681081081081,183,322,2024,11,4,46,1,Tuesday,0
2024-11-13,197,8320795.29,1558037.84,25.086903553299493,196,329,2024,11,4,46,2,Wednesday,0
2024-11-14,187,6575093.05,1102102.83,24.32770053475936,186,308,2024,11,4,46,3,Thursday,0
2024-11-15,185,9742129.53,1805308.53,24.899675675675674,185,315,2024,11,4,46,4,Friday,0
2024-11-16,163,7466091.61,1295293.12,24.06153374233129,162,281,2024,11,4,46,5,Saturday,1
2024-11-17,166,7220310.2700000005,1297620.47,24.78680722891566,166,286,2024,11,4,46,6,Sunday,1
2024-11-18,209,10184236.73,1725416.84,23.590574162679427,203,359,2024,11,4,47,0,Monday,0
2024-11-19,193,7191812.61,1264415.9,24.222746113989636,193,320,2024,11,4,47,1,Tuesday,0
2024-11-20,191,8465216.04,1520862.01,24.044607329842933,190,330,2024,11,4,47,2,Wednesday,0
2024-11-21,196,8838428.12,1670572.28,23.28683673469388,195,330,2024,11,4,47,3,Thursday,0
2024-11-22,169,7923617.5200000005,1408753.39,24.19976331360947,167,299,2024,11,4,47,4,Friday,0
2024-11-23,153,6342086.76,1282893.01,25.067254901960784,153,270,2024,11,4,47,5,Saturday,1
2024-11-24,180,8216970.11,1275052.43,22.080111111111112,180,311,2024,11,4,47,6,Sunday,1
2024-11-25,140,6110738.2,1141038.36,22.761857142857142,140,228,2024,11,4,48,0,Monday,0
2024-11-26,197,9127676.12,1789857.8,24.278984771573604,197,337,2024,11,4,48,1,Tuesday,0
2024-11-27,199,8841758.74,1546758.3,23.345427135678392,199,326,2024,11,4,48,2,Wednesday,0
2024-11-28,200,8473335.63,1437322.97,24.5647,198,329,2024,11,4,48,3,Thursday,0
2024-11-29,185,8333889.71,1477566.79,22.098054054054053,185,305,2024,11,4,48,4,Friday,0
2024-11-30,171,6644739.7,1139978.63,21.73076023391813,171,276,2024,11,4,48,5,Saturday,1
2024-12-01,168,6994401.03,1156245.53,22.549404761904764,168,283,2024,12,4,48,6,Sunday,1
2024-12-02,206,6814198.83,1262103.32,23.92995145631068,205,328,2024,12,4,49,0,Monday,0
2024-12-03,181,6715576.71,1175732.42,22.583591160220994,181,298,2024,12,4,49,1,Tuesday,0
2024-12-04,188,7650052.33,1238505.02,21.487287234042554,188,323,2024,12,4,49,2,Wednesday,0
2024-12-05,191,9272654.709999999,1591583.46,23.197801047120418,191,306,2024,12,4,49,3,Thursday,0
2024-12-06,182,8228500.9799999995,1349571.41,23.05164835164835,182,310,2024,12,4,49,4,Friday,0
2024-12-07,166,6387149.75,1223452.37,24.75168674698795,165,276,2024,12,4,49,5,Saturday,1
2024-12-08,196,8309747.16,1513163.14,24.99566326530612,195,346,2024,12,4,49,6,Sunday,1
2024-12-09,168,8080207.46,1496732.7,26.136488095238096,166,284,2024,12,4,50,0,Monday,0
2024-12-10,169,8815618.77,1565661.67,23.87189349112426,169,280,2024,12,4,50,1,Tuesday,0
2024-12-11,170,8110785.25,1381083.04,22.01070588235294,169,284,2024,12,4,50,2,Wednesday,0
2024-12-12,166,7625431.92,1140792.68,22.6594578313253,164,278,2024,12,4,50,3,Thursday,0
2024-12-13,176,8244652.6,1367955.11,23.540170454545454,175,303,2024,12,4,50,4,Friday,0
2024-12-14,184,6684108.39,1195858.31,25.25516304347826,183,317,2024,12,4,50,5,Saturday,1
2024-12-15,169,6558897.5600000005,1285303.9,26.74585798816568,169,297,2024,12,4,50,6,Sunday,1
2024-12-16,181,7130028.24,1341422.64,23.332541436464087,181,295,2024,12,4,51,0,Monday,0
2024-12-17,170,6743256.32,1276902.8800000001,24.212058823529414,170,262,2024,12,4,51,1,Tuesday,0
2024-12-18,168,7656440.39,1427434.13,21.25375,166,274,2024,12,4,51,2,Wednesday,0
2024-12-19,181,7912356.83,1499183.95,23.572375690607736,181,291,2024,12,4,51,3,Thursday,0
2024-12-20,181,9804597.99,1542437.41,23.048618784530387,180,307,2024,12,4,51,4,Friday,0
2024-12-21,194,8298766.35,1545475.31,23.70520618556701,194,334,2024,12,4,51,5,Saturday,1
2024-12-22,163,7702524.4,1382939.66,22.84638036809816,162,287,2024,12,4,51,6,Sunday,1
2024-12-23,212,10988092.4,1875533.3599999999,22.213301886792454,206,342,2024,12,4,52,0,Monday,0
2024-12-24,177,6679661.14,1219275.59,23.990395480225988,176,310,2024,12,4,52,1,Tuesday,0
2024-12-25,187,6770563.24,1171111.51,23.556042780748665,185,319,2024,12,4,52,2,Wednesday,0
2024-12-26,174,8200567.16,1369014.77,22.74867816091954,173,290,2024,12,4,52,3,Thursday,0
2024-12-27,197,6665054.58,1316759.66,25.069441624365485,197,336,2024,12,4,52,4,Friday,0
2024-12-28,187,8846697.17,1701490.7,23.30235294117647,187,297,2024,12,4,52,5,Saturday,1
2024-12-29,202,9739839.03,1638456.54,23.108118811881187,201,346,2024,12,4,52,6,Sunday,1
2024-12-30,179,7516262.76,1295820.39,22.851787709497206,179,303,2024,12,4,1,0,Monday,0
2024-12-31,181,7809428.69,1279559.28,23.05845303867403,180,308,2024,12,4,1,1,Tuesday,0
2025-01-01,160,6087284.9399999995,1352731.52,24.568625,156,268,2025,1,1,1,2,Wednesday,0
2025-01-02,205,8050548.09,1731846.87,25.679268292682927,205,336,2025,1,1,1,3,Thursday,0
2025-01-03,172,6506075.36,1531402.39,25.967093023255813,171,294,2025,1,1,1,4,Friday,0
2025-01-04,177,6966900.89,1514096.58,24.84463276836158,177,300,2025,1,1,1,5,Saturday,1
2025-01-05,160,4721733.0,998615.66,23.548750000000002,160,254,2025,1,1,1,6,Sunday,1
2025-01-06,178,5022864.69,1148852.09,24.41387640449438,176,289,2025,1,1,2,0,Monday,0
2025-01-07,188,7761539.85,1725087.0,23.819521276595744,188,325,2025,1,1,2,1,Tuesday,0
2025-01-08,189,6767993.7,1490988.06,23.937989417989417,188,307,2025,1,1,2,2,Wednesday,0
2025-01-09,166,5317517.96,1309247.31,26.997409638554217,166,278,2025,1,1,2,3,Thursday,0
2025-01-10,171,6046997.65,1475695.08,26.42438596491228,170,293,2025,1,1,2,4,Friday,0
2025-01-11,161,6299689.66,1456007.98,25.197577639751554,160,294,2025,1,1,2,5,Saturday,1
2025-01-12,185,8112678.68,1878309.09,25.370864864864863,184,331,2025,1,1,2,6,Sunday,1
2025-01-13,192,6120178.01,1340272.09,25.785677083333336,192,336,2025,1,1,3,0,Monday,0
2025-01-14,188,6957334.75,1594860.6099999999,24.290744680851063,187,325,2025,1,1,3,1,Tuesday,0
2025-01-15,172,4880386.81,1106870.83,24.433372093023255,171,285,2025,1,1,3,2,Wednesday,0
2025-01-16,202,5547051.45,1376185.68,24.532920792079207,201,327,2025,1,1,3,3,Thursday,0
2025-01-17,205,6468575.1,1412516.36,23.895658536585366,205,335,2025,1,1,3,4,Friday,0
2025-01-18,193,6330122.14,1417396.12,24.914300518134716,191,322,2025,1,1,3,5,Saturday,1
2025-01-19,191,6406048.75,1483258.48,26.515287958115184,188,317,2025,1,1,3,6,Sunday,1
2025-01-20,158,5448217.96,1362406.26,27.110632911392404,158,275,2025,1,1,4,0,Monday,0
2025-01-21,170,5172779.47,1213119.83,24.737470588235293,170,273,2025,1,1,4,1,Tuesday,0
2025-01-22,179,5444252.46,1133101.49,24.014301675977656,179,283,2025,1,1,4,2,Wednesday,0
2025-01-23,197,7125319.88,1626290.07,24.188172588832487,196,343,2025,1,1,4,3,Thursday,0
2025-01-24,177,6479464.0600000005,1467272.91,26.609491525423728,177,314,2025,1,1,4,4,Friday,0
2025-01-25,178,7140348.38,1560805.42,25.226629213483147,177,295,2025,1,1,4,5,Saturday,1
2025-01-26,198,6633416.14,1592294.7,26.561767676767676,198,338,2025,1,1,4,6,Sunday,1
2025-01-27,175,6356631.42,1443668.09,25.593885714285715,175,293,2025,1,1,5,0,Monday,0
2025-01-28,188,6363239.34,1434529.2,24.78436170212766,188,318,2025,1,1,5,1,Tuesday,0
2025-01-29,186,6850306.89,1483606.59,25.000322580645165,184,326,2025,1,1,5,2,Wednesday,0
2025-01-30,162,6297366.36,1360379.65,26.40253086419753,162,270,2025,1,1,5,3,Thursday,0
2025-01-31,184,4261340.41,1065559.44,26.179891304347827,184,291,2025,1,1,5,4,Friday,0
2025-02-01,181,6400179.75,1466801.3900000001,25.25232044198895,181,305,2025,2,1,5,5,Saturday,1
2025-02-02,196,5231450.47,1182786.38,26.04438775510204,196,325,2025,2,1,5,6,Sunday,1
2025-02-03,171,4808816.7,1134180.81,24.946140350877194,169,298,2025,2,1,6,0,Monday,0
2025-02-04,171,5513667.75,1299783.19,26.439883040935673,171,288,2025,2,1,6,1,Tuesday,0
2025-02-05,162,6198559.58,1208438.08,23.982777777777777,160,280,2025,2,1,6,2,Wednesday,0
2025-02-06,187,5711977.66,1367648.31,26.92229946524064,184,315,2025,2,1,6,3,Thursday,0
2025-02-07,195,6872592.54,1565892.07,26.458000000000002,195,328,2025,2,1,6,4,Friday,0
2025-02-08,198,7596373.36,1737236.56,25.161111111111108,197,333,2025,2,1,6,5,Saturday,1
2025-02-09,180,4992049.56,1204770.93,25.99277777777778,179,336,2025,2,1,6,6,Sunday,1
2025-02-10,185,6258926.8,1371887.72,23.47772972972973,184,313,2025,2,1,7,0,Monday,0
2025-02-11,172,5513172.1,1267559.55,25.97616279069767,172,285,2025,2,1,7,1,Tuesday,0
2025-02-12,189,6524151.94,1471838.65,25.2915873015873,189,324,2025,2,1,7,2,Wednesday,0
2025-02-13,186,5390186.69,1158276.74,24.701129032258063,185,306,2025,2,1,7,3,Thursday,0
2025-02-14,178,4904367.71,1214784.72,24.148651685393258,177,287,2025,2,1,7,4,Friday,0
2025-02-15,177,6267778.59,1497058.64,25.412598870056495,176,290,2025,2,1,7,5,Saturday,1
2025-02-16,196,7325882.83,1650579.5899999999,26.19219387755102,194,325,2025,2,1,7,6,Sunday,1
2025-02-17,180,6126804.23,1437804.49,25.712555555555557,179,291,2025,2,1,8,0,Monday,0
2025-02-18,171,6885538.46,1516123.19,25.36842105263158,171,306,2025,2,1,8,1,Tuesday,0
2025-02-19,175,6207713.63,1476346.31,26.838057142857142,175,307,2025,2,1,8,2,Wednesday,0
2025-02-20,169,4890073.25,1071939.57,25.556331360946746,169,283,2025,2,1,8,3,Thursday,0
2025-02-21,184,5473712.25,1313405.97,25.024239130434783,184,323,2025,2,1,8,4,Friday,0
2025-02-22,176,5620459.05,1419604.15,26.14034090909091,175,294,2025,2,1,8,5,Saturday,1
2025-02-23,203,6136077.07,1488305.93,25.812857142857144,201,341,2025,2,1,8,6,Sunday,1
2025-02-24,169,4435934.29,1045940.48,25.622366863905327,168,279,2025,2,1,9,0,Monday,0
2025-02-25,175,5662183.1899999995,1259288.78,27.579542857142858,174,271,2025,2,1,9,1,Tuesday,0
2025-02-26,188,6886851.45,1486124.84,25.22590425531915,188,339,2025,2,1,9,2,Wednesday,0
2025-02-27,173,5633979.93,1234193.24,24.258034682080925,173,295,2025,2,1,9,3,Thursday,0
2025-02-28,189,5629747.28,1306339.39,25.48507936507937,187,309,2025,2,1,9,4,Friday,0
2025-03-01,165,5368123.7299999995,1187870.47,25.0629696969697,165,278,2025,3,1,9,5,Saturday,1
2025-03-02,166,6631400.25,1458436.38,24.758975903614456,166,273,2025,3,1,9,6,Sunday,1
2025-03-03,170,6502467.76,1462851.26,25.016000000000002,168,286,2025,3,1,10,0,Monday,0
2025-03-04,182,4460046.91,1052202.15,25.769560439560443,181,319,2025,3,1,10,1,Tuesday,0
2025-03-05,179,6865096.11,1405547.05,24.00877094972067,179,295,2025,3,1,10,2,Wednesday,0
2025-03-06,207,7449255.94,1750791.1,25.88425120772947,207,331,2025,3,1,10,3,Thursday,0
2025-03-07,184,8556123.07,1831101.4,25.25842391304348,184,319,2025,3,1,10,4,Friday,0
2025-03-08,210,9573248.4,2182762.34,25.618285714285715,209,359,2025,3,1,10,5,Saturday,1
2025-03-09,193,5807966.67,1302419.78,25.835544041450778,192,332,2025,3,1,10,6,Sunday,1
2025-03-10,190,6456546.57,1405231.1099999999,25.97094736842105,189,322,2025,3,1,11,0,Monday,0
2025-03-11,161,6350987.2299999995,1396153.78,24.350683229813665,161,269,2025,3,1,11,1,Tuesday,0
2025-03-12,171,6919769.91,1497358.6199999999,25.482280701754387,171,288,2025,3,1,11,2,Wednesday,0
2025-03-13,190,7616175.06,1859611.01,25.736736842105262,189,328,2025,3,1,11,3,Thursday,0
2025-03-14,180,5762527.29,1254109.54,23.85727777777778,179,288,2025,3,1,11,4,Friday,0
2025-03-15,176,6010404.5200000005,1342390.88,23.275568181818183,176,284,2025,3,1,11,5,Saturday,1
2025-03-16,162,4921835.99,1096065.36,25.167407407407406,162,271,2025,3,1,11,6,Sunday,1
2025-03-17,176,5613629.33,1348740.23,25.80090909090909,175,293,2025,3,1,12,0,Monday,0
2025-03-18,192,6659013.83,1430990.5,24.65296875,191,313,2025,3,1,12,1,Tuesday,0
2025-03-19,178,6801490.91,1557800.88,25.862808988764044,177,303,2025,3,1,12,2,Wednesday,0
2025-03-20,196,6851981.87,1537305.59,24.978316326530614,192,336,2025,3,1,12,3,Thursday,0
2025-03-21,185,8232340.61,1825030.54,25.527459459459457,185,307,2025,3,1,12,4,Friday,0
2025-03-22,184,6362276.4399999995,1316474.45,25.04391304347826,184,287,2025,3,1,12,5,Saturday,1
2025-03-23,184,5960746.6899999995,1365793.45,25.835054347826084,183,295,2025,3,1,12,6,Sunday,1
2025-03-24,174,4956188.3,1130048.17,25.663448275862066,174,278,2025,3,1,13,0,Monday,0
2025-03-25,188,6127858.8,1382126.97,25.407712765957445,186,318,2025,3,1,13,1,Tuesday,0
2025-03-26,177,6463506.91,1494861.05,24.05361581920904,176,307,2025,3,1,13,2,Wednesday,0
2025-03-27,196,7231006.14,1641883.93,24.710255102040815,196,327,2025,3,1,13,3,Thursday,0
2025-03-28,152,4419810.93,1047043.19,26.115526315789474,152,252,2025,3,1,13,4,Friday,0
2025-03-29,194,6981377.87,1695267.0,27.074742268041238,193,330,2025,3,1,13,5,Saturday,1
2025-03-30,171,7252157.8,1516341.75,24.916374269005846,170,284,2025,3,1,13,6,Sunday,1
2025-03-31,207,6568399.25,1461147.69,25.67874396135266,206,350,2025,3,1,14,0,Monday,0
2025-04-01,191,7091486.4,1630935.06,26.58712041884817,189,320,2025,4,2,14,1,Tuesday,0
2025-04-02,165,6077930.03,1344776.98,25.794424242424242,165,261,2025,4,2,14,2,Wednesday,0
2025-04-03,189,7714347.21,1597160.76,24.91915343915344,188,329,2025,4,2,14,3,Thursday,0
2025-04-04,183,7257106.0600000005,1716959.66,25.379180327868855,182,296,2025,4,2,14,4,Friday,0
2025-04-05,157,6995119.59,1614046.92,26.513184713375793,156,259,2025,4,2,14,5,Saturday,1
2025-04-06,185,7246373.36,1564871.86,25.003297297297294,185,317,2025,4,2,14,6,Sunday,1
2025-04-07,191,4677806.43,1139740.33,25.376701570680627,190,314,2025,4,2,15,0,Monday,0
2025-04-08,182,6362167.43,1352235.72,25.05159340659341,181,291,2025,4,2,15,1,Tuesday,0
2025-04-09,189,7107914.34,1598201.48,24.734656084656088,189,332,2025,4,2,15,2,Wednesday,0
2025-04-10,203,6123284.63,1410612.85,25.157142857142855,203,338,2025,4,2,15,3,Thursday,0
2025-04-11,192,5887758.3100000005,1395899.68,25.463541666666668,191,337,2025,4,2,15,4,Friday,0
2025-04-12,188,7361663.3100000005,1580579.43,24.06042553191489,188,310,2025,4,2,15,5,Saturday,1
2025-04-13,180,6456482.12,1515101.17,25.53972222222222,180,309,2025,4,2,15,6,Sunday,1
2025-04-14,186,6172271.42,1369110.53,27.121397849462365,185,321,2025,4,2,16,0,Monday,0
2025-04-15,188,6850034.11,1392844.74,26.5581914893617,188,331,2025,4,2,16,1,Tuesday,0
2025-04-16,190,6237759.86,1492933.31,26.648263157894736,189,337,2025,4,2,16,2,Wednesday,0
2025-04-17,175,6458830.99,1395322.64,26.4664,174,289,2025,4,2,16,3,Thursday,0
2025-04-18,211,7621840.18,1638869.56,25.151090047393364,211,358,2025,4,2,16,4,Friday,0
2025-04-19,186,6849333.3,1448546.47,25.345537634408604,184,309,2025,4,2,16,5,Saturday,1
2025-04-20,205,5644326.82,1192673.26,24.31268292682927,204,330,2025,4,2,16,6,Sunday,1
2025-04-21,176,8384733.54,1859226.27,24.93409090909091,176,302,2025,4,2,17,0,Monday,0
2025-04-22,181,5813246.96,1326212.6199999999,25.954696132596688,180,311,2025,4,2,17,1,Tuesday,0
2025-04-23,190,6238834.2299999995,1429780.37,23.607315789473684,190,331,2025,4,2,17,2,Wednesday,0
2025-04-24,176,5254338.81,1281118.78,26.916193181818183,175,289,2025,4,2,17,3,Thursday,0
2025-04-25,205,7383084.79,1577233.64,25.48590243902439,204,333,2025,4,2,17,4,Friday,0
2025-04-26,207,8437353.15,1885117.36,25.229661835748793,206,363,2025,4,2,17,5,Saturday,1
2025-04-27,201,8436997.99,1953403.57,25.977412935323382,201,332,2025,4,2,17,6,Sunday,1
2025-04-28,164,6168061.14,1305443.7,24.646341463414632,163,274,2025,4,2,18,0,Monday,0
2025-04-29,172,6698659.95,1510167.13,25.52593023255814,171,283,2025,4,2,18,1,Tuesday,0
2025-04-30,183,6097953.19,1420371.26,25.064699453551913,182,299,2025,4,2,18,2,Wednesday,0
2025-05-01,207,7318220.2299999995,1467768.45,23.844830917874397,207,361,2025,5,2,18,3,Thursday,0
2025-05-02,177,4274415.7,1026363.6,25.538474576271188,176,294,2025,5,2,18,4,Friday,0
2025-05-03,171,4815154.34,1163540.78,24.115146198830406,169,288,2025,5,2,18,5,Saturday,1
2025-05-04,186,6931629.69,1570703.09,24.256827956989248,186,326,2025,5,2,18,6,Sunday,1
2025-05-05,187,5079323.83,1213125.93,24.25513368983957,186,298,2025,5,2,19,0,Monday,0
2025-05-06,185,4657505.07,1073005.79,24.948162162162163,184,311,2025,5,2,19,1,Tuesday,0
2025-05-07,170,5157817.47,1081632.67,23.03735294117647,167,295,2025,5,2,19,2,Wednesday,0
2025-05-08,192,5401391.5600000005,1238883.49,24.330624999999998,191,316,2025,5,2,19,3,Thursday,0
2025-05-09,185,7729987.18,1651960.28,24.46189189189189,184,317,2025,5,2,19,4,Friday,0
2025-05-10,165,4955367.7,1238582.07,26.13460606060606,164,275,2025,5,2,19,5,Saturday,1
2025-05-11,205,4238579.41,1022303.93,25.025512195121948,204,363,2025,5,2,19,6,Sunday,1
2025-05-12,172,5500339.15,1282122.83,25.438837209302324,172,294,2025,5,2,20,0,Monday,0
2025-05-13,204,6016981.4,1411503.52,25.428333333333335,203,329,2025,5,2,20,1,Tuesday,0
2025-05-14,177,4975782.12,1036214.89,23.97423728813559,176,275,2025,5,2,20,2,Wednesday,0
2025-05-15,199,5519944.83,1341678.44,24.916633165829143,198,338,2025,5,2,20,3,Thursday,0
2025-05-16,144,4293315.14,1003183.99,24.306597222222223,144,247,2025,5,2,20,4,Friday,0
2025-05-17,178,4758274.55,1070900.85,24.361797752808986,178,300,2025,5,2,20,5,Saturday,1
2025-05-18,192,5505384.75,1235722.09,24.974999999999998,192,338,2025,5,2,20,6,Sunday,1
2025-05-19,203,6011802.97,1310795.72,24.310246305418723,201,332,2025,5,2,21,0,Monday,0
2025-05-20,184,4629891.07,1133535.0,25.721739130434784,184,283,2025,5,2,21,1,Tuesday,0
2025-05-21,201,4570065.29,1152453.84,26.423830845771143,200,345,2025,5,2,21,2,Wednesday,0
2025-05-22,185,6588184.34,1521230.69,24.849945945945944,184,311,2025,5,2,21,3,Thursday,0
2025-05-23,177,3812410.69,884860.73,24.484406779661015,176,288,2025,5,2,21,4,Friday,0
2025-05-24,180,5939174.78,1296204.87,23.080833333333334,178,300,2025,5,2,21,5,Saturday,1
2025-05-25,159,4785519.12,1197607.82,26.376415094339624,159,275,2025,5,2,21,6,Sunday,1
2025-05-26,169,4196572.21,994839.95,24.428461538461537,169,275,2025,5,2,22,0,Monday,0
2025-05-27,177,5517448.38,1293800.34,25.279378531073444,177,303,2025,5,2,22,1,Tuesday,0
2025-05-28,191,4689604.88,1117649.33,24.84240837696335,191,315,2025,5,2,22,2,Wednesday,0
2025-05-29,162,5459547.96,1222734.25,24.247962962962962,161,252,2025,5,2,22,3,Thursday,0
2025-05-30,183,5261425.33,1189154.28,25.562131147540985,181,313,2025,5,2,22,4,Friday,0
2025-05-31,175,4804189.79,1097056.58,23.705142857142857,175,283,2025,5,2,22,5,Saturday,1
2025-06-01,185,7287608.79,1492380.8599999999,23.404,184,309,2025,6,2,22,6,Sunday,1
2025-06-02,194,4803727.08,1085262.24,24.580927835051547,194,328,2025,6,2,23,0,Monday,0
2025-06-03,183,5637811.67,1251660.48,24.62863387978142,182,315,2025,6,2,23,1,Tuesday,0
2025-06-04,174,5375570.36,1228654.96,25.918850574712643,172,289,2025,6,2,23,2,Wednesday,0
2025-06-05,168,4373775.18,1030860.4400000001,24.866130952380953,166,285,2025,6,2,23,3,Thursday,0
2025-06-06,183,6818765.29,1542098.02,24.966830601092898,182,331,2025,6,2,23,4,Friday,0
2025-06-07,174,5421846.91,1152960.91,23.73965517241379,174,280,2025,6,2,23,5,Saturday,1
2025-06-08,184,6673784.83,1557588.81,24.05570652173913,182,321,2025,6,2,23,6,Sunday,1
2025-06-09,181,3909889.9,914047.39,24.192651933701658,181,300,2025,6,2,24,0,Monday,0
2025-06-10,179,4231155.16,979195.58,24.745083798882682,177,279,2025,6,2,24,1,Tuesday,0
2025-06-11,174,4552491.49,1120100.63,25.83833333333333,173,279,2025,6,2,24,2,Wednesday,0
2025-06-12,189,5215401.38,1206689.72,24.582804232804232,188,298,2025,6,2,24,3,Thursday,0
2025-06-13,196,5961446.05,1322576.95,24.924591836734695,194,339,2025,6,2,24,4,Friday,0
2025-06-14,154,5132401.97,1097945.13,24.60142857142857,154,260,2025,6,2,24,5,Saturday,1
2025-06-15,172,6029958.13,1357183.47,24.364302325581395,172,292,2025,6,2,24,6,Sunday,1
2025-06-16,164,5270203.56,1179285.0,24.829878048780486,164,273,2025,6,2,25,0,Monday,0
2025-06-17,186,5729337.98,1397285.68,23.83102150537634,185,311,2025,6,2,25,1,Tuesday,0
2025-06-18,178,5852488.91,1198347.92,25.158483146067415,178,297,2025,6,2,25,2,Wednesday,0
2025-06-19,163,4152721.48,962576.83,23.564785276073618,162,269,2025,6,2,25,3,Thursday,0
2025-06-20,165,4454917.59,1109256.76,25.62515151515151,164,295,2025,6,2,25,4,Friday,0
2025-06-21,172,3744188.7,967355.02,25.00377906976744,171,292,2025,6,2,25,5,Saturday,1
2025-06-22,175,5012317.82,1086844.9,23.41422857142857,174,292,2025,6,2,25,6,Sunday,1
2025-06-23,177,3890653.18,905290.1,25.457288135593217,177,298,2025,6,2,26,0,Monday,0
2025-06-24,165,4505002.41,1108621.76,26.701272727272727,165,295,2025,6,2,26,1,Tuesday,0
2025-06-25,158,5611326.62,1307714.31,22.769746835443037,157,262,2025,6,2,26,2,Wednesday,0
2025-06-26,178,5342945.63,1200906.54,24.74438202247191,175,310,2025,6,2,26,3,Thursday,0
2025-06-27,176,5351678.72,1226008.38,25.935511363636362,175,292,2025,6,2,26,4,Friday,0
2025-06-28,188,4582734.93,1149540.14,25.250372340425532,187,317,2025,6,2,26,5,Saturday,1
2025-06-29,157,4225402.81,1032813.7,24.170382165605094,157,264,2025,6,2,26,6,Sunday,1
2025-06-30,188,6740446.2,1487583.05,24.316329787234043,187,338,2025,6,2,27,0,Monday,0
2025-07-01,166,5089515.68,1235649.15,25.646084337349397,162,278,2025,7,3,27,1,Tuesday,0
2025-07-02,173,5340382.01,1177934.35,24.82156069364162,172,267,2025,7,3,27,2,Wednesday,0
2025-07-03,183,6316274.61,1475868.07,26.77896174863388,181,301,2025,7,3,27,3,Thursday,0
2025-07-04,164,5248357.2,1212803.98,24.267560975609758,163,283,2025,7,3,27,4,Friday,0
2025-07-05,167,4586216.07,1103795.09,25.112814371257485,167,268,2025,7,3,27,5,Saturday,1
2025-07-06,187,5294460.41,1282994.76,25.94101604278075,185,319,2025,7,3,27,6,Sunday,1
2025-07-07,139,4917615.72,1122629.8699999999,25.90705035971223,138,242,2025,7,3,28,0,Monday,0
2025-07-08,200,6304687.0,1405176.01,24.90145,196,336,2025,7,3,28,1,Tuesday,0
2025-07-09,195,6118608.49,1417838.22,23.828974358974357,194,327,2025,7,3,28,2,Wednesday,0
2025-07-10,173,5445872.41,1216798.59,24.937167630057804,172,303,2025,7,3,28,3,Thursday,0
2025-07-11,177,4330390.98,1061863.02,24.3145197740113,177,295,2025,7,3,28,4,Friday,0
2025-07-12,178,5158058.2,1224694.1,25.094775280898876,177,313,2025,7,3,28,5,Saturday,1
2025-07-13,202,6186677.96,1320454.95,24.068663366336633,201,328,2025,7,3,28,6,Sunday,1
2025-07-14,174,4646641.24,1065741.91,25.068563218390807,174,277,2025,7,3,29,0,Monday,0
2025-07-15,201,6197438.0,1442349.08,23.873830845771145,201,326,2025,7,3,29,1,Tuesday,0
2025-07-16,176,5203920.45,1214230.24,24.669318181818184,176,301,2025,7,3,29,2,Wednesday,0
2025-07-17,182,5481161.97,1223736.23,24.178956043956042,181,300,2025,7,3,29,3,Thursday,0
2025-07-18,194,4977257.92,1257632.29,23.99721649484536,193,330,2025,7,3,29,4,Friday,0
2025-07-19,182,4657326.06,1182960.57,24.824835164835164,181,316,2025,7,3,29,5,Saturday,1
2025-07-20,185,5525303.0,1291875.92,24.434648648648647,185,290,2025,7,3,29,6,Sunday,1
2025-07-21,169,5215665.19,1257080.54,25.221420118343197,169,281,2025,7,3,30,0,Monday,0
2025-07-22,178,5170817.66,1123074.06,23.59606741573034,178,288,2025,7,3,30,1,Tuesday,0
2025-07-23,201,4155594.9,938974.8099999999,23.910796019900495,197,331,2025,7,3,30,2,Wednesday,0
2025-07-24,181,4272645.04,926763.62,24.07988950276243,181,292,2025,7,3,30,3,Thursday,0
2025-07-25,189,5987896.26,1481169.79,24.768465608465608,189,320,2025,7,3,30,4,Friday,0
2025-07-26,162,5811184.2700000005,1381281.06,26.121296296296293,161,272,2025,7,3,30,5,Saturday,1
2025-07-27,172,4851363.31,1086594.36,24.936104651162793,172,297,2025,7,3,30,6,Sunday,1
2025-07-28,168,4745569.61,1047691.08,25.571964285714287,167,292,2025,7,3,31,0,Monday,0
2025-07-29,218,7238576.47,1726823.02,25.168073394495416,214,370,2025,7,3,31,1,Tuesday,0
2025-07-30,170,4038210.82,897962.27,24.855411764705885,170,287,2025,7,3,31,2,Wednesday,0
2025-07-31,215,4176878.1,1030273.49,26.172093023255815,213,340,2025,7,3,31,3,Thursday,0
2025-08-01,179,4699517.83,1201247.77,24.061284916201117,178,296,2025,8,3,31,4,Friday,0
2025-08-02,195,4408534.02,1121460.01,24.987282051282055,193,318,2025,8,3,31,5,Saturday,1
2025-08-03,197,6966343.05,1558912.46,24.04177664974619,196,333,2025,8,3,31,6,Sunday,1
2025-08-04,192,5365022.7,1237685.1,23.131979166666667,189,322,2025,8,3,32,0,Monday,0
2025-08-05,187,5879288.16,1414897.55,23.01887700534759,185,319,2025,8,3,32,1,Tuesday,0
2025-08-06,173,4958728.17,1158314.85,24.174219653179193,172,280,2025,8,3,32,2,Wednesday,0
2025-08-07,180,6346280.17,1542735.05,24.09722222222222,180,329,2025,8,3,32,3,Thursday,0
2025-08-08,180,5144824.42,1168974.8,22.22388888888889,179,287,2025,8,3,32,4,Friday,0
2025-08-09,154,6006724.38,1384000.27,25.209155844155845,153,266,2025,8,3,32,5,Saturday,1
2025-08-10,191,5833146.65,1232133.92,23.574397905759163,190,324,2025,8,3,32,6,Sunday,1
2025-08-11,180,4635072.28,1000127.54,25.2185,180,300,2025,8,3,33,0,Monday,0
2025-08-12,183,5597124.16,1332099.72,23.65808743169399,183,315,2025,8,3,33,1,Tuesday,0
2025-08-13,180,4503733.65,1028171.87,23.848499999999998,180,297,2025,8,3,33,2,Wednesday,0
2025-08-14,182,5265213.91,1232066.52,24.221813186813186,181,297,2025,8,3,33,3,Thursday,0
2025-08-15,166,5261005.45,1257247.02,26.315843373493976,166,297,2025,8,3,33,4,Friday,0
2025-08-16,150,3963884.84,896290.76,23.034333333333333,150,241,2025,8,3,33,5,Saturday,1
2025-08-17,162,5531033.39,1257541.36,23.54006172839506,161,287,2025,8,3,33,6,Sunday,1
2025-08-18,195,5959279.88,1343384.98,23.571384615384616,195,307,2025,8,3,34,0,Monday,0
2025-08-19,154,4430339.4,1080569.04,24.32090909090909,154,256,2025,8,3,34,1,Tuesday,0
2025-08-20,186,6674598.45,1475701.09,23.092204301075267,186,287,2025,8,3,34,2,Wednesday,0
2025-08-21,200,5515277.58,1312303.86,24.418200000000002,199,340,2025,8,3,34,3,Thursday,0
2025-08-22,187,4539529.06,1100080.78,24.69727272727273,187,316,2025,8,3,34,4,Friday,0
2025-08-23,212,6451599.7299999995,1531958.32,25.148962264150942,212,358,2025,8,3,34,5,Saturday,1
2025-08-24,190,6484586.95,1565850.44,25.518421052631577,189,333,2025,8,3,34,6,Sunday,1
2025-08-25,187,5938779.79,1336384.66,23.916096256684494,187,306,2025,8,3,35,0,Monday,0
2025-08-26,195,7253039.26,1592279.35,24.219179487179485,195,328,2025,8,3,35,1,Tuesday,0
2025-08-27,178,3970246.82,914473.22,22.62443820224719,178,298,2025,8,3,35,2,Wednesday,0
2025-08-28,185,4063982.02,955406.76,23.551837837837837,185,306,2025,8,3,35,3,Thursday,0
2025-08-29,183,4685447.75,1114941.72,24.690928961748632,182,307,2025,8,3,35,4,Friday,0
2025-08-30,213,6238380.68,1436861.99,23.58718309859155,210,358,2025,8,3,35,5,Saturday,1
2025-08-31,186,6299013.13,1450038.19,26.020053763440856,185,316,2025,8,3,35,6,Sunday,1
2025-09-01,179,6276965.89,1471179.8599999999,25.514469273743018,179,300,2025,9,3,36,0,Monday,0
2025-09-02,167,8098212.85,1699593.29,24.54461077844311,164,282,2025,9,3,36,1,Tuesday,0
2025-09-03,172,5838895.34,1307630.47,25.989011627906976,170,292,2025,9,3,36,2,Wednesday,0
2025-09-04,174,5263680.57,1320204.78,25.331149425287357,174,281,2025,9,3,36,3,Thursday,0
2025-09-05,178,6430057.4,1397713.0,25.477921348314606,178,306,2025,9,3,36,4,Friday,0
2025-09-06,184,4549916.09,1150895.56,26.35130434782609,184,290,2025,9,3,36,5,Saturday,1
2025-09-07,178,4239988.36,896614.11,24.295730337078652,177,293,2025,9,3,36,6,Sunday,1
2025-09-08,176,6814546.9799999995,1380746.7,24.13448863636364,175,307,2025,9,3,37,0,Monday,0
2025-09-09,187,7180707.83,1665193.99,26.349090909090908,185,314,2025,9,3,37,1,Tuesday,0
2025-09-10,175,7107506.54,1608821.87,25.264914285714283,175,283,2025,9,3,37,2,Wednesday,0
2025-09-11,195,6220300.25,1455266.97,26.358871794871792,194,329,2025,9,3,37,3,Thursday,0
2025-09-12,191,5944682.05,1318444.44,24.07361256544503,189,330,2025,9,3,37,4,Friday,0
2025-09-13,165,7625253.63,1601830.32,25.967454545454547,164,281,2025,9,3,37,5,Saturday,1
2025-09-14,186,6935388.32,1602143.31,25.138817204301073,186,311,2025,9,3,37,6,Sunday,1
2025-09-15,184,5885983.58,1421329.09,25.775760869565215,184,313,2025,9,3,38,0,Monday,0
2025-09-16,187,7623037.54,1726004.49,24.491818181818182,186,323,2025,9,3,38,1,Tuesday,0
2025-09-17,178,7341980.01,1628406.91,25.735224719101122,178,301,2025,9,3,38,2,Wednesday,0
2025-09-18,171,4845881.49,1005409.6,25.089649122807018,171,272,2025,9,3,38,3,Thursday,0
2025-09-19,216,7416192.91,1688246.39,25.114212962962963,216,347,2025,9,3,38,4,Friday,0
2025-09-20,175,4777679.0,1117061.7,24.84662857142857,174,282,2025,9,3,38,5,Saturday,1
2025-09-21,174,5232242.06,1226071.5,26.09637931034483,173,294,2025,9,3,38,6,Sunday,1
2025-09-22,176,6613663.07,1614898.94,26.30392045454545,176,297,2025,9,3,39,0,Monday,0
2025-09-23,191,6943600.64,1551870.69,25.21408376963351,191,334,2025,9,3,39,1,Tuesday,0
2025-09-24,164,4230828.32,1024733.67,25.947256097560977,163,278,2025,9,3,39,2,Wednesday,0
2025-09-25,191,6822128.23,1474311.73,26.7234554973822,190,326,2025,9,3,39,3,Thursday,0
2025-09-26,161,5467786.7299999995,1250951.65,25.49447204968944,161,265,2025,9,3,39,4,Friday,0
2025-09-27,185,7561782.45,1753851.55,25.67010810810811,185,307,2025,9,3,39,5,Saturday,1
2025-09-28,177,7706413.59,1772786.93,25.013389830508473,175,310,2025,9,3,39,6,Sunday,1
2025-09-29,162,4772730.9799999995,1035404.96,24.73314814814815,160,266,2025,9,3,40,0,Monday,0
2025-09-30,179,6535970.88,1440865.17,24.885418994413406,177,289,2025,9,3,40,1,Tuesday,0
2025-10-01,193,8246509.14,1458962.71,23.24756476683938,192,325,2025,10,4,40,2,Wednesday,0
2025-10-02,164,7115511.88,1205404.52,23.072865853658534,164,300,2025,10,4,40,3,Thursday,0
2025-10-03,182,9623374.73,1683660.93,22.896153846153847,182,314,2025,10,4,40,4,Friday,0
2025-10-04,184,7124315.58,1126797.04,21.573315217391304,184,315,2025,10,4,40,5,Saturday,1
2025-10-05,215,7043637.95,1302773.44,23.41125581395349,215,362,2025,10,4,40,6,Sunday,1
2025-10-06,182,7467882.11,1323990.12,22.18010989010989,181,306,2025,10,4,41,0,Monday,0
2025-10-07,192,7207507.55,1269644.94,23.422083333333333,191,294,2025,10,4,41,1,Tuesday,0
2025-10-08,199,6428067.98,1190243.38,24.16603015075377,198,349,2025,10,4,41,2,Wednesday,0
2025-10-09,190,9212400.66,1565259.73,24.42984210526316,187,314,2025,10,4,41,3,Thursday,0
2025-10-10,186,7931253.34,1363994.68,22.487580645161287,185,304,2025,10,4,41,4,Friday,0
2025-10-11,169,7470097.44,1404850.11,22.843668639053256,166,280,2025,10,4,41,5,Saturday,1
2025-10-12,197,7929500.09,1323684.37,23.315989847715738,197,337,2025,10,4,41,6,Sunday,1
2025-10-13,181,7933553.04,1317578.1500000001,23.47745856353591,180,331,2025,10,4,42,0,Monday,0
2025-10-14,192,10684502.51,1806844.27,21.919270833333332,192,328,2025,10,4,42,1,Tuesday,0
2025-10-15,211,9159656.46,1582650.15,22.376777251184834,211,335,2025,10,4,42,2,Wednesday,0
2025-10-16,178,7890047.09,1227246.07,22.23134831460674,176,302,2025,10,4,42,3,Thursday,0
2025-10-17,195,7716804.95,1401789.43,24.62405128205128,195,325,2025,10,4,42,4,Friday,0
2025-10-18,186,7696989.33,1445848.56,23.45736559139785,186,296,2025,10,4,42,5,Saturday,1
2025-10-19,177,8590291.08,1568038.36,24.115536723163842,177,298,2025,10,4,42,6,Sunday,1
2025-10-20,187,6495588.71,1216691.94,23.540320855614972,186,317,2025,10,4,43,0,Monday,0
2025-10-21,179,8365870.44,1601433.04,23.3136312849162,178,316,2025,10,4,43,1,Tuesday,0
2025-10-22,175,8048482.01,1352676.0999999999,23.007371428571428,175,301,2025,10,4,43,2,Wednesday,0
2025-10-23,175,8011774.26,1385222.8,21.738,174,288,2025,10,4,43,3,Thursday,0
2025-10-24,174,7063746.13,1270796.61,22.794310344827586,172,291,2025,10,4,43,4,Friday,0
2025-10-25,187,9358934.44,1561817.09,21.840588235294117,185,321,2025,10,4,43,5,Saturday,1
2025-10-26,170,9175832.59,1441151.91,22.29435294117647,170,286,2025,10,4,43,6,Sunday,1
2025-10-27,179,7191801.88,1320510.2,23.792346368715084,178,311,2025,10,4,44,0,Monday,0
2025-10-28,156,8004697.33,1285691.8800000001,22.008525641025642,156,252,2025,10,4,44,1,Tuesday,0
2025-10-29,165,7288614.19,1241551.09,23.77339393939394,165,263,2025,10,4,44,2,Wednesday,0
2025-10-30,189,9419499.67,1702561.88,23.50777777777778,188,313,2025,10,4,44,3,Thursday,0
2025-10-31,182,7151883.17,1308623.82,24.404505494505493,182,303,2025,10,4,44,4,Friday,0
2025-11-01,173,7516223.12,1354047.1,23.554682080924856,170,286,2025,11,4,44,5,Saturday,1
2025-11-02,178,7773654.17,1374172.67,22.94050561797753,176,297,2025,11,4,44,6,Sunday,1
2025-11-03,173,6727696.27,1266549.03,24.729595375722546,173,293,2025,11,4,45,0,Monday,0
2025-11-04,196,8849248.48,1425789.81,23.888163265306122,195,318,2025,11,4,45,1,Tuesday,0
2025-11-05,189,8953814.0,1517580.85,23.32656084656085,188,311,2025,11,4,45,2,Wednesday,0
2025-11-06,168,7237475.88,1322301.04,24.513333333333332,168,292,2025,11,4,45,3,Thursday,0
2025-11-07,164,6703551.0,1204499.48,21.687317073170732,164,258,2025,11,4,45,4,Friday,0
2025-11-08,193,9256984.88,1750113.69,21.663367875647666,193,322,2025,11,4,45,5,Saturday,1
2025-11-09,178,5897032.86,1029989.41,23.1214606741573,177,302,2025,11,4,45,6,Sunday,1
2025-11-10,170,8346449.0,1527356.02,22.965352941176473,170,304,2025,11,4,46,0,Monday,0
2025-11-11,185,8033050.67,1559160.82,24.11691891891892,184,303,2025,11,4,46,1,Tuesday,0
2025-11-12,194,8825596.17,1456386.6099999999,22.385412371134016,192,344,2025,11,4,46,2,Wednesday,0
2025-11-13,168,6695151.57,1294046.48,23.624821428571426,167,272,2025,11,4,46,3,Thursday,0
2025-11-14,176,7235324.67,1407758.48,25.321761363636366,176,306,2025,11,4,46,4,Friday,0
2025-11-15,190,9140995.77,1460325.75,21.482526315789475,190,306,2025,11,4,46,5,Saturday,1
2025-11-16,166,6715181.39,1093364.94,23.043614457831325,165,272,2025,11,4,46,6,Sunday,1
2025-11-17,184,8363910.19,1428640.1,21.735000000000003,184,302,2025,11,4,47,0,Monday,0
2025-11-18,170,6269816.51,1190774.36,23.278411764705883,170,278,2025,11,4,47,1,Tuesday,0
2025-11-19,195,7310946.62,1356277.78,24.107538461538464,194,319,2025,11,4,47,2,Wednesday,0
2025-11-20,197,7907373.99,1396054.8,24.148781725888327,197,338,2025,11,4,47,3,Thursday,0
2025-11-21,201,7971461.18,1464434.31,25.297014925373134,201,329,2025,11,4,47,4,Friday,0
2025-11-22,194,8116815.42,1336373.03,22.93623711340206,193,314,2025,11,4,47,5,Saturday,1
