product_id,product_name,category,brand,transactions,revenue,profit,avg_margin_pct,quantity
1017,Apple Tablets Almost,Electronics,Apple,240,57263490.14,13195146.98,22.84329166666667,417
1120,Canon Laptops Onto,Electronics,Canon,225,51361401.4,12787074.26,24.502533333333332,386
1128,Bose Accessories Drop,Electronics,Bose,233,51313193.33,10702601.42,20.47390557939914,387
1162,LG Mobile Phones Water,Electronics,LG,219,51286006.66,11301820.21,21.56095890410959,377
1025,Xiaomi Cameras Option,Electronics,Xiaomi,222,50343852.83,11032771.71,21.72864864864865,368
1056,Bose Laptops Guy,Electronics,Bose,224,50294665.65,11169596.85,22.13174107142857,384
1124,Apple Audio Threat,Electronics,Apple,216,49584861.3,11338443.24,22.58273148148148,366
1089,Canon Tablets Blood,Electronics,Canon,220,49172499.89,5957609.89,11.428227272727273,370
1182,Bose Laptops Attack,Electronics,Bose,220,48561200.08,8096785.89,16.16331818181818,361
1195,Canon Tablets Building,Electronics,Canon,214,48403402.5,7641786.66,15.47733644859813,348
1168,Apple Cameras Mr,Electronics,Apple,219,48062585.8,10501045.68,21.32123287671233,391
1075,OnePlus Cameras High,Electronics,OnePlus,216,47519095.49,6678748.29,13.533194444444446,367
1198,Canon Laptops Not,Electronics,Canon,227,47266327.89,7697986.99,15.752643171806167,389
1183,Canon Audio Image,Electronics,Canon,200,45794505.39,10943136.11,23.6166,338
1179,Samsung Tablets Response,Electronics,Samsung,205,45718905.730000004,8589843.65,18.603463414634145,344
1070,Sony Accessories Themselves,Electronics,Sony,204,45614497.11,6281416.81,13.389705882352942,335
1121,OnePlus Laptops Discuss,Electronics,OnePlus,213,45492844.74,6887391.57,14.790938967136151,353
1031,OnePlus Accessories Kind,Electronics,OnePlus,230,45155139.84,7072092.96,15.20817391304348,382
1099,Apple Mobile Phones Determine,Electronics,Apple,223,44418207.27,9645435.42,21.576995515695067,355
1059,Sony Cameras Surface,Electronics,Sony,216,44269768.089999996,7982317.54,17.610462962962963,351
1026,LG Audio Decide,Electronics,LG,190,43888035.730000004,10428195.7,23.583210526315792,331
1113,Samsung Cameras Common,Electronics,Samsung,187,43658598.92,6910642.9399999995,15.251657754010695,318
1091,OnePlus Cameras Fall,Electronics,OnePlus,207,43234363.17,10062463.65,22.789758454106277,332
1044,Xiaomi Mobile Phones Grow,Electronics,Xiaomi,204,43163702.18,7342108.42,16.784460784313723,344
1096,Samsung Tablets Commercial,Electronics,Samsung,206,42731319.37,8238365.11,19.186796116504855,337
1067,OnePlus Cameras Bar,Electronics,OnePlus,196,42657741.980000004,6421613.26,14.819540816326532,319
1114,Apple Cameras Maintain,Electronics,Apple,197,42296153.71,8301687.010000001,19.24010152284264,335
1138,Xiaomi Cameras Yes,Electronics,Xiaomi,221,42219303.18,8507594.24,19.725791855203617,371
1077,Xiaomi Laptops Dark,Electronics,Xiaomi,187,42203905.03,5253163.99,12.206844919786095,307
1154,Sony Accessories Employee,Electronics,Sony,224,42117637.83,5993571.88,13.852812499999999,371
1038,LG Audio According,Electronics,LG,237,42004618.269999996,4662263.44,10.539957805907171,381
1052,OnePlus Cameras Husband,Electronics,OnePlus,192,41934246.94,5748351.26,13.406197916666665,326
1126,LG Mobile Phones Stand,Electronics,LG,206,41781437.02,5714647.52,13.557087378640778,350
1040,OnePlus Accessories Sure,Electronics,OnePlus,209,40941277.85,7957459.25,18.953444976076554,335
1188,Sony Tablets Enter,Electronics,Sony,208,40904794.66,3774886.34,8.893125,344
1046,LG Mobile Phones Clearly,Electronics,LG,219,39814156.07,7581626.57,18.57474885844749,365
1140,Bose Audio Under,Electronics,Bose,188,39766317.61,6122197.29,15.23936170212766,314
1098,LG Audio Hear,Electronics,LG,228,39343526.53,9445637.78,23.738421052631576,379
1006,Samsung Mobile Phones Dog,Electronics,Samsung,195,39341414.38,5196950.74,13.031692307692309,332
1148,Samsung Audio Who,Electronics,Samsung,211,39271069.04,5222047.67,13.313222748815164,357
1135,LG Laptops Attorney,Electronics,LG,205,39207967.21,8723708.290000001,21.87809756097561,342
1136,LG Tablets Development,Electronics,LG,188,39177078.24,9256960.35,23.45186170212766,321
1157,Samsung Mobile Phones Nothing,Electronics,Samsung,206,38949186.15,8175879.96,20.485339805825244,327
1132,OnePlus Accessories Four,Electronics,OnePlus,186,38610748.34,8227705.97,21.37021505376344,311
1115,Canon Mobile Phones Hundred,Electronics,Canon,194,38405201.4,6642974.64,16.973505154639177,341
1001,OnePlus Mobile Phones Brother,Electronics,OnePlus,212,38315432.589999996,7392787.99,19.021792452830187,366
1043,LG Mobile Phones Knowledge,Electronics,LG,218,38305599.54,7548733.62,19.60862385321101,368
1093,Bose Accessories Prove,Electronics,Bose,198,37716813.42,7037975.94,18.13111111111111,324
1139,Samsung Mobile Phones Our,Electronics,Samsung,227,37682116.2,8268353.7700000005,21.63193832599119,377
1063,Bose Audio Not,Electronics,Bose,202,37329811.85,8814352.65,23.242326732673266,320
1058,Sony Mobile Phones Everything,Electronics,Sony,199,37285502.34,4417928.58,11.632010050251257,329
1035,OnePlus Cameras Fall,Electronics,OnePlus,211,37116601.09,4879941.25,13.056682464454976,336
1189,Sony Accessories On,Electronics,Sony,195,37035931.89,5019832.53,13.213589743589743,322
1060,Canon Cameras Animal,Electronics,Canon,186,36746082.64,8704187.11,23.46295698924731,321
1192,LG Tablets Activity,Electronics,LG,214,36727565.27,8075113.75,21.46682242990654,352
1107,Bose Laptops Politics,Electronics,Bose,212,36504239.32,4761890.92,12.780377358490567,360
1152,Xiaomi Cameras Evidence,Electronics,Xiaomi,215,36417307.49,9102906.53,24.57153488372093,352
1106,Bose Cameras Away,Electronics,Bose,225,36148518.96,4621249.16,12.63808888888889,388
1119,Bose Audio Rise,Electronics,Bose,238,36051236.15,4389023.75,11.828655462184873,390
1057,Samsung Mobile Phones Pm,Electronics,Samsung,237,35738780.32,8641931.13,24.138607594936712,389
1146,Apple Accessories Individual,Electronics,Apple,185,35179944.43,5602565.43,15.644162162162162,299
1133,OnePlus Accessories Institution,Electronics,OnePlus,206,34973621.06,7409391.66,20.78859223300971,349
1194,Apple Cameras Set,Electronics,Apple,195,34931865.42,7961460.92,22.16671794871795,325
1037,Sony Audio True,Electronics,Sony,217,34678717.93,7290968.7299999995,20.78350230414747,344
1161,Xiaomi Laptops Later,Electronics,Xiaomi,217,34068185.339999996,5012055.3,14.601152073732719,357
1015,OnePlus Tablets Performance,Electronics,OnePlus,233,34013406.21,4004672.33,11.475665236051501,391
1088,Sony Audio Trial,Electronics,Sony,201,33673747.9,5266333.7,15.238706467661691,341
1100,Samsung Cameras Religious,Electronics,Samsung,219,33503236.33,3767705.63,10.88662100456621,362
1109,Apple Mobile Phones Congress,Electronics,Apple,209,33367239.6,7848725.28,23.11622009569378,356
1081,Xiaomi Mobile Phones Recently,Electronics,Xiaomi,215,33335078.68,6050466.76,18.124837209302328,366
1160,OnePlus Audio Pattern,Electronics,OnePlus,244,32961017.3,6870004.649999999,20.543319672131148,415
1176,Bose Audio Product,Electronics,Bose,200,32755692.6,4294410.100000001,12.8753,343
1199,Sony Mobile Phones Social,Electronics,Sony,198,32642076.1,6882881.91,20.869848484848482,307
1019,Xiaomi Mobile Phones Better,Electronics,Xiaomi,200,32547895.669999998,5668191.0,17.1738,329
1047,Xiaomi Audio Dinner,Electronics,Xiaomi,178,32285890.13,5643277.91,17.004550561797753,294
1078,Samsung Laptops Sea,Electronics,Samsung,209,31816597.78,6788641.66,20.9233014354067,332
1085,Bose Mobile Phones Base,Electronics,Bose,197,31399533.54,3223596.52,9.87710659898477,322
1110,Canon Cameras None,Electronics,Canon,179,30953989.47,5704558.76,18.20458100558659,329
1142,Apple Mobile Phones Forward,Electronics,Apple,223,30841460.99,3600488.99,11.150582959641255,363
1191,Samsung Tablets Yes,Electronics,Samsung,205,30690702.55,7332969.19,23.526634146341465,338
1130,Sony Mobile Phones Almost,Electronics,Sony,206,30659039.23,7933112.67,25.728058252427186,344
1087,Bose Laptops Early,Electronics,Bose,202,30363715.36,3489835.29,11.116683168316833,331
1173,LG Audio Traditional,Electronics,LG,204,30217904.240000002,2874820.56,9.435,334
1010,Canon Cameras Require,Electronics,Canon,217,29778340.7,3438077.99,11.438387096774195,339
1014,Canon Cameras Begin,Electronics,Canon,206,28898467.2,2920307.34,9.393252427184466,339
1027,Apple Cameras Sense,Electronics,Apple,199,28586004.09,6853951.23,23.661608040201003,333
1073,Sony Audio Value,Electronics,Sony,205,28494486.35,4912536.33,17.119268292682925,326
1149,Apple Audio Question,Electronics,Apple,191,28431099.69,3134192.2,10.220680628272252,317
1094,LG Mobile Phones They,Electronics,LG,215,28397890.68,3836538.51,13.248,369
1153,OnePlus Laptops Chair,Electronics,OnePlus,229,28392937.91,4131196.06,14.323187772925765,379
1086,Sony Mobile Phones Top,Electronics,Sony,226,27672088.830000002,3613777.47,12.792522123893805,372
1102,Xiaomi Mobile Phones Science,Electronics,Xiaomi,183,27671112.57,2750034.85,9.526775956284153,316
1048,Bose Laptops Source,Electronics,Bose,226,27617047.95,4504773.31,15.95991150442478,364
1004,Apple Cameras Face,Electronics,Apple,201,27555058.56,5550877.71,20.025124378109453,321
1105,Sony Laptops Raise,Electronics,Sony,207,27489394.79,5592036.13,20.14710144927536,347
1170,Apple Mobile Phones Benefit,Electronics,Apple,222,27445462.76,4745536.78,16.82752252252252,382
1151,LG Tablets Character,Electronics,LG,196,26994842.88,5228059.0,19.038265306122447,346
1129,Canon Laptops Term,Electronics,Canon,189,26024076.09,3029140.17,11.296772486772488,314
1175,OnePlus Laptops Claim,Electronics,OnePlus,211,25723895.28,5812659.0600000005,22.385876777251184,354
1116,Xiaomi Cameras Expect,Electronics,Xiaomi,180,25663457.14,4402999.51,16.988111111111113,309
1024,OnePlus Audio Agreement,Electronics,OnePlus,188,25576597.36,3124916.92,11.955053191489363,324
1137,Samsung Mobile Phones White,Electronics,Samsung,208,25336209.24,4426396.14,17.101201923076925,341
1012,OnePlus Audio Wait,Electronics,OnePlus,219,24899337.66,5524398.42,21.950456621004566,372
1071,Samsung Accessories Production,Electronics,Samsung,208,24638187.49,3539089.69,14.063798076923076,340
1123,Bose Mobile Phones Garden,Electronics,Bose,236,23958970.81,6033695.85,24.814067796610168,379
1068,Xiaomi Cameras Old,Electronics,Xiaomi,196,23881641.41,5066366.96,20.765969387755103,315
1163,OnePlus Tablets Past,Electronics,OnePlus,178,23569853.7,4536378.96,18.88556179775281,294
1172,OnePlus Tablets Anyone,Electronics,OnePlus,230,23401587.490000002,4565467.33,19.314695652173913,396
1030,Apple Laptops Offer,Electronics,Apple,243,23256463.93,3343986.88,14.289835390946502,401
1009,LG Audio Blue,Electronics,LG,213,23212030.33,3362105.69,14.206431924882631,364
1143,Apple Laptops Difference,Electronics,Apple,212,23094615.14,4145483.54,17.560707547169812,340
1065,Samsung Audio Win,Electronics,Samsung,223,22671155.36,3031928.4,12.822062780269057,367
1169,OnePlus Laptops Minute,Electronics,OnePlus,195,22080686.38,2550455.86,11.28148717948718,317
1181,OnePlus Laptops Pick,Electronics,OnePlus,200,21964135.47,3852979.77,16.846700000000002,330
1158,Apple Accessories Everyone,Electronics,Apple,206,21823499.76,2643986.8000000003,11.748300970873787,362
1053,Canon Cameras Bill,Electronics,Canon,198,21694949.84,4635589.35,21.109595959595957,359
1164,Bose Laptops Inside,Electronics,Bose,205,21289916.96,2772329.12,12.763317073170732,346
1000,Apple Cameras Purpose,Electronics,Apple,197,20912524.21,5179669.21,24.398477157360407,375
1197,Sony Laptops Value,Electronics,Sony,244,20704404.830000002,5164391.33,24.68950819672131,402
1134,Bose Accessories Executive,Electronics,Bose,213,20303780.75,3038210.75,14.877417840375585,375
1155,OnePlus Cameras Size,Electronics,OnePlus,184,20161135.15,2149449.99,10.41288043478261,313
1174,Xiaomi Cameras Break,Electronics,Xiaomi,224,19939532.92,3837589.5300000003,19.13325892857143,359
1180,Xiaomi Mobile Phones Knowledge,Electronics,Xiaomi,202,19159521.08,3828295.6,19.808415841584157,332
1039,Bose Laptops Song,Electronics,Bose,205,18636692.95,2222241.89,11.759365853658537,346
1080,Samsung Accessories Answer,Electronics,Samsung,201,18589664.4,3701761.5,19.757412935323384,338
1141,Sony Audio Serious,Electronics,Sony,203,18344398.14,1892910.3599999999,10.21886699507389,331
1061,Apple Audio Show,Electronics,Apple,221,18123221.330000002,2062945.93,10.958506787330316,377
1018,Canon Mobile Phones All,Electronics,Canon,216,17802454.96,1989242.16,11.030925925925926,385
1165,OnePlus Audio High,Electronics,OnePlus,206,17572764.76,3899199.16,21.876699029126215,328
1069,OnePlus Mobile Phones Finally,Electronics,OnePlus,201,17410550.21,4401673.41,24.881890547263684,320
1817,Urban Ladder Lighting Speech,Home & Living,Urban Ladder,227,17031886.49,4203641.45,24.48594713656388,387
1051,LG Laptops Best,Electronics,LG,198,16962404.78,2990949.17,17.246565656565657,357
1808,Philips Kitchen Instead,Home & Living,Philips,223,16805759.5,5193441.39,30.590358744394617,359
1097,LG Audio Hospital,Electronics,LG,201,16760330.129999999,2548030.21,14.9981592039801,329
1196,Sony Audio Rest,Electronics,Sony,196,16728780.46,3714548.81,21.84826530612245,301
1819,Prestige Kitchen Both,Home & Living,Prestige,221,16663544.88,5930689.68,35.4827149321267,354
1792,Pepperfry Kitchen Election,Home & Living,Pepperfry,200,16661551.13,3869857.43,22.99495,355
1775,Milton Furniture Myself,Home & Living,Milton,210,16619876.38,5067907.42,29.95757142857143,368
1090,LG Laptops Husband,Electronics,LG,189,16551066.370000001,1945291.27,11.472592592592594,322
1108,LG Accessories Prove,Electronics,LG,194,16447304.33,3545650.33,21.07077319587629,335
1756,Urban Ladder Lighting Particularly,Home & Living,Urban Ladder,219,16443737.8,3445982.12,20.709954337899543,364
1042,Xiaomi Cameras Save,Electronics,Xiaomi,207,16442862.34,2355410.65,13.945700483091786,351
1849,Philips Furniture Wait,Home & Living,Philips,215,16299497.19,4853281.95,29.542837209302327,356
1008,Samsung Laptops Since,Electronics,Samsung,211,16195240.48,2974478.32,18.259383886255925,349
1011,Bose Laptops Sit,Electronics,Bose,214,16107399.41,2401292.45,14.605981308411215,364
1023,Apple Accessories Play,Electronics,Apple,201,15945873.3,2847551.96,17.74810945273632,338
1193,LG Cameras Response,Electronics,LG,213,15799947.27,1969092.75,11.96943661971831,366
1772,IKEA Lighting Reason,Home & Living,IKEA,208,15766861.6,4512050.8,28.271250000000002,345
1092,Xiaomi Accessories Long,Electronics,Xiaomi,231,15734322.7,3187920.6599999997,20.011861471861472,394
1083,LG Mobile Phones Spring,Electronics,LG,203,15731943.8,1927499.8800000001,11.81665024630542,326
1041,LG Cameras Collection,Electronics,LG,180,15694305.26,1667960.06,10.160333333333332,315
1055,LG Tablets Throw,Electronics,LG,212,15685000.27,1940978.59,11.778207547169812,354
1118,LG Laptops Push,Electronics,LG,222,15663670.29,1581070.8499999999,9.813333333333333,364
1032,Xiaomi Accessories Discussion,Electronics,Xiaomi,215,15412580.81,2792976.91,17.892093023255814,359
1859,Godrej Decor Training,Home & Living,Godrej,212,15331879.18,3740391.58,24.37575471698113,330
1144,Apple Audio Reality,Electronics,Apple,200,15244801.91,2911386.11,18.66385,348
1850,Milton Kitchen Mother,Home & Living,Milton,201,15168966.41,4282310.35,28.015721393034823,329
1843,Cello Lighting Someone,Home & Living,Cello,213,14948182.52,4325545.5200000005,28.686525821596245,340
1072,OnePlus Cameras Present,Electronics,OnePlus,208,14882699.68,1549463.28,10.386057692307693,341
1831,Pepperfry Kitchen Whose,Home & Living,Pepperfry,200,14718429.01,4188644.92,28.28295,339
1773,Philips Lighting Become,Home & Living,Philips,233,14561281.82,4303035.89,29.206394849785408,381
1125,Samsung Mobile Phones Special,Electronics,Samsung,202,14466731.5,2337508.96,15.877326732673268,321
1764,Urban Ladder Lighting Different,Home & Living,Urban Ladder,214,14156464.59,4206191.49,29.408504672897198,370
1805,Cello Lighting Same,Home & Living,Cello,189,13911382.72,4404255.08,31.26835978835979,331
1079,Xiaomi Audio Available,Electronics,Xiaomi,219,13903568.63,2942772.38,21.051917808219176,375
1782,Urban Ladder Kitchen Society,Home & Living,Urban Ladder,211,13879263.36,3875899.5,27.825924170616112,354
1112,Bose Accessories Election,Electronics,Bose,202,13786913.7,1981406.48,14.084801980198021,334
1776,Prestige Decor Record,Home & Living,Prestige,216,13711737.99,4802822.15,34.75981481481482,352
1054,Canon Audio Her,Electronics,Canon,220,13611848.0,1448595.2,10.595545454545455,380
1837,Godrej Decor Majority,Home & Living,Godrej,210,13433871.34,3519118.26,25.606809523809524,356
1022,Apple Audio Mouth,Electronics,Apple,198,13368138.05,2771109.73,20.242121212121212,332
1062,Canon Accessories Machine,Electronics,Canon,227,13219304.91,2154362.41,15.747004405286344,370
1864,Pepperfry Lighting End,Home & Living,Pepperfry,206,13164360.77,4081676.15,30.629757281553395,339
1815,Cello Lighting Social,Home & Living,Cello,214,13088541.07,3472025.07,26.252383177570096,364
1832,Prestige Furniture Thus,Home & Living,Prestige,161,13049819.62,4344115.84,33.250124223602484,282
1755,Urban Ladder Decor Stock,Home & Living,Urban Ladder,205,12984507.25,4230183.4,32.2379512195122,335
1836,IKEA Furniture Suddenly,Home & Living,IKEA,195,12924074.97,4399670.25,33.69076923076923,312
1856,Prestige Decor Watch,Home & Living,Prestige,208,12779440.87,3543702.75,27.62125,347
1824,IKEA Bedding Summer,Home & Living,IKEA,196,12440360.55,4074896.79,32.32719387755102,332
1779,Pepperfry Storage Government,Home & Living,Pepperfry,197,12433536.34,4369808.9799999995,34.93040609137056,312
1786,Milton Lighting Down,Home & Living,Milton,212,12388886.19,4306199.3,34.630471698113205,353
1797,Pepperfry Storage Baby,Home & Living,Pepperfry,202,11889617.45,3541782.93,29.434158415841583,347
1770,Milton Decor Simply,Home & Living,Milton,212,11841323.86,2693003.77,22.273254716981132,351
1781,Milton Lighting Tell,Home & Living,Milton,187,11716822.0,2938419.96,24.84754010695187,317
1795,IKEA Storage To,Home & Living,IKEA,215,11427563.98,4190712.42,36.38041860465116,347
1854,Cello Bedding Official,Home & Living,Cello,222,11298630.18,3537993.1,30.939324324324325,383
1117,LG Mobile Phones Wish,Electronics,LG,206,11146809.32,2376910.62,21.023349514563108,355
1841,IKEA Furniture Physical,Home & Living,IKEA,213,11071349.1,3744920.9,33.418215962441316,364
1754,Philips Furniture Law,Home & Living,Philips,228,11031611.39,3655859.06,32.75535087719298,381
1793,Urban Ladder Kitchen May,Home & Living,Urban Ladder,208,10949816.36,3005154.36,27.128317307692306,331
1783,Milton Decor Easy,Home & Living,Milton,210,10717869.77,2401812.41,21.941761904761904,338
1816,Urban Ladder Decor Traditional,Home & Living,Urban Ladder,201,10665269.54,3564001.08,32.96134328358209,338
1844,Urban Ladder Furniture Vote,Home & Living,Urban Ladder,228,10615779.95,3491496.9499999997,32.874210526315785,369
1753,IKEA Bedding Develop,Home & Living,IKEA,227,10570689.59,3066712.34,28.69246696035242,385
1811,Milton Bedding Reality,Home & Living,Milton,211,10497944.5,3811574.71,36.11080568720379,391
1853,IKEA Furniture What,Home & Living,IKEA,206,10366504.89,2416252.44,23.273446601941746,345
1007,LG Mobile Phones Chair,Electronics,LG,203,10331860.02,1380276.73,12.820788177339901,347
1977,Nike Fitness Equipment Green,Sports,Nike,219,10267520.959999999,3071750.56,29.793150684931508,364
1159,LG Mobile Phones Skin,Electronics,LG,238,10144961.84,1418170.6,13.80373949579832,388
1789,Pepperfry Decor Choice,Home & Living,Pepperfry,220,10135735.27,2979825.19,29.3745,352
1127,Canon Laptops Arrive,Electronics,Canon,207,10101972.0,1895522.5,18.44937198067633,362
1013,Sony Mobile Phones Offer,Electronics,Sony,180,10099145.91,1754555.61,16.880777777777777,318
1758,IKEA Bedding Real,Home & Living,IKEA,200,10049156.24,3481398.33,34.62375,329
1766,Godrej Furniture Material,Home & Living,Godrej,179,10029428.23,2450811.43,23.974972067039108,298
1862,IKEA Kitchen Event,Home & Living,IKEA,174,9953628.48,2147431.36,21.314252873563216,304
1998,Nike Sports Accessories Reach,Sports,Nike,207,9939448.85,1641430.97,16.243478260869566,366
1171,Sony Cameras Someone,Electronics,Sony,208,9919606.18,1622892.82,16.072836538461537,351
1002,LG Laptops Ago,Electronics,LG,215,9850421.31,1265232.11,12.352883720930231,376
1809,Cello Lighting Either,Home & Living,Cello,218,9775792.68,3164445.5100000002,32.26183486238532,369
1784,Philips Lighting Remember,Home & Living,Philips,195,9736984.91,2761339.16,28.22317948717949,327
1778,Urban Ladder Decor President,Home & Living,Urban Ladder,206,9732932.59,2691591.35,27.13514563106796,334
1785,Urban Ladder Kitchen Force,Home & Living,Urban Ladder,202,9707862.65,2246370.15,22.604455445544556,350
1184,Samsung Audio I,Electronics,Samsung,192,9582827.72,1032500.42,10.54,305
1953,Nike Nutrition Care,Sports,Nike,217,9577438.37,2038717.73,21.114838709677418,352
1868,Urban Ladder Kitchen Space,Home & Living,Urban Ladder,255,9464128.78,2280366.67,23.876,441
1956,Nivia Sportswear Agreement,Sports,Nivia,204,9414374.52,2001285.03,21.172598039215686,333
1101,Apple Laptops Example,Electronics,Apple,211,9284596.16,2267979.2600000002,23.986161137440757,345
1830,Philips Lighting Enjoy,Home & Living,Philips,206,9193430.07,2611153.07,28.13907766990291,325
1806,Godrej Kitchen If,Home & Living,Godrej,216,9182262.59,2374193.96,25.733379629629628,363
1131,Samsung Accessories Support,Electronics,Samsung,221,9008344.1,1599902.24,17.494524886877826,379
1791,Godrej Bedding Any,Home & Living,Godrej,193,8949836.22,2567744.96,28.47098445595855,317
1989,Puma Sportswear After,Sports,Puma,207,8922423.18,2527787.3,27.97033816425121,362
1866,Cello Lighting Public,Home & Living,Cello,207,8883456.81,2442081.21,27.25888888888889,355
1958,Decathlon Outdoor Gear Indeed,Sports,Decathlon,197,8854889.53,2192240.57,24.566345177664974,352
1828,IKEA Kitchen Apply,Home & Living,IKEA,189,8768249.95,2273858.5100000002,25.797354497354497,332
1762,Cello Furniture Letter,Home & Living,Cello,222,8639306.23,2182264.15,24.98563063063063,372
1821,Urban Ladder Bedding Large,Home & Living,Urban Ladder,208,8610895.27,2707043.43,31.114182692307693,344
1820,Pepperfry Bedding Start,Home & Living,Pepperfry,196,8578492.07,2952184.01,34.134897959183675,333
1962,Adidas Nutrition Agreement,Sports,Adidas,213,8466154.24,1481136.28,17.051643192488264,372
1033,Xiaomi Laptops List,Electronics,Xiaomi,210,8433507.28,1956608.23,22.722380952380952,349
1750,IKEA Decor A,Home & Living,IKEA,201,8380792.44,2392262.52,28.432089552238804,339
1951,Puma Sportswear Manage,Sports,Puma,229,8339756.11,1405617.07,16.51816593886463,381
1771,Philips Bedding Condition,Home & Living,Philips,195,8338673.59,2083231.24,24.87917948717949,309
1863,Philips Decor Society,Home & Living,Philips,207,8304732.51,3068950.31,36.77850241545894,341
1810,Prestige Bedding Choose,Home & Living,Prestige,221,8193158.04,1804059.57,21.96868778280543,369
1972,Decathlon Sports Accessories Hundred,Sports,Decathlon,211,8029411.81,1911538.51,23.68161137440758,357
1190,OnePlus Mobile Phones Traditional,Electronics,OnePlus,224,7739696.9,1584976.83,20.270714285714288,373
1981,Puma Outdoor Gear Fall,Sports,Puma,203,7670666.5600000005,1617520.59,20.892315270935963,323
1045,OnePlus Accessories Fall,Electronics,OnePlus,215,7652733.2299999995,1610409.67,20.76418604651163,364
1020,OnePlus Tablets Discover,Electronics,OnePlus,222,7592170.41,1324626.65,17.169864864864866,356
1971,Nike Nutrition Ever,Sports,Nike,197,7465289.27,1944302.52,25.92441624365482,337
1852,Philips Storage Then,Home & Living,Philips,207,7345790.95,1702734.31,22.81342995169082,348
1997,Decathlon Sports Accessories Statement,Sports,Decathlon,204,7315970.83,1906336.6,25.869754901960786,341
1952,Cosco Sportswear Wide,Sports,Cosco,201,7262484.36,1353808.5,18.24502487562189,342
1103,LG Mobile Phones Write,Electronics,LG,222,7148513.43,1452673.28,19.74,385
1076,LG Cameras Participant,Electronics,LG,182,7129805.91,1211583.8800000001,16.627527472527472,293
1846,Godrej Lighting Position,Home & Living,Godrej,217,7060087.1,1628972.66,22.877603686635943,372
1066,Apple Cameras Human,Electronics,Apple,199,6957273.7,1035680.39,14.453668341708541,331
1818,Urban Ladder Decor Value,Home & Living,Urban Ladder,221,6915855.7,1643367.67,23.431447963800906,361
1186,Sony Cameras Management,Electronics,Sony,222,6843013.87,1364872.67,19.587072072072072,392
1794,Urban Ladder Decor Popular,Home & Living,Urban Ladder,190,6744196.87,2167665.09,31.913052631578946,331
1147,LG Audio Usually,Electronics,LG,191,6740643.84,1155385.41,16.85937172774869,309
1993,Puma Sportswear Hard,Sports,Puma,194,6714398.52,1561667.76,22.96747422680412,324
1960,Decathlon Sportswear Organization,Sports,Decathlon,194,6549981.22,1053432.66,15.926649484536082,328
1967,Adidas Fitness Equipment Trial,Sports,Adidas,205,6477963.01,1810280.48,27.711512195121948,337
1185,Apple Mobile Phones Pick,Electronics,Apple,204,6448048.87,615383.59,9.155245098039217,351
1829,Urban Ladder Decor Onto,Home & Living,Urban Ladder,201,6423552.2,1841288.3599999999,28.44616915422886,336
1761,Pepperfry Storage Letter,Home & Living,Pepperfry,214,6299598.59,1419472.34,22.339579439252336,375
1964,Puma Nutrition Question,Sports,Puma,212,6222496.86,1016022.46,16.332358490566037,340
1082,LG Tablets Drive,Electronics,LG,214,6165635.59,1406208.28,22.346915887850468,363
1835,IKEA Bedding Cell,Home & Living,IKEA,207,6074832.74,2130900.62,34.93429951690822,333
1028,LG Mobile Phones Rate,Electronics,LG,215,6029166.86,761466.86,12.735255813953488,360
1111,Canon Tablets Shoulder,Electronics,Canon,212,5999041.01,888472.23,14.440094339622643,346
1765,Pepperfry Storage Much,Home & Living,Pepperfry,234,5994592.8100000005,1848365.0899999999,30.773333333333333,401
1752,Cello Decor Few,Home & Living,Cello,199,5981958.66,1637296.52,27.071557788944723,329
1976,MuscleBlaze Outdoor Gear General,Sports,MuscleBlaze,199,5821834.86,1585394.06,26.713517587939698,340
1950,Nivia Footwear Though,Sports,Nivia,222,5818752.26,902684.5,15.16536036036036,367
1963,Puma Nutrition Because,Sports,Puma,204,5817293.95,1316373.31,22.50264705882353,348
1966,Nike Nutrition Central,Sports,Nike,227,5805941.63,1428197.35,24.42964757709251,364
1767,Cello Lighting Student,Home & Living,Cello,180,5743589.73,1285339.82,22.353277777777777,293
1840,Prestige Kitchen Operation,Home & Living,Prestige,194,5651491.19,2051855.69,36.08577319587629,342
1780,Prestige Decor Better,Home & Living,Prestige,200,5635696.42,1400659.03,24.56065,333
1982,Nivia Outdoor Gear Soldier,Sports,Nivia,209,5626899.59,1406703.05,24.733971291866027,343
1995,Puma Sportswear Rate,Sports,Puma,156,5606462.0,993551.0,16.96551282051282,258
1979,MuscleBlaze Sports Accessories Until,Sports,MuscleBlaze,180,5588914.57,1595381.82,28.380333333333333,305
1869,Cello Lighting Star,Home & Living,Cello,189,5580165.59,1517474.1,26.952751322751322,319
1965,Nivia Sportswear Later,Sports,Nivia,197,5555424.72,1327972.03,23.786497461928935,337
1847,Pepperfry Lighting Teacher,Home & Living,Pepperfry,187,5528532.39,1230437.59,21.83812834224599,314
1034,LG Tablets Perform,Electronics,LG,210,5513483.09,1407226.79,25.44238095238095,370
1978,MuscleBlaze Sportswear Sort,Sports,MuscleBlaze,187,5461963.36,1220054.92,22.102459893048128,297
1961,Decathlon Sportswear Recognize,Sports,Decathlon,182,5440167.6,1125232.89,20.486593406593407,309
1851,Urban Ladder Kitchen Last,Home & Living,Urban Ladder,195,5245645.29,1503065.16,28.35717948717949,353
1996,MuscleBlaze Sports Accessories Authority,Sports,MuscleBlaze,175,5242891.85,919059.96,17.118057142857143,301
1861,Philips Storage Listen,Home & Living,Philips,209,5144001.58,1140646.3,21.966411483253587,356
1177,Samsung Tablets Collection,Electronics,Samsung,213,5141460.2299999995,997270.48,19.285727699530515,361
1865,Cello Lighting Though,Home & Living,Cello,204,5108787.51,1599461.75,31.0125,346
1807,Cello Decor Miss,Home & Living,Cello,187,4938426.32,1580557.96,31.750748663101607,308
1763,Philips Furniture Republican,Home & Living,Philips,218,4923910.36,1268110.29,25.563577981651374,361
1969,Reebok Footwear Court,Sports,Reebok,201,4889616.93,830339.29,16.726616915422888,341
1249,Puma Kids Wear Education,Fashion,Puma,219,4883761.4799999995,2276421.38,46.50817351598174,355
1223,Zara Kids Wear Thought,Fashion,Zara,198,4790840.2,2073342.4,42.81484848484848,342
1418,Adidas Womens Wear Director,Fashion,Adidas,219,4762291.9,1753200.18,36.638675799086755,367
1095,Apple Laptops His,Electronics,Apple,160,4750360.0600000005,1150399.26,23.9485625,272
1957,Reebok Footwear What,Sports,Reebok,216,4748649.72,1318532.12,27.539999999999996,364
1232,Allen Solly Ethnic Wear Notice,Fashion,Allen Solly,198,4704517.99,1726959.57,36.33565656565656,347
1187,Samsung Audio Newspaper,Electronics,Samsung,199,4673346.6,703392.36,14.689899497487437,323
1804,Prestige Bedding Serious,Home & Living,Prestige,234,4647041.21,1368086.69,29.177393162393162,414
1244,Van Heusen Footwear Him,Fashion,Van Heusen,208,4592973.54,2092658.7,45.32884615384615,339
1206,Van Heusen Womens Wear Learn,Fashion,Van Heusen,213,4580061.51,1833020.07,39.7718779342723,341
1016,LG Laptops Knowledge,Electronics,LG,201,4543753.43,1142694.56,24.804427860696517,333
1284,Nike Ethnic Wear Forget,Fashion,Nike,205,4535795.9799999995,1631343.94,35.889658536585365,357
1261,Zara Ethnic Wear Soon,Fashion,Zara,192,4528404.12,2003939.94,43.901354166666664,331
1360,Nike Accessories Customer,Fashion,Nike,197,4520885.38,1533852.78,33.54350253807107,340
1259,Allen Solly Footwear Team,Fashion,Allen Solly,194,4516654.89,1504815.69,33.056546391752576,324
1991,Cosco Outdoor Gear Notice,Sports,Cosco,201,4503482.44,1042804.96,22.794726368159203,342
1342,Van Heusen Ethnic Wear Item,Fashion,Van Heusen,200,4502808.37,1803053.4,39.68405,341
1403,Allen Solly Mens Wear Step,Fashion,Allen Solly,202,4474927.64,2047746.26,45.52257425742574,338
1270,Van Heusen Accessories Company,Fashion,Van Heusen,200,4457307.87,1812813.27,40.49725,330
1759,Godrej Bedding Fund,Home & Living,Godrej,233,4432869.95,1578943.1,35.159527896995705,379
1003,Apple Laptops Site,Electronics,Apple,212,4422987.79,1030604.38,22.81174528301887,351
1434,H&M Footwear Coach,Fashion,H&M,202,4417401.05,2046927.64,46.17252475247525,359
1239,Adidas Accessories Game,Fashion,Adidas,193,4402192.27,1731912.04,38.96746113989637,321
1398,Van Heusen Footwear Hundred,Fashion,Van Heusen,186,4394022.41,1779726.1099999999,40.23827956989247,330
1405,Allen Solly Accessories Look,Fashion,Allen Solly,186,4365292.39,1940396.8800000001,44.23736559139785,313
1167,OnePlus Cameras Certainly,Electronics,OnePlus,227,4333575.8,413864.83999999997,9.295947136563877,398
1798,Milton Storage Lose,Home & Living,Milton,190,4318220.24,944013.14,21.72436842105263,330
1379,Nike Womens Wear Reach,Fashion,Nike,210,4312661.45,1871923.26,43.196999999999996,341
1253,Zara Womens Wear Our,Fashion,Zara,192,4280492.1,1883740.94,43.74395833333333,332
1254,Nike Mens Wear Your,Fashion,Nike,194,4279433.36,1838892.68,42.71252577319587,316
1222,Nike Footwear Fire,Fashion,Nike,210,4277026.61,1955742.89,45.36009523809524,372
1277,Adidas Mens Wear Woman,Fashion,Adidas,202,4274141.0,1626265.2,37.82386138613862,340
1150,Xiaomi Accessories Low,Electronics,Xiaomi,212,4254663.51,770786.37,17.763490566037735,362
1339,Allen Solly Mens Wear Lawyer,Fashion,Allen Solly,191,4249380.02,1909526.96,44.891047120418854,309
1266,Van Heusen Mens Wear Receive,Fashion,Van Heusen,179,4225720.16,1700873.44,40.00022346368715,298
1256,Allen Solly Footwear Bed,Fashion,Allen Solly,184,4212806.84,1893302.12,44.497010869565216,318
1297,Allen Solly Kids Wear Ground,Fashion,Allen Solly,193,4209705.2,1622208.69,38.21300518134715,331
1204,Zara Footwear Brother,Fashion,Zara,200,4177791.35,1342171.61,31.7496,327
1219,Allen Solly Accessories Born,Fashion,Allen Solly,240,4117197.32,1349688.24,32.526375,404
1777,Pepperfry Lighting Property,Home & Living,Pepperfry,218,4110154.9,1013829.68,24.351651376146787,373
1340,H&M Footwear Health,Fashion,H&M,214,4109571.67,1460139.43,35.19635514018692,351
1324,Nike Accessories Several,Fashion,Nike,218,4102546.4899999998,1615606.49,39.05981651376146,362
1994,Nivia Outdoor Gear Door,Sports,Nivia,194,4091205.4899999998,1093596.49,26.171752577319587,327
1029,Apple Tablets Science,Electronics,Apple,212,4081777.03,590666.5499999999,14.066509433962263,377
1307,Zara Womens Wear Program,Fashion,Zara,195,4053675.78,1822828.46,44.96215384615385,331
1973,Decathlon Footwear Generation,Sports,Decathlon,199,3999763.93,691504.99,17.298944723618092,318
1358,Adidas Kids Wear Energy,Fashion,Adidas,206,3990718.4899999998,1848542.09,46.29131067961165,338
1262,Allen Solly Mens Wear No,Fashion,Allen Solly,199,3984168.19,1548450.19,38.628643216080405,332
1287,Van Heusen Accessories Rate,Fashion,Van Heusen,192,3981523.69,1829728.09,45.841510416666665,326
1268,Puma Ethnic Wear Your,Fashion,Puma,191,3945468.7199999997,1368280.88,34.54507853403141,328
1826,Milton Kitchen National,Home & Living,Milton,191,3917599.17,1019651.11,25.75162303664921,313
1309,Nike Kids Wear Drop,Fashion,Nike,200,3895056.73,1672823.59,42.858149999999995,339
1446,Van Heusen Ethnic Wear International,Fashion,Van Heusen,192,3875720.8,1440189.73,36.88260416666667,329
1959,Decathlon Fitness Equipment Person,Sports,Decathlon,204,3858618.9,856328.73,22.082009803921572,341
1355,Van Heusen Womens Wear Such,Fashion,Van Heusen,219,3851933.03,1558423.58,40.324657534246576,355
1430,H&M Footwear Morning,Fashion,H&M,200,3830373.27,1458364.55,37.87945,347
1790,Philips Kitchen Ago,Home & Living,Philips,192,3754527.93,1024796.73,27.230208333333334,336
1074,Apple Audio Training,Electronics,Apple,192,3728655.62,494972.24,13.251666666666667,321
1267,Van Heusen Womens Wear May,Fashion,Van Heusen,201,3724277.46,1716827.94,46.05303482587065,339
1145,LG Cameras Money,Electronics,LG,256,3709818.87,399968.95,10.144765625,416
1344,Levis Footwear Treat,Fashion,Levis,199,3687487.61,1280354.81,34.64979899497488,332
1390,Van Heusen Ethnic Wear Mention,Fashion,Van Heusen,206,3654953.53,1456903.93,39.80184466019418,366
1225,Nike Mens Wear Movement,Fashion,Nike,187,3628144.9899999998,1455726.6300000001,39.865508021390376,326
1315,Zara Ethnic Wear Avoid,Fashion,Zara,210,3583782.43,1615317.47,44.81166666666667,352
1374,Adidas Kids Wear Training,Fashion,Adidas,181,3560950.65,1458257.5,40.66436464088398,277
1265,Nike Mens Wear Career,Fashion,Nike,187,3560158.22,1673934.87,46.75096256684492,307
1414,Zara Womens Wear Message,Fashion,Zara,194,3531387.21,1354826.11,38.32077319587629,334
1371,Puma Footwear Bag,Fashion,Puma,205,3526059.53,1369240.36,38.82590243902439,331
1787,Philips Storage Sure,Home & Living,Philips,200,3508923.9899999998,775386.17,22.1181,338
1407,Allen Solly Kids Wear Land,Fashion,Allen Solly,176,3504749.01,1381340.58,39.101136363636364,283
1757,Milton Storage Policy,Home & Living,Milton,210,3504208.2199999997,754781.84,21.373285714285714,369
1280,H&M Accessories Show,Fashion,H&M,209,3488300.23,1184940.43,33.83014354066986,348
1383,Nike Kids Wear Better,Fashion,Nike,184,3486769.35,1575503.18,45.149076086956526,319
1813,Pepperfry Storage Accept,Home & Living,Pepperfry,206,3479813.86,1019379.46,29.091893203883497,360
1389,Levis Ethnic Wear Investment,Fashion,Levis,203,3465023.49,1441260.71,41.379211822660096,334
1442,Van Heusen Womens Wear Author,Fashion,Van Heusen,191,3455424.14,1170749.6,33.741204188481674,303
1984,Puma Sports Accessories Know,Sports,Puma,206,3454164.63,545410.74,15.335776699029127,357
1292,Zara Footwear Live,Fashion,Zara,207,3428758.8,1199027.55,34.61043478260869,375
1084,Apple Audio Figure,Electronics,Apple,200,3406612.56,639938.67,18.3826,333
1387,Zara Kids Wear Economic,Fashion,Zara,184,3392556.06,1114500.77,32.76684782608696,301
1800,Pepperfry Kitchen Various,Home & Living,Pepperfry,224,3383302.73,878739.11,25.790357142857143,366
1279,Puma Kids Wear Someone,Fashion,Puma,179,3361542.85,1391102.38,41.042402234636874,309
1378,Levis Ethnic Wear Apply,Fashion,Levis,226,3361267.33,1332622.33,39.40787610619469,375
1049,Bose Accessories Great,Electronics,Bose,244,3358452.34,381850.6,11.105655737704918,411
1400,Levis Womens Wear In,Fashion,Levis,198,3343343.86,1104123.3800000001,33.14489898989899,332
1954,Puma Fitness Equipment Prevent,Sports,Puma,200,3318280.34,601545.68,17.65465,349
1298,Zara Footwear Against,Fashion,Zara,208,3295478.6,1103483.15,33.40567307692308,345
1438,H&M Mens Wear Today,Fashion,H&M,195,3291051.59,1365847.67,41.24723076923077,321
1399,Zara Mens Wear Able,Fashion,Zara,183,3288478.65,1514843.73,45.877377049180325,327
1209,Nike Mens Wear About,Fashion,Nike,208,3288474.9,1421757.8399999999,43.10706730769231,339
1436,Puma Footwear Movie,Fashion,Puma,204,3279825.18,1235415.09,37.52676470588235,353
1021,Bose Mobile Phones Early,Electronics,Bose,215,3273226.96,786158.73,23.47813953488372,349
1366,Zara Footwear Family,Fashion,Zara,209,3264411.35,1287129.67,39.07071770334928,341
1050,OnePlus Laptops Blue,Electronics,OnePlus,214,3257192.03,646701.4299999999,19.72224299065421,362
1410,Nike Womens Wear Step,Fashion,Nike,179,3240628.83,1009609.65,31.085865921787708,283
1833,Pepperfry Bedding Campaign,Home & Living,Pepperfry,190,3237537.18,1150802.1400000001,35.29736842105263,323
1231,Adidas Accessories Color,Fashion,Adidas,190,3237463.78,1302163.3,39.9571052631579,304
1955,Puma Outdoor Gear None,Sports,Puma,207,3226696.33,957615.17,29.36763285024155,362
1210,Puma Footwear Seven,Fashion,Puma,176,3219750.41,1411539.45,43.66715909090909,284
1987,Adidas Sports Accessories Beat,Sports,Adidas,218,3216153.63,980054.9299999999,30.306192660550458,370
1252,Nike Womens Wear Unit,Fashion,Nike,190,3184648.37,1077328.54,33.42347368421053,323
1312,Allen Solly Kids Wear Almost,Fashion,Allen Solly,215,3156406.08,1152731.28,36.36804651162791,356
1329,Zara Mens Wear Material,Fashion,Zara,203,3153423.38,1249136.6,39.462610837438426,342
1250,Nike Mens Wear Article,Fashion,Nike,192,3140721.69,1240739.09,39.14578125,314
1445,Allen Solly Accessories Easy,Fashion,Allen Solly,180,3129656.81,1412471.81,45.04672222222222,300
1156,Xiaomi Accessories Option,Electronics,Xiaomi,231,3110963.36,772470.14,24.6091341991342,382
1845,IKEA Bedding Level,Home & Living,IKEA,220,3089764.69,884546.1,28.454227272727273,367
1207,Adidas Kids Wear Coach,Fashion,Adidas,182,3083923.57,1192189.81,38.222912087912086,336
1839,Prestige Furniture Nice,Home & Living,Prestige,223,3070484.66,980814.98,31.710627802690585,366
1240,Zara Footwear Middle,Fashion,Zara,204,3057525.48,1297951.38,42.24102941176471,335
1178,Canon Mobile Phones Structure,Electronics,Canon,211,3048475.28,588221.98,19.139194312796207,365
1393,Van Heusen Footwear Treatment,Fashion,Van Heusen,219,3047029.7,1128658.19,36.832191780821915,363
1801,Cello Lighting Professional,Home & Living,Cello,178,3022034.82,804948.98,26.31067415730337,277
1376,Nike Mens Wear Oil,Fashion,Nike,186,3003605.63,1097442.83,36.421290322580646,331
1932,Maybelline Beauty Tools Such,Beauty,Maybelline,231,2986221.13,1227672.52,40.81614718614719,399
1812,Godrej Kitchen Rise,Home & Living,Godrej,208,2964495.45,955387.05,32.00985576923077,348
1260,Levis Womens Wear Authority,Fashion,Levis,199,2963818.06,1110273.5,37.321859296482415,343
1877,Nivea Beauty Tools Sell,Beauty,Nivea,240,2962692.79,1156160.44,38.835125,399
1216,Levis Kids Wear Could,Fashion,Levis,193,2930594.89,941897.24,31.823005181347153,331
1974,Reebok Sports Accessories Development,Sports,Reebok,189,2883850.2399999998,624422.74,21.41042328042328,306
1447,Van Heusen Mens Wear Call,Fashion,Van Heusen,185,2877093.6999999997,997169.64,34.252810810810814,298
1306,Van Heusen Womens Wear Second,Fashion,Van Heusen,184,2863231.5,933799.8,32.27304347826087,315
1005,Canon Audio Election,Electronics,Canon,229,2862288.68,719026.52,24.832663755458515,381
1401,Adidas Accessories Evidence,Fashion,Adidas,200,2851340.79,1163206.65,40.6763,341
1343,Levis Ethnic Wear Manage,Fashion,Levis,206,2840187.9499999997,996728.75,34.90805825242719,345
1900,Lakme Haircare Just,Beauty,Lakme,231,2840073.8,1066677.02,37.25056277056277,393
1326,Levis Kids Wear Us,Fashion,Levis,201,2831763.13,1217176.0,42.67567164179104,333
1769,Philips Decor Style,Home & Living,Philips,190,2814814.66,818675.48,28.91589473684211,322
1272,Adidas Footwear News,Fashion,Adidas,188,2803811.46,1020790.94,35.99494680851064,316
1443,Van Heusen Accessories Republican,Fashion,Van Heusen,184,2790717.2199999997,978865.7,34.68239130434783,296
1419,Adidas Ethnic Wear Article,Fashion,Adidas,199,2787809.95,1148959.44,40.82839195979899,331
1331,Nike Footwear Still,Fashion,Nike,201,2786999.43,984513.3099999999,35.158756218905474,316
1242,Allen Solly Womens Wear Brother,Fashion,Allen Solly,196,2779272.68,1259519.69,45.045918367346935,329
1408,Zara Kids Wear Same,Fashion,Zara,202,2774283.15,1039353.87,37.32396039603961,324
1362,Allen Solly Ethnic Wear List,Fashion,Allen Solly,202,2772103.8000000003,1222923.0999999999,44.057970297029705,335
1917,Dove Beauty Tools Me,Beauty,Dove,249,2744578.07,1001183.77,36.132289156626506,445
1323,H&M Footwear Cause,Fashion,H&M,189,2739957.59,1157522.12,41.9815873015873,317
1350,Adidas Mens Wear Billion,Fashion,Adidas,214,2716074.17,846692.21,30.99682242990654,354
1968,Decathlon Fitness Equipment Main,Sports,Decathlon,192,2714032.47,768799.71,28.093177083333334,346
1922,Dove Haircare Some,Beauty,Dove,225,2713459.04,803654.63,29.109777777777776,381
1878,Himalaya Haircare Feeling,Beauty,Himalaya,222,2709058.9899999998,908469.65,33.2013963963964,374
1431,Adidas Footwear Wide,Fashion,Adidas,209,2703161.4899999998,1028171.55,37.700334928229665,354
1915,Himalaya Personal Care Parent,Beauty,Himalaya,223,2701769.65,956606.1,35.08681614349776,365
1919,LOreal Skincare Yes,Beauty,LOreal,226,2700027.5,793542.15,29.02566371681416,385
1255,H&M Footwear Bar,Fashion,H&M,184,2697976.2,1009755.84,37.3116847826087,306
1768,Pepperfry Bedding Wear,Home & Living,Pepperfry,198,2697433.78,833601.9400000001,30.59469696969697,312
1926,Maybelline Makeup Thing,Beauty,Maybelline,236,2686149.2199999997,1052065.16,39.12364406779661,413
1316,Nike Kids Wear My,Fashion,Nike,205,2632060.78,1047134.3200000001,39.545853658536586,351
1247,Levis Ethnic Wear Surface,Fashion,Levis,231,2630160.5,969851.85,36.68800865800866,385
1927,Maybelline Makeup Kind,Beauty,Maybelline,229,2622214.74,775268.15,29.1953711790393,379
1855,Milton Furniture Like,Home & Living,Milton,212,2597718.64,571388.4,21.864009433962263,352
1237,Allen Solly Ethnic Wear A,Fashion,Allen Solly,199,2562840.12,1198637.16,46.602211055276385,334
1346,Van Heusen Accessories Arm,Fashion,Van Heusen,203,2526925.6,882142.79,34.725665024630544,341
1291,Allen Solly Accessories Nation,Fashion,Allen Solly,211,2513080.77,910811.3,36.11691943127962,349
1986,Reebok Outdoor Gear They,Sports,Reebok,187,2510615.75,584970.72,23.171176470588236,317
1929,The Body Shop Beauty Tools Small,Beauty,The Body Shop,228,2490712.75,931224.89,36.973114035087725,391
1274,Van Heusen Accessories Policy,Fashion,Van Heusen,205,2485563.65,1084751.43,43.25234146341463,326
1928,LOreal Fragrances Nothing,Beauty,LOreal,256,2477196.35,820356.49,32.7809765625,433
1396,Van Heusen Kids Wear Artist,Fashion,Van Heusen,196,2474864.75,1009454.15,40.67239795918368,335
1327,H&M Accessories Own,Fashion,H&M,221,2471782.63,825863.19,33.222217194570135,386
1276,Van Heusen Kids Wear Development,Fashion,Van Heusen,180,2469962.7,988082.2999999999,39.67233333333333,308
1424,Nike Accessories Small,Fashion,Nike,201,2468963.33,1002924.77,40.3047263681592,336
1122,LG Accessories Reveal,Electronics,LG,214,2466777.48,588228.33,23.752056074766358,365
1248,H&M Ethnic Wear Food,Fashion,H&M,175,2455860.48,785197.08,31.610457142857143,292
1935,LOreal Beauty Tools Discussion,Beauty,LOreal,238,2450780.82,711031.54,28.575294117647058,397
1796,Philips Lighting Special,Home & Living,Philips,236,2448202.42,569293.02,22.849830508474575,388
1860,Urban Ladder Lighting May,Home & Living,Urban Ladder,210,2440664.81,553706.75,22.401190476190475,354
1318,Zara Ethnic Wear Family,Fashion,Zara,186,2425547.92,851245.84,34.75672043010753,312
1886,Dove Haircare Certainly,Beauty,Dove,218,2418873.18,994391.1799999999,40.84862385321101,358
1924,Dove Makeup Tonight,Beauty,Dove,219,2406295.4,871814.32,35.993881278538815,358
1429,Adidas Accessories Me,Fashion,Adidas,173,2392135.69,778871.49,32.314104046242775,290
1289,Allen Solly Womens Wear Left,Fashion,Allen Solly,198,2384608.4,849027.22,35.346464646464646,329
1166,Samsung Audio Discuss,Electronics,Samsung,207,2379000.0100000002,284283.46,11.72231884057971,355
1304,Zara Footwear Account,Fashion,Zara,187,2378991.61,998106.85,41.793689839572195,324
1870,Dove Skincare Near,Beauty,Dove,232,2361092.23,884809.24,37.32288793103448,377
1842,Milton Kitchen Free,Home & Living,Milton,230,2346377.2399999998,810086.12,34.37160869565218,364
1887,Biotique Skincare City,Beauty,Biotique,234,2344395.84,728281.76,30.675555555555555,392
1201,Nike Footwear Specific,Fashion,Nike,200,2336933.35,1036021.39,44.069849999999995,316
1946,Maybelline Fragrances Success,Beauty,Maybelline,230,2309632.92,685030.5,29.390478260869568,378
1064,OnePlus Audio Capital,Electronics,OnePlus,247,2290951.23,395154.75,17.05352226720648,408
1988,MuscleBlaze Outdoor Gear Many,Sports,MuscleBlaze,190,2289237.91,511898.45,21.78426315789474,302
1883,Himalaya Fragrances Walk,Beauty,Himalaya,242,2286045.1,770169.53,33.42462809917355,407
1834,Cello Lighting Loss,Home & Living,Cello,233,2272485.85,783054.61,34.11171673819742,396
1394,Puma Footwear Institution,Fashion,Puma,202,2270781.03,1045863.58,45.813663366336634,335
1356,Puma Womens Wear Training,Fashion,Puma,198,2270065.7,862951.9,37.82434343434343,326
1275,Nike Ethnic Wear Land,Fashion,Nike,187,2247150.09,999895.62,44.30491978609626,297
1313,H&M Kids Wear Trade,Fashion,H&M,193,2230647.75,963078.03,42.88497409326425,327
1285,Allen Solly Mens Wear Inside,Fashion,Allen Solly,177,2222403.92,964754.45,43.12920903954802,297
1930,Himalaya Skincare Simple,Beauty,Himalaya,222,2209115.46,806548.14,36.26207207207207,374
1412,Nike Womens Wear Recently,Fashion,Nike,174,2203830.47,998020.4299999999,45.00252873563218,284
1290,Zara Footwear We,Fashion,Zara,195,2199789.86,1033334.78,46.882,324
1905,LOreal Skincare Improve,Beauty,LOreal,257,2195552.33,835643.29,37.8292607003891,437
1823,IKEA Decor Control,Home & Living,IKEA,213,2191963.04,738003.62,33.610328638497656,354
1213,Allen Solly Ethnic Wear Everyone,Fashion,Allen Solly,195,2186106.4699999997,994608.23,45.133641025641026,334
1337,Puma Ethnic Wear Bill,Fashion,Puma,211,2158210.25,994177.88,46.00369668246446,359
1417,Zara Kids Wear Fine,Fashion,Zara,183,2151496.96,804126.76,37.11896174863388,297
1404,Nike Accessories Still,Fashion,Nike,193,2151153.09,698943.71,32.59015544041451,326
1874,Biotique Personal Care Face,Beauty,Biotique,213,2145737.02,614822.4400000001,28.247934272300473,369
1241,Adidas Kids Wear After,Fashion,Adidas,179,2131804.17,870504.97,40.628212290502795,320
1263,Levis Womens Wear Space,Fashion,Levis,194,2129386.09,748699.57,34.85283505154639,348
1269,Allen Solly Footwear Often,Fashion,Allen Solly,188,2105692.14,708629.34,33.039255319148936,315
1888,Biotique Skincare During,Beauty,Biotique,228,2075137.72,673857.7,32.38978070175438,399
1914,LOreal Personal Care Southern,Beauty,LOreal,211,2052476.25,626862.6,30.37270142180095,339
1036,Apple Cameras Table,Electronics,Apple,227,2046570.61,438342.94,21.393568281938325,381
1898,Himalaya Skincare Occur,Beauty,Himalaya,215,2043593.58,551249.58,26.792325581395346,376
1369,Nike Ethnic Wear Two,Fashion,Nike,193,2035060.17,751261.92,36.483316062176165,315
1944,The Body Shop Fragrances Relate,Beauty,The Body Shop,219,2023012.52,848205.27,41.68949771689498,365
1871,Lakme Makeup Memory,Beauty,Lakme,209,2018389.7,530045.9,26.312105263157896,345
1245,Nike Footwear Unit,Fashion,Nike,189,2013308.68,821809.21,40.70121693121693,301
1286,Puma Footwear Remain,Fashion,Puma,205,1994618.85,825600.93,40.89785365853658,336
1370,Puma Kids Wear Wind,Fashion,Puma,176,1989621.92,712180.01,35.38607954545454,293
1368,Allen Solly Womens Wear Enjoy,Fashion,Allen Solly,206,1987712.9,870905.0599999999,43.72650485436893,342
1373,Van Heusen Kids Wear System,Fashion,Van Heusen,202,1987223.21,783675.77,39.100445544554454,349
1911,The Body Shop Beauty Tools Again,Beauty,The Body Shop,239,1972323.4000000001,750692.48,37.79309623430962,422
1937,Nivea Skincare Discuss,Beauty,Nivea,211,1957758.21,682568.21,34.36829383886256,350
1983,Nivia Footwear Theory,Sports,Nivia,201,1956043.49,413367.79,20.876119402985076,358
1221,H&M Footwear Process,Fashion,H&M,207,1950792.35,724791.83,36.75144927536232,348
1867,Pepperfry Lighting Factor,Home & Living,Pepperfry,189,1928412.39,674068.14,34.752698412698415,303
1435,Zara Accessories Art,Fashion,Zara,206,1901497.6,669165.58,35.1152427184466,342
1214,Puma Ethnic Wear Month,Fashion,Puma,215,1872008.34,624418.09,33.05455813953488,353
1893,Dove Beauty Tools Difficult,Beauty,Dove,227,1869521.14,659585.82,35.1309691629956,388
1990,Nike Fitness Equipment So,Sports,Nike,207,1868930.7,526426.29,27.94130434782609,339
1909,Lakme Personal Care Young,Beauty,Lakme,234,1856480.25,600935.53,31.966324786324787,388
1402,Nike Mens Wear With,Fashion,Nike,190,1843095.46,784682.66,42.46794736842105,295
1226,Allen Solly Kids Wear Politics,Fashion,Allen Solly,175,1835351.1,843829.5,45.61645714285714,290
1205,Nike Footwear Finally,Fashion,Nike,212,1826191.27,844690.62,45.93410377358491,377
1948,Maybelline Beauty Tools Shake,Beauty,Maybelline,231,1810219.19,522391.95,28.742770562770563,386
1311,Allen Solly Kids Wear Western,Fashion,Allen Solly,196,1804108.3800000001,698984.68,38.63551020408163,326
1282,Allen Solly Womens Wear Deep,Fashion,Allen Solly,207,1792700.49,723590.47,40.0019806763285,341
1203,H&M Ethnic Wear Grow,Fashion,H&M,184,1792513.62,561692.46,31.010815217391304,309
1912,Himalaya Haircare Tough,Beauty,Himalaya,219,1790151.12,609071.72,33.63835616438356,367
1357,Puma Kids Wear Boy,Fashion,Puma,199,1788486.51,820711.46,45.67793969849246,341
1283,Levis Ethnic Wear Sell,Fashion,Levis,185,1786716.44,687491.96,38.16783783783784,304
1903,LOreal Skincare There,Beauty,LOreal,217,1785652.67,522103.29,28.97921658986175,353
1413,H&M Womens Wear Serious,Fashion,H&M,193,1762151.1600000001,642796.89,36.123886010362696,339
1940,Himalaya Haircare Mention,Beauty,Himalaya,201,1758134.46,695401.59,39.40323383084577,337
1941,LOreal Fragrances Air,Beauty,LOreal,219,1744051.41,659831.23,37.591735159817354,361
1892,Himalaya Skincare Seat,Beauty,Himalaya,216,1740733.81,701550.49,40.202592592592595,346
1367,Adidas Mens Wear Maintain,Fashion,Adidas,179,1710912.8,773680.11,45.03821229050279,317
1814,IKEA Decor Walk,Home & Living,IKEA,215,1702890.67,484619.51,28.079162790697676,356
1345,Adidas Ethnic Wear Shoulder,Fashion,Adidas,200,1697813.45,647543.75,37.819050000000004,345
1822,Cello Kitchen Discuss,Home & Living,Cello,224,1692289.97,552312.3099999999,32.364508928571425,386
1938,Nivea Makeup Explain,Beauty,Nivea,227,1681904.25,567640.5,33.78872246696035,375
1384,Levis Kids Wear With,Fashion,Levis,201,1657566.51,725583.75,43.41860696517413,324
1351,Nike Footwear Ask,Fashion,Nike,186,1657348.8800000001,552531.62,33.0197311827957,326
1224,Allen Solly Ethnic Wear Purpose,Fashion,Allen Solly,173,1642619.17,530200.72,32.134335260115606,293
1838,Milton Kitchen Region,Home & Living,Milton,237,1626008.75,444761.45,27.342616033755274,405
1827,Philips Furniture Majority,Home & Living,Philips,219,1619996.8699999999,587900.84,36.024337899543376,371
1432,Allen Solly Ethnic Wear Tonight,Fashion,Allen Solly,164,1615581.59,647461.19,39.76634146341463,271
1947,Himalaya Makeup Interview,Beauty,Himalaya,222,1612004.07,601067.81,37.11707207207207,382
1104,Bose Tablets Result,Electronics,Bose,188,1609374.0,202921.59,12.205,297
1875,The Body Shop Personal Care Less,Beauty,The Body Shop,236,1606087.5999999999,470109.31,29.019110169491526,393
1208,Nike Womens Wear Long,Fashion,Nike,197,1597882.31,584620.01,36.213248730964466,355
1330,Allen Solly Kids Wear Eight,Fashion,Allen Solly,178,1594127.94,746866.26,46.55432584269663,298
1916,Himalaya Fragrances Husband,Beauty,Himalaya,210,1590078.84,603587.88,37.720666666666666,357
1251,Adidas Ethnic Wear Effect,Fashion,Adidas,198,1538977.21,675222.01,43.66939393939394,328
1258,Allen Solly Ethnic Wear Mention,Fashion,Allen Solly,168,1516700.62,666554.3200000001,43.83398809523809,270
1202,Levis Kids Wear Put,Fashion,Levis,194,1509284.82,679546.86,44.927113402061856,313
1936,Nivea Haircare Method,Beauty,Nivea,223,1509241.45,587723.93,38.74408071748879,392
1411,H&M Kids Wear Only,Fashion,H&M,186,1502331.08,563765.18,37.40887096774193,298
1896,The Body Shop Makeup Involve,Beauty,The Body Shop,224,1481838.52,542108.02,36.38995535714286,379
1799,Pepperfry Kitchen Join,Home & Living,Pepperfry,211,1467857.96,516236.86,34.98402843601896,346
1353,Zara Kids Wear Should,Fashion,Zara,168,1457647.47,645462.36,44.04964285714286,297
1348,Adidas Ethnic Wear Ready,Fashion,Adidas,191,1446762.99,589783.49,40.35979057591623,325
1328,Adidas Womens Wear Part,Fashion,Adidas,191,1439837.61,524667.03,36.44387434554974,333
1233,Allen Solly Kids Wear Start,Fashion,Allen Solly,191,1404842.57,637530.83,45.0434554973822,318
1246,Van Heusen Accessories Theory,Fashion,Van Heusen,192,1404401.78,473722.46,33.65890625,331
1354,Puma Footwear Group,Fashion,Puma,206,1401099.43,588163.21,41.84839805825243,354
1992,Cosco Nutrition Area,Sports,Cosco,199,1395722.24,243266.25,17.074020100502512,343
1391,Zara Mens Wear Medical,Fashion,Zara,195,1377098.16,505579.2,36.52712820512821,351
1891,Maybelline Haircare Claim,Beauty,Maybelline,223,1364219.55,494858.91000000003,36.17313901345292,384
1319,Nike Mens Wear Relationship,Fashion,Nike,199,1359133.81,501945.17,36.516582914572865,328
1448,Allen Solly Kids Wear Year,Fashion,Allen Solly,188,1358058.9000000001,613505.14,45.06015957446808,304
1381,Adidas Kids Wear Think,Fashion,Adidas,198,1354131.45,585350.73,43.09378787878788,348
1880,Maybelline Haircare Expert,Beauty,Maybelline,232,1349585.77,526691.28,38.78189655172414,389
1885,The Body Shop Beauty Tools Be,Beauty,The Body Shop,226,1316803.1300000001,506807.52,38.201725663716815,373
1303,Zara Accessories Discussion,Fashion,Zara,240,1312284.01,486960.71,36.82991666666667,397
1333,Adidas Mens Wear Surface,Fashion,Adidas,200,1301175.71,440918.39,33.7479,338
1872,Lakme Makeup Produce,Beauty,Lakme,239,1264398.64,424336.34,33.1373640167364,395
1388,Adidas Mens Wear Compare,Fashion,Adidas,213,1254437.35,539804.35,42.827934272300475,345
1427,Zara Mens Wear Apply,Fashion,Zara,222,1245705.25,427421.51,33.938198198198194,379
1803,Godrej Decor Day,Home & Living,Godrej,209,1236912.89,416725.04,33.49507177033493,365
1802,Milton Furniture Parent,Home & Living,Milton,200,1220865.72,362943.45,29.523899999999998,349
1921,Maybelline Personal Care Fire,Beauty,Maybelline,211,1217658.7,431553.98,35.093838862559245,362
1980,Reebok Sports Accessories Hundred,Sports,Reebok,195,1216248.91,269696.59,22.109948717948715,336
1920,Biotique Fragrances He,Beauty,Biotique,231,1203166.47,392125.47,32.354718614718614,420
1271,Van Heusen Womens Wear Evidence,Fashion,Van Heusen,200,1189747.52,494024.92,41.3332,332
1415,Van Heusen Footwear Clear,Fashion,Van Heusen,201,1173703.8,449826.66,38.22930348258706,331
1372,Puma Footwear Level,Fashion,Puma,193,1154654.25,523256.82,45.032072538860106,317
1426,Levis Kids Wear Art,Fashion,Levis,210,1146211.16,521719.16000000003,45.37233333333334,342
1321,Levis Accessories Difficult,Fashion,Levis,202,1140460.97,414078.89,36.07059405940594,339
1440,Adidas Ethnic Wear Authority,Fashion,Adidas,204,1140158.11,469766.51,40.86720588235294,317
1392,Adidas Accessories Different,Fashion,Adidas,227,1128572.35,520139.77,45.825418502202645,378
1234,Adidas Ethnic Wear Win,Fashion,Adidas,197,1116998.59,521109.94,46.4148730964467,315
1902,LOreal Haircare Design,Beauty,LOreal,243,1111598.72,426394.42,38.13135802469136,410
1949,The Body Shop Fragrances Company,Beauty,The Body Shop,241,1094478.87,418796.31,38.00630705394191,399
1341,Puma Footwear Land,Fashion,Puma,220,1061201.8,440797.75,41.401363636363634,379
1884,The Body Shop Makeup Now,Beauty,The Body Shop,218,1059576.96,345541.44,32.36688073394495,363
1364,Van Heusen Ethnic Wear Knowledge,Fashion,Van Heusen,196,1039384.0599999999,347744.16,33.339285714285715,323
1421,Nike Mens Wear Simply,Fashion,Nike,213,1031784.41,479986.91,46.35201877934272,354
1299,Puma Footwear Per,Fashion,Puma,193,1001780.09,315817.01,31.246683937823832,324
1334,H&M Ethnic Wear Investment,Fashion,H&M,198,995502.35,353216.75,35.4189898989899,330
1300,Allen Solly Ethnic Wear Once,Fashion,Allen Solly,211,964676.37,336790.37,34.75644549763033,350
1296,Nike Footwear Attack,Fashion,Nike,184,962283.31,350528.01,36.26717391304348,326
1760,Cello Decor Make,Home & Living,Cello,192,959008.88,342088.4,35.54916666666667,316
1901,Biotique Skincare Assume,Beauty,Biotique,215,955307.67,292092.67,30.32590697674419,350
1858,Urban Ladder Decor Six,Home & Living,Urban Ladder,188,952031.77,306172.27,32.10303191489361,325
1301,Levis Ethnic Wear Drug,Fashion,Levis,187,923047.12,300193.24,32.441069518716574,319
1857,IKEA Lighting Cold,Home & Living,IKEA,190,912592.94,332173.1,36.11657894736842,312
1939,Lakme Fragrances Least,Beauty,Lakme,237,894567.8200000001,309564.7,34.57130801687764,388
1310,Puma Footwear Author,Fashion,Puma,175,889028.17,303639.95,33.797428571428576,298
1908,Biotique Haircare Pattern,Beauty,Biotique,240,885353.26,334667.74,37.53895833333333,387
1925,The Body Shop Beauty Tools Wait,Beauty,The Body Shop,234,872477.59,335699.87,38.22709401709402,394
1975,Cosco Footwear Look,Sports,Cosco,198,865114.88,168191.48,19.215202020202018,310
1422,Nike Kids Wear Occur,Fashion,Nike,207,857911.08,325616.9,37.709710144927534,341
1406,Van Heusen Footwear Feeling,Fashion,Van Heusen,222,855061.9500000001,390850.35000000003,45.440045045045046,393
1380,Van Heusen Ethnic Wear Now,Fashion,Van Heusen,187,842283.01,300052.45,35.21155080213904,333
1377,H&M Kids Wear Billion,Fashion,H&M,207,817182.05,354382.83,43.22618357487922,346
1433,Van Heusen Kids Wear Nice,Fashion,Van Heusen,186,815797.6,276183.7,33.5410752688172,315
1363,Nike Footwear Challenge,Fashion,Nike,200,808590.64,355352.92,43.76895,338
1416,Van Heusen Ethnic Wear Customer,Fashion,Van Heusen,202,806423.85,275345.0,33.82207920792079,335
1365,Van Heusen Ethnic Wear Cover,Fashion,Van Heusen,177,804794.0,354554.32,43.733333333333334,296
1335,Zara Accessories Customer,Fashion,Zara,162,801343.76,363220.1,45.17401234567902,282
1395,Zara Womens Wear Weight,Fashion,Zara,178,798669.78,321047.7,39.90539325842697,312
1288,Zara Footwear Hour,Fashion,Zara,201,793973.8200000001,362142.15,45.50940298507462,321
1774,Philips Furniture Federal,Home & Living,Philips,197,777243.53,240385.94999999998,30.723908629441624,347
1906,Nivea Skincare West,Beauty,Nivea,218,751438.42,199534.4,26.195,361
1386,Levis Ethnic Wear Time,Fashion,Levis,202,745359.9400000001,280842.24,37.43064356435644,335
1302,Levis Footwear Per,Fashion,Levis,199,739782.6799999999,283803.71,37.893266331658296,349
1278,Adidas Womens Wear Notice,Fashion,Adidas,193,729096.07,227438.35,30.775595854922276,318
1349,Nike Kids Wear Race,Fashion,Nike,176,728476.01,277534.76,38.056647727272725,285
1215,H&M Mens Wear Sound,Fashion,H&M,184,725511.04,311886.04000000004,42.86369565217392,300
1295,Nike Accessories Down,Fashion,Nike,183,718928.52,298583.77999999997,41.18622950819672,302
1294,Allen Solly Footwear End,Fashion,Allen Solly,191,710038.98,232602.99,32.63183246073299,323
1227,Puma Mens Wear Decide,Fashion,Puma,203,706832.88,278470.0,39.114285714285714,352
1322,Levis Womens Wear Notice,Fashion,Levis,192,706682.04,322067.04,45.36614583333333,333
1359,Zara Accessories Dark,Fashion,Zara,186,695198.45,298330.55,42.64241935483871,319
1910,LOreal Personal Care Safe,Beauty,LOreal,247,680291.18,188706.46,27.3731983805668,418
1317,H&M Ethnic Wear Economy,Fashion,H&M,197,674433.36,257790.36,38.13629441624366,348
1230,Adidas Ethnic Wear Sound,Fashion,Adidas,189,671922.37,279713.49,41.52301587301587,322
1970,Cosco Nutrition Apply,Sports,Cosco,196,660052.04,137154.56,20.482091836734696,342
1733,Nestle Dairy Once,Grocery,Nestle,201,657067.07,74863.52,11.359154228855722,355
1889,LOreal Personal Care Identify,Beauty,LOreal,200,652337.72,257242.02,39.1989,326
1273,Adidas Womens Wear Turn,Fashion,Adidas,195,652198.0,273726.16,41.95969230769231,321
1200,Puma Ethnic Wear Example,Fashion,Puma,214,650431.89,295152.17,45.23200934579439,346
1506,ITC Beverages Five,Grocery,ITC,217,648831.22,40740.82,5.868894009216589,360
1281,Levis Womens Wear Road,Fashion,Levis,168,645479.14,199316.94,30.73916666666667,278
1724,Dabur Staples First,Grocery,Dabur,207,637075.53,100380.61,15.585410628019323,356
1347,Allen Solly Footwear Report,Fashion,Allen Solly,173,627986.4,255608.24,40.37150289017341,308
1825,Philips Bedding Safe,Home & Living,Philips,216,626653.54,158659.69999999998,25.017314814814814,332
1527,ITC Staples On,Grocery,ITC,189,618850.93,67480.61,10.51047619047619,326
1509,Mother Dairy Staples Ready,Grocery,Mother Dairy,210,616378.31,37433.6,5.461285714285713,353
1999,Cosco Fitness Equipment Amount,Sports,Cosco,196,616352.19,122189.79,19.58515306122449,327
1691,ITC Fresh Produce Image,Grocery,ITC,197,613923.76,56010.16,9.013147208121827,334
1466,Dabur Snacks Relationship,Grocery,Dabur,193,609641.98,85753.42,13.34098445595855,324
1444,Levis Kids Wear Training,Fashion,Levis,190,601962.03,208800.03,34.473578947368416,330
1552,Dabur Staples Another,Grocery,Dabur,200,598834.43,47565.09,7.812200000000001,317
1619,ITC Snacks Since,Grocery,ITC,190,595679.48,53378.87,8.458526315789474,321
1499,Mother Dairy Personal Care Hope,Grocery,Mother Dairy,196,593036.93,70280.63,11.686683673469389,330
1537,ITC Personal Care Protect,Grocery,ITC,188,593021.78,72846.53,11.99845744680851,315
1610,HUL Fresh Produce Treatment,Grocery,HUL,196,590591.59,46390.01,7.6962244897959184,326
1598,Nestle Beverages Health,Grocery,Nestle,197,590398.01,121557.33,20.488730964467006,319
1931,Himalaya Beauty Tools Office,Beauty,Himalaya,256,590283.6,205921.86,34.609140625,414
1332,Nike Mens Wear Material,Fashion,Nike,192,588436.63,193195.63,32.56671875,319
1544,Nestle Beverages Whatever,Grocery,Nestle,191,585258.74,51778.67,8.438376963350786,311
1722,Amul Beverages Service,Grocery,Amul,210,584533.63,51427.81,8.45852380952381,351
1904,The Body Shop Personal Care Kitchen,Beauty,The Body Shop,243,582552.37,158922.42,27.185102880658437,419
1568,Britannia Dairy Bag,Grocery,Britannia,204,579093.33,74961.31,12.743382352941177,358
1732,Parle Dairy Find,Grocery,Parle,178,578567.29,36079.29,5.872303370786517,304
1614,HUL Staples Cost,Grocery,HUL,182,578314.53,71580.33,12.140494505494507,307
1662,Amul Dairy Family,Grocery,Amul,189,577643.82,63558.42,10.502539682539682,310
1671,Dabur Dairy Wrong,Grocery,Dabur,207,577552.04,93354.92,16.202753623188404,352
1338,Puma Mens Wear Reason,Fashion,Puma,173,577482.8,217536.01,37.38953757225434,287
1385,Zara Kids Wear Some,Fashion,Zara,190,575106.75,258151.23,44.69315789473685,288
1712,HUL Beverages Lawyer,Grocery,HUL,192,574806.17,120212.82,20.673125000000002,305
1498,Dabur Personal Care Election,Grocery,Dabur,197,572354.03,39413.93,6.683908629441625,330
1511,Mother Dairy Snacks Across,Grocery,Mother Dairy,201,572336.88,117319.12,20.17313432835821,326
1460,Amul Beverages Other,Grocery,Amul,206,570289.48,74034.58,12.706019417475728,345
1336,Allen Solly Kids Wear Between,Fashion,Allen Solly,207,566029.1,225810.96,39.63917874396135,358
1530,HUL Staples Father,Grocery,HUL,207,564920.08,118596.07,20.643961352657005,339
1667,Amul Personal Care Respond,Grocery,Amul,181,562888.69,91868.84,15.776243093922652,301
1620,Britannia Dairy Window,Grocery,Britannia,197,560650.0,102611.44,17.97060913705584,336
1525,HUL Dairy Both,Grocery,HUL,200,560455.73,77381.81,13.51275,336
1848,Milton Decor Serve,Home & Living,Milton,224,550052.18,126223.82,22.733482142857145,391
1513,Amul Staples Technology,Grocery,Amul,191,549163.23,103139.63,18.5413612565445,334
1512,Dabur Snacks Region,Grocery,Dabur,184,545310.77,72297.23,12.973858695652174,302
1560,Dabur Snacks Site,Grocery,Dabur,187,544166.35,115938.01,20.93005347593583,318
1590,ITC Fresh Produce Among,Grocery,ITC,175,544047.54,58381.26,10.418628571428572,297
1661,Parle Personal Care Spring,Grocery,Parle,195,543135.5700000001,48024.87,8.487794871794872,327
1375,Nike Kids Wear Total,Fashion,Nike,159,541470.84,247615.68,45.77459119496855,263
1674,Britannia Fresh Produce Understand,Grocery,Britannia,166,541338.37,30932.58,5.350060240963855,289
1734,Nestle Staples Care,Grocery,Nestle,192,540730.03,94375.03,17.092552083333334,327
1685,HUL Fresh Produce Stop,Grocery,HUL,177,540418.73,43411.62,7.966384180790961,293
1618,Amul Dairy Country,Grocery,Amul,198,540184.9,72247.76000000001,13.359141414141416,326
1600,Amul Snacks Opportunity,Grocery,Amul,215,538546.95,32647.64,5.810325581395349,371
1524,Mother Dairy Snacks Voice,Grocery,Mother Dairy,183,537812.98,29850.98,5.1665027322404375,325
1675,HUL Staples Every,Grocery,HUL,192,533042.48,79694.18000000001,14.700572916666665,321
1740,ITC Dairy Research,Grocery,ITC,193,530795.62,40662.64,7.599170984455959,339
1680,Parle Snacks Boy,Grocery,Parle,178,529199.29,45432.69,8.064157303370786,305
1624,HUL Snacks Its,Grocery,HUL,178,528993.04,79481.14,14.907191011235955,302
1882,The Body Shop Fragrances Front,Beauty,The Body Shop,260,525332.9,162001.12,30.61173076923077,434
1694,Dabur Snacks Customer,Grocery,Dabur,170,522300.71,62265.11,11.556588235294116,285
1570,Parle Personal Care Use,Grocery,Parle,193,521901.91,59456.41,11.08621761658031,330
1423,H&M Footwear Ask,Fashion,H&M,185,520432.96,245639.36000000002,46.88351351351352,316
1686,Mother Dairy Beverages Former,Grocery,Mother Dairy,191,518474.17,68784.01,13.010471204188482,318
1461,Parle Dairy Necessary,Grocery,Parle,176,516950.44,93604.9,17.59585227272727,303
1293,Adidas Kids Wear Camera,Fashion,Adidas,213,515437.19,170331.83000000002,32.85765258215962,342
1542,Britannia Beverages Enter,Grocery,Britannia,173,512420.81,66836.17,12.846647398843933,284
1211,H&M Kids Wear Type,Fashion,H&M,182,508719.45,195980.37,38.323076923076925,298
1495,Mother Dairy Staples Upon,Grocery,Mother Dairy,191,503992.56,80516.6,15.743403141361258,332
1579,Britannia Personal Care Old,Grocery,Britannia,181,501440.1,32252.1,6.1733701657458555,300
1726,Mother Dairy Fresh Produce For,Grocery,Mother Dairy,178,501062.58,74419.16,14.297865168539326,301
1217,Adidas Accessories Movement,Fashion,Adidas,177,500784.19,213155.88999999998,42.27033898305084,307
1501,Amul Beverages Coach,Grocery,Amul,176,493693.81,83373.46,16.58534090909091,297
1526,Mother Dairy Staples Situation,Grocery,Mother Dairy,178,493306.61,90090.61,17.754382022471912,275
1580,Mother Dairy Staples Choose,Grocery,Mother Dairy,193,489517.73,37658.63,7.107564766839378,310
1573,Mother Dairy Dairy Church,Grocery,Mother Dairy,197,484964.28,76296.57,15.317258883248732,319
1551,Amul Staples Factor,Grocery,Amul,172,482099.73,95622.66,19.545988372093024,287
1561,Parle Fresh Produce Letter,Grocery,Parle,171,481113.87,88490.67,18.34824561403509,292
1453,Mother Dairy Snacks Phone,Grocery,Mother Dairy,187,480390.67,50673.64,10.509732620320856,309
1615,HUL Fresh Produce Upon,Grocery,HUL,163,480352.64,48033.77,9.439877300613498,279
1720,Mother Dairy Personal Care Thus,Grocery,Mother Dairy,165,479001.43,32045.83,6.517636363636364,260
1218,H&M Mens Wear While,Fashion,H&M,205,478883.96,211863.88,43.923219512195125,326
1693,Nestle Personal Care Part,Grocery,Nestle,191,476573.8,36763.66,7.4258115183246085,322
1238,Levis Ethnic Wear Place,Fashion,Levis,184,475403.91,190571.91,39.859021739130434,320
1361,Nike Mens Wear Not,Fashion,Nike,196,475169.61,206134.25,42.985,341
1502,Parle Dairy Left,Grocery,Parle,192,474339.88,75325.88,15.560104166666667,308
1607,Mother Dairy Fresh Produce Wish,Grocery,Mother Dairy,205,473822.53,43778.09,8.789365853658536,356
1474,Dabur Fresh Produce Quite,Grocery,Dabur,170,473687.2,69437.5,14.61964705882353,285
1682,Mother Dairy Dairy Leader,Grocery,Mother Dairy,212,471638.19,35101.87,7.218537735849058,337
1325,Adidas Footwear Worry,Fashion,Adidas,174,471102.06,188425.26,39.74212643678161,282
1736,Parle Snacks Kitchen,Grocery,Parle,163,471010.63,54538.93,11.05717791411043,282
1636,Amul Beverages Idea,Grocery,Amul,194,470770.52,30277.670000000002,6.092989690721649,315
1574,Parle Staples Offer,Grocery,Parle,176,469687.09,90507.53,18.994318181818183,289
1621,Nestle Dairy Go,Grocery,Nestle,176,468360.06,89281.95,18.639261363636365,317
1583,Amul Beverages Analysis,Grocery,Amul,172,465907.73,57850.52,12.18232558139535,297
1599,Mother Dairy Beverages State,Grocery,Mother Dairy,189,465535.15,35062.9,7.223756613756613,325
1540,Mother Dairy Personal Care Mouth,Grocery,Mother Dairy,198,465078.09,31663.989999999998,6.805202020202021,310
1589,Mother Dairy Personal Care Traditional,Grocery,Mother Dairy,181,460358.3,62797.88,13.382209944751382,318
1622,Amul Personal Care Stay,Grocery,Amul,192,459844.48,72164.53,15.428333333333335,315
1528,ITC Dairy Clearly,Grocery,ITC,193,458433.29,53930.87,11.198652849740933,313
1588,Britannia Personal Care Style,Grocery,Britannia,186,457868.07,33416.01,6.945215053763441,307
1728,Mother Dairy Beverages Issue,Grocery,Mother Dairy,204,456709.91,77297.03,16.528088235294117,343
1625,Parle Staples Suffer,Grocery,Parle,184,456167.51,60868.58,13.273260869565217,299
1788,Philips Furniture Decide,Home & Living,Philips,206,456162.0,141064.0,30.784805825242717,350
1652,Mother Dairy Beverages Dog,Grocery,Mother Dairy,200,455326.68,87235.32,18.859299999999998,336
1308,Allen Solly Kids Wear Artist,Fashion,Allen Solly,202,453336.15,160776.98,35.31158415841584,347
1220,Puma Kids Wear Truth,Fashion,Puma,170,453274.66000000003,212689.08,46.59335294117647,277
1459,Dabur Personal Care Past,Grocery,Dabur,186,451861.42,37124.02,7.854784946236559,308
1555,HUL Dairy Spend,Grocery,HUL,183,451850.41,39573.25,8.540546448087431,291
1486,Britannia Fresh Produce Black,Grocery,Britannia,185,448526.04,37644.38,8.083081081081081,322
1522,Amul Snacks Everything,Grocery,Amul,161,447378.15,66224.09,14.455652173913045,266
1593,Nestle Fresh Produce Develop,Grocery,Nestle,206,446864.0,29978.75,6.355242718446602,339
1352,Allen Solly Footwear Interesting,Fashion,Allen Solly,203,446280.62,209314.49,46.62098522167487,333
1649,Dabur Beverages Stuff,Grocery,Dabur,208,444512.95,76554.43000000001,16.992884615384614,362
1895,Biotique Personal Care Join,Beauty,Biotique,215,443382.24,165899.34,37.49562790697674,366
1918,Maybelline Makeup According,Beauty,Maybelline,251,443345.71,140126.71,31.334223107569724,420
1751,Urban Ladder Decor Fly,Home & Living,Urban Ladder,194,442200.16000000003,118111.34,26.41123711340206,314
1229,H&M Ethnic Wear Hour,Fashion,H&M,212,440766.69,147000.09,32.90632075471698,353
1545,Mother Dairy Dairy Throughout,Grocery,Mother Dairy,145,437969.92,63987.22,14.541034482758619,247
1425,Levis Ethnic Wear Former,Fashion,Levis,194,436410.02,187074.92,42.684845360824745,315
1483,Britannia Fresh Produce Low,Grocery,Britannia,201,435618.64,42888.64,9.689800995024877,318
1738,Nestle Dairy Yard,Grocery,Nestle,176,433664.86,74848.06,16.877329545454543,282
1703,HUL Fresh Produce Nothing,Grocery,HUL,169,433064.94,75914.04,17.35621301775148,271
1471,Amul Snacks Individual,Grocery,Amul,201,432685.26,79183.38,18.185721393034825,348
1546,Parle Staples Approach,Grocery,Parle,220,432359.9,59803.2,13.658681818181819,370
1264,Van Heusen Ethnic Wear Car,Fashion,Van Heusen,205,430241.24,191704.64,44.37078048780488,348
1647,Nestle Fresh Produce Focus,Grocery,Nestle,168,430173.18,36374.28,8.086488095238096,282
1510,Nestle Personal Care Newspaper,Grocery,Nestle,201,426804.95,42144.229999999996,9.416169154228855,321
1942,Maybelline Personal Care Improve,Beauty,Maybelline,196,425219.72,142903.56,33.195408163265306,328
1672,Nestle Dairy Ahead,Grocery,Nestle,183,424820.89,52156.26,11.73311475409836,299
1565,HUL Dairy Option,Grocery,HUL,175,424672.25,54150.35,12.645714285714286,309
1692,Amul Dairy We,Grocery,Amul,201,422581.79,46075.29,10.516019900497513,335
1488,Dabur Staples Note,Grocery,Dabur,208,419795.15,26336.91,5.911682692307692,368
1704,Amul Beverages Right,Grocery,Amul,210,417546.8,79938.2,19.065523809523807,372
1503,Dabur Fresh Produce These,Grocery,Dabur,183,416064.91000000003,80824.03,19.1051912568306,312
1934,LOreal Haircare Water,Beauty,LOreal,225,415998.16000000003,153040.66,36.76857777777778,390
1577,Nestle Staples Hope,Grocery,Nestle,211,413877.04,69963.73,16.58047393364929,351
1714,Mother Dairy Fresh Produce Red,Grocery,Mother Dairy,200,413820.57,79349.29,19.0154,338
1635,Britannia Personal Care Box,Grocery,Britannia,176,413752.49,81163.43000000001,19.242102272727273,309
1549,Mother Dairy Fresh Produce Land,Grocery,Mother Dairy,162,411689.0,44636.299999999996,10.770185185185184,277
1571,Dabur Fresh Produce Rock,Grocery,Dabur,176,410700.69,58640.49,14.293352272727274,317
1591,Amul Fresh Produce Way,Grocery,Amul,189,408720.85,83667.73,20.00962962962963,336
1723,ITC Snacks We,Grocery,ITC,191,408652.63,75754.57,18.272617801047122,309
1243,Puma Accessories Woman,Fashion,Puma,213,408223.76,145448.99,35.33859154929577,373
1531,ITC Beverages Point,Grocery,ITC,169,405809.27,50927.27,12.440355029585799,275
1557,ITC Personal Care Public,Grocery,ITC,201,403786.73,59181.130000000005,14.380895522388059,355
1653,Nestle Personal Care Agent,Grocery,Nestle,175,403580.51,71516.69,17.427942857142856,297
1493,Parle Beverages Worker,Grocery,Parle,190,402973.27999999997,48532.57,12.021105263157894,307
1627,Amul Snacks Treat,Grocery,Amul,181,401400.63,49265.01,11.6553591160221,306
1575,Mother Dairy Fresh Produce Also,Grocery,Mother Dairy,173,400428.13,73223.23,17.911618497109828,297
1683,ITC Fresh Produce Hair,Grocery,ITC,183,399944.22,77246.88,18.935409836065574,294
1609,Dabur Fresh Produce Economic,Grocery,Dabur,191,399410.35,38812.75,9.420575916230366,319
1702,Britannia Staples Sure,Grocery,Britannia,191,397394.42,51247.72,12.799685863874346,313
1739,Britannia Dairy Hundred,Grocery,Britannia,142,395036.21,49224.590000000004,11.987323943661972,259
1617,Parle Dairy Ago,Grocery,Parle,188,393006.58999999997,45458.83,11.363031914893616,314
1664,Nestle Personal Care Put,Grocery,Nestle,195,392674.17,52794.71,13.137692307692307,311
1464,HUL Fresh Produce Every,Grocery,HUL,189,391988.7,35278.45,8.687407407407406,325
1567,Britannia Staples Brother,Grocery,Britannia,173,390203.14,26675.920000000002,6.274104046242775,298
1735,HUL Staples Dark,Grocery,HUL,207,389710.4,65946.25,16.81231884057971,359
1455,Nestle Beverages President,Grocery,Nestle,205,389367.56,37765.16,9.171951219512195,344
1475,ITC Fresh Produce First,Grocery,ITC,204,388047.72,61996.85,15.786666666666667,337
1585,HUL Staples His,Grocery,HUL,188,383837.0,80079.0,20.44287234042553,325
1748,Dabur Fresh Produce Official,Grocery,Dabur,193,382411.56,48022.58,12.430466321243523,323
1721,Nestle Snacks Capital,Grocery,Nestle,177,382315.86,47715.66,12.123220338983051,297
1587,Dabur Personal Care Worker,Grocery,Dabur,185,382276.89999999997,53259.4,13.473189189189188,315
1257,Nike Ethnic Wear Sign,Fashion,Nike,204,381792.46,118985.74,31.115392156862743,352
1409,H&M Accessories Side,Fashion,H&M,182,378600.25,138021.65,36.23582417582418,310
1492,Mother Dairy Staples Cause,Grocery,Mother Dairy,161,377039.06,48740.5,12.793913043478263,272
1554,Parle Staples Goal,Grocery,Parle,163,375073.58,29333.12,7.784969325153375,282
1681,ITC Fresh Produce Pick,Grocery,ITC,181,374137.27,58201.33,15.592209944751382,313
1212,Puma Kids Wear Serve,Fashion,Puma,181,373935.27999999997,148963.72,39.74563535911602,297
1678,ITC Fresh Produce Evidence,Grocery,ITC,138,371027.81,42072.35,10.993478260869564,218
1507,Dabur Fresh Produce Population,Grocery,Dabur,169,369994.71,73360.46,19.428224852071004,275
1456,Britannia Snacks Beat,Grocery,Britannia,174,367517.72,43159.84,11.395402298850575,308
1485,Britannia Staples Order,Grocery,Britannia,177,366981.2,73156.1,19.391242937853107,290
1603,HUL Beverages Investment,Grocery,HUL,168,363338.07,44217.87,12.009583333333333,279
1641,Nestle Fresh Produce Doctor,Grocery,Nestle,182,361410.6,21841.2,5.842417582417582,335
1576,Britannia Fresh Produce They,Grocery,Britannia,167,360973.2,58006.04,15.771616766467067,271
1543,Mother Dairy Dairy Western,Grocery,Mother Dairy,184,359587.89999999997,30139.1,7.917445652173913,305
1484,Parle Beverages Pretty,Grocery,Parle,185,357769.33,47540.37,13.297297297297296,328
1634,Amul Staples Science,Grocery,Amul,181,350377.44,34891.54,9.65718232044199,305
1646,Mother Dairy Beverages Hard,Grocery,Mother Dairy,188,349014.63,53827.95,15.386170212765958,324
1586,Nestle Personal Care Way,Grocery,Nestle,170,346880.25,31704.57,8.727941176470589,288
1562,ITC Personal Care Ok,Grocery,ITC,170,341701.09,47737.42,13.668235294117647,273
1236,Allen Solly Womens Wear Why,Fashion,Allen Solly,196,341618.02,153861.35,44.87168367346939,323
1699,Mother Dairy Snacks Ability,Grocery,Mother Dairy,172,337894.09,53900.17,15.558313953488373,288
1923,The Body Shop Beauty Tools In,Beauty,The Body Shop,200,336757.8,97315.93000000001,28.5365,337
1665,Parle Beverages Mr,Grocery,Parle,196,335741.26999999996,55490.35,16.40015306122449,316
1747,Dabur Dairy Into,Grocery,Dabur,180,332469.42,52654.38,15.7345,288
1520,Britannia Personal Care Unit,Grocery,Britannia,191,328956.84,59411.74,17.79874345549738,317
1382,Nike Mens Wear Administration,Fashion,Nike,209,326481.0,129951.78,39.66196172248804,353
1716,Amul Beverages Give,Grocery,Amul,192,323254.99,49807.73,15.084479166666666,346
1314,Zara Footwear Give,Fashion,Zara,185,322367.83,115180.07,35.409567567567564,328
1945,Biotique Personal Care Respond,Beauty,Biotique,228,322211.97,101764.47,31.283859649122807,390
1707,Britannia Dairy Site,Grocery,Britannia,190,321032.87,64629.17,19.888736842105263,315
1881,Biotique Haircare Government,Beauty,Biotique,227,320907.54,108707.7,33.62621145374449,387
1428,Adidas Womens Wear Pattern,Fashion,Adidas,196,315121.08,121242.33,38.42668367346939,325
1656,ITC Snacks Inside,Grocery,ITC,172,313514.77,59419.49,18.437093023255816,296
1658,Nestle Fresh Produce Family,Grocery,Nestle,189,312771.31,52532.51,16.66989417989418,310
1457,Nestle Snacks Kind,Grocery,Nestle,180,311458.8,39282.31,12.385055555555555,293
1709,Amul Fresh Produce Religious,Grocery,Amul,211,308527.87,62289.01,19.737109004739334,354
1640,Dabur Beverages Many,Grocery,Dabur,169,307987.3,48017.06,15.230710059171596,263
1879,Himalaya Skincare Easy,Beauty,Himalaya,202,307367.06,106053.37,34.29678217821782,337
1725,Parle Personal Care Movement,Grocery,Parle,196,306596.0,47114.4,15.030051020408163,320
1645,Britannia Beverages Magazine,Grocery,Britannia,230,300693.26,23364.78,7.322173913043478,391
1985,Adidas Outdoor Gear Entire,Sports,Adidas,191,300608.51,84658.15,27.85916230366492,314
1439,Zara Womens Wear Cultural,Fashion,Zara,204,298213.61,103283.51,34.5218137254902,354
1741,ITC Staples Smile,Grocery,ITC,174,291904.08999999997,15451.69,5.258333333333334,280
1305,Allen Solly Mens Wear Avoid,Fashion,Allen Solly,175,290535.11,126611.42,43.362,289
1637,Dabur Fresh Produce Turn,Grocery,Dabur,194,290496.54,20779.96,6.922783505154639,314
1688,Parle Dairy Police,Grocery,Parle,188,285330.09,39019.29,13.60718085106383,332
1529,Mother Dairy Fresh Produce Expert,Grocery,Mother Dairy,191,284587.99,42223.79,14.61874345549738,310
1478,Dabur Beverages Woman,Grocery,Dabur,167,283696.13,17127.079999999998,5.650479041916167,285
1612,Parle Fresh Produce Such,Grocery,Parle,204,282972.06,44786.94,15.69799019607843,348
1569,Britannia Beverages You,Grocery,Britannia,179,282234.11,41084.69,13.80882681564246,306
1602,Dabur Dairy Two,Grocery,Dabur,185,280147.89,48530.53,17.068216216216214,299
1715,Amul Personal Care Wife,Grocery,Amul,199,278800.54,38023.66,13.098442211055277,318
1477,Britannia Staples Four,Grocery,Britannia,189,275059.57,31091.12,11.092910052910053,341
1462,Dabur Staples Four,Grocery,Dabur,184,268840.02,15355.06,5.365760869565217,328
1689,Parle Snacks Much,Grocery,Parle,218,262816.85,37435.049999999996,13.889862385321102,380
1749,Britannia Beverages These,Grocery,Britannia,200,262526.82,51964.08,19.38715,354
1541,Britannia Personal Care Middle,Grocery,Britannia,186,261411.09,50011.59,19.06295698924731,325
1437,Adidas Accessories Be,Fashion,Adidas,195,259099.95,86674.14,33.22876923076923,317
1489,Dabur Dairy Different,Grocery,Dabur,160,255731.33,37101.58,14.078437500000001,269
1698,Nestle Dairy Least,Grocery,Nestle,179,255580.41,24326.52,9.209441340782123,307
1605,Parle Personal Care So,Grocery,Parle,190,252966.34,31523.58,12.094105263157894,308
1532,Dabur Dairy Develop,Grocery,Dabur,185,251777.12,44080.4,17.398486486486487,308
1497,Parle Fresh Produce Until,Grocery,Parle,195,251573.72,17156.12,6.436871794871794,360
1657,Dabur Personal Care Get,Grocery,Dabur,168,246154.42,37968.299999999996,15.004821428571429,283
1676,Amul Beverages Could,Grocery,Amul,191,243222.11000000002,40769.63,16.6130890052356,288
1613,ITC Dairy Talk,Grocery,ITC,184,242480.75,23394.79,9.685271739130433,316
1553,HUL Snacks About,Grocery,HUL,194,242117.08,43480.68,17.66762886597938,314
1677,Britannia Staples Partner,Grocery,Britannia,174,241987.28,44572.1,18.25114942528736,261
1907,Himalaya Beauty Tools Speech,Beauty,Himalaya,203,241364.07,100043.06999999999,41.209605911330044,340
1611,Amul Personal Care Commercial,Grocery,Amul,175,241128.48,47782.26,19.690399999999997,291
1730,Britannia Beverages Interesting,Grocery,Britannia,190,240099.38,37954.43,15.468,315
1633,HUL Beverages Store,Grocery,HUL,188,237484.77,30892.25,12.870372340425533,313
1452,Dabur Beverages Particular,Grocery,Dabur,180,236897.4,48381.24,20.096055555555555,288
1420,Van Heusen Ethnic Wear Particularly,Fashion,Van Heusen,206,230402.05,95590.8,41.12009708737864,355
1654,Mother Dairy Snacks Receive,Grocery,Mother Dairy,197,229496.0,42164.12,18.150964467005075,348
1743,Dabur Dairy Contain,Grocery,Dabur,174,228654.65,37276.71,16.031494252873564,299
1441,Zara Accessories Physical,Fashion,Zara,191,226410.13,72373.63,32.12612565445026,309
1228,Puma Accessories Claim,Fashion,Puma,217,225937.95,86848.26,38.383594470046084,361
1397,H&M Mens Wear Community,Fashion,H&M,183,224837.14,101306.98,44.70923497267759,312
1899,Biotique Personal Care Man,Beauty,Biotique,221,224759.97,59059.67,25.878325791855204,358
1744,Dabur Beverages Power,Grocery,Dabur,181,224627.38,30069.54,12.98353591160221,296
1564,Mother Dairy Snacks Late,Grocery,Mother Dairy,173,223199.93,22851.73,9.788612716763007,307
1894,The Body Shop Haircare Attack,Beauty,The Body Shop,234,222546.54,75179.46,33.38380341880342,378
1673,Parle Snacks Business,Grocery,Parle,189,218952.66,25506.16,11.262592592592593,325
1320,Zara Womens Wear Mention,Fashion,Zara,183,218762.67,79309.31999999999,36.08081967213115,293
1514,Nestle Staples Once,Grocery,Nestle,203,216246.78,40301.46,18.27152709359606,348
1534,Britannia Beverages Gun,Grocery,Britannia,178,211324.71,20109.329999999998,9.243820224719101,309
1235,Levis Accessories Nice,Fashion,Levis,188,208670.13,96763.09,46.31973404255319,328
1538,Dabur Fresh Produce Tonight,Grocery,Dabur,175,206874.94,31738.88,15.287428571428572,281
1449,Puma Kids Wear Voice,Fashion,Puma,189,204997.12,66803.47,32.255343915343914,315
1718,Mother Dairy Snacks Former,Grocery,Mother Dairy,198,203553.63,34496.17,16.418939393939393,338
1518,Nestle Personal Care Body,Grocery,Nestle,187,200669.06,34528.1,16.66090909090909,303
1710,Mother Dairy Beverages Debate,Grocery,Mother Dairy,190,199429.6,26451.6,12.899526315789473,325
1596,Mother Dairy Snacks Reflect,Grocery,Mother Dairy,172,196640.3,28867.9,14.510116279069766,295
1697,Britannia Beverages Section,Grocery,Britannia,179,193996.44,35135.62,17.88357541899441,298
1737,ITC Personal Care Red,Grocery,ITC,187,193948.62,32701.76,16.64053475935829,302
1706,HUL Snacks Yard,Grocery,HUL,222,193945.17,12171.57,5.953468468468468,368
1594,ITC Dairy Rest,Grocery,ITC,185,193204.81,33826.67,17.510216216216214,326
1521,Amul Fresh Produce Center,Grocery,Amul,193,193161.05,30445.15,15.556424870466321,310
1490,Dabur Staples Move,Grocery,Dabur,179,192952.69999999998,33588.26,17.302569832402234,298
1458,Amul Beverages Really,Grocery,Amul,193,188962.44,38629.18,20.33321243523316,329
1642,ITC Snacks Decision,Grocery,ITC,169,186142.71,23934.71,12.769526627218935,296
1742,Nestle Personal Care Weight,Grocery,Nestle,178,179636.75,19482.47,10.853764044943821,286
1535,Amul Personal Care Democrat,Grocery,Amul,189,178870.4,15145.28,8.272063492063493,312
1581,Parle Personal Care Law,Grocery,Parle,159,178215.08,31081.73,17.235220125786164,273
1913,Maybelline Fragrances Up,Beauty,Maybelline,249,178147.9,73330.12,40.81200803212852,438
1533,Britannia Personal Care Series,Grocery,Britannia,225,174244.47,12733.33,6.858444444444445,371
1695,Mother Dairy Personal Care Environmental,Grocery,Mother Dairy,218,169742.23,11598.68,6.576651376146789,365
1470,ITC Personal Care Evidence,Grocery,ITC,193,169567.79,23874.59,13.83544041450777,317
1504,Dabur Fresh Produce Of,Grocery,Dabur,198,166727.78,23027.079999999998,13.567727272727272,338
1679,Britannia Snacks American,Grocery,Britannia,186,163897.67,23805.350000000002,14.380752688172043,304
1482,ITC Staples Act,Grocery,ITC,175,162682.48,18426.16,11.088971428571428,288
1660,Nestle Beverages Available,Grocery,Nestle,189,158757.16999999998,11973.82,7.213121693121693,329
1897,The Body Shop Haircare Give,Beauty,The Body Shop,244,158728.88,43092.799999999996,27.106024590163933,392
1631,Dabur Beverages Example,Grocery,Dabur,163,158656.6,20388.72,12.741411042944785,262
1516,Nestle Dairy Work,Grocery,Nestle,214,158654.13,12325.41,7.275560747663551,349
1496,Mother Dairy Dairy Authority,Grocery,Mother Dairy,174,158337.84,24104.8,14.799310344827585,296
1670,HUL Staples Glass,Grocery,HUL,181,156880.53,19916.13,12.257016574585636,311
1890,Dove Personal Care Rule,Beauty,Dove,248,156866.93,63879.65,40.558346774193545,408
1559,Amul Personal Care Color,Grocery,Amul,173,155486.2,11276.199999999999,7.107630057803467,300
1638,Mother Dairy Beverages American,Grocery,Mother Dairy,202,155271.86,33253.86,21.104851485148515,325
1481,HUL Beverages Baby,Grocery,HUL,189,154386.82,17743.54,11.015661375661375,321
1523,Parle Snacks Business,Grocery,Parle,193,154364.03,8129.6,5.022279792746113,339
1463,Dabur Personal Care Worry,Grocery,Dabur,174,151995.43,21384.77,13.97735632183908,289
1572,ITC Fresh Produce Well,Grocery,ITC,176,151278.25,29456.079999999998,19.161647727272726,289
1630,Nestle Personal Care Energy,Grocery,Nestle,181,150431.32,27096.68,17.589171270718232,286
1547,Britannia Staples Best,Grocery,Britannia,197,149485.34,11647.01,7.5779695431472085,331
1454,Amul Staples Among,Grocery,Amul,175,145504.69,18182.99,12.301542857142858,283
1494,HUL Dairy Happy,Grocery,HUL,169,144859.61,26452.61,17.88905325443787,300
1604,Nestle Snacks Pressure,Grocery,Nestle,164,144613.46,29943.7,20.61567073170732,272
1746,Parle Personal Care Fish,Grocery,Parle,197,142792.23,8668.8,5.862690355329949,321
1556,Britannia Staples Case,Grocery,Britannia,192,139730.31,18657.05,13.112447916666667,319
1505,ITC Fresh Produce Score,Grocery,ITC,189,139653.83,30153.71,21.373015873015873,318
1451,Parle Dairy Employee,Grocery,Parle,216,138837.01,19891.11,14.00537037037037,386
1933,Dove Personal Care Player,Beauty,Dove,189,137459.85,38279.13,27.423121693121693,333
1450,Nestle Personal Care Over,Grocery,Nestle,200,134122.96,6888.79,4.9137,329
1668,Britannia Snacks Threat,Grocery,Britannia,199,132517.18,21555.13,15.980150753768843,335
1628,Mother Dairy Dairy Simple,Grocery,Mother Dairy,194,132270.8,17181.079999999998,12.834639175257733,334
1666,Mother Dairy Personal Care Instead,Grocery,Mother Dairy,184,130771.61,27963.71,20.97695652173913,290
1500,ITC Beverages Feel,Grocery,ITC,208,130005.15,17971.23,13.516442307692309,354
1539,Britannia Snacks Everything,Grocery,Britannia,181,129872.93,26095.43,19.783701657458565,303
1687,Parle Beverages Least,Grocery,Parle,167,129564.59,24503.23,18.67005988023952,268
1508,Parle Snacks Surface,Grocery,Parle,200,126250.85,18276.23,14.183250000000001,351
1548,Britannia Personal Care Protect,Grocery,Britannia,181,125992.49,10531.89,8.002375690607735,290
1472,Mother Dairy Staples Catch,Grocery,Mother Dairy,184,124808.95999999999,8114.57,5.673043478260869,303
1719,Mother Dairy Staples Record,Grocery,Mother Dairy,173,124514.73,20568.63,16.192947976878614,310
1616,HUL Staples Itself,Grocery,HUL,169,122063.28,7708.87,5.792899408284024,289
1729,Nestle Staples General,Grocery,Nestle,174,121758.40000000001,18253.05,14.793505747126437,289
1745,Parle Personal Care Outside,Grocery,Parle,161,120298.95,13939.5,11.39080745341615,257
1705,HUL Fresh Produce Serve,Grocery,HUL,172,116982.12,8224.68,6.8091279069767445,288
1476,Britannia Beverages Lot,Grocery,Britannia,204,116972.31,23685.69,19.823529411764707,333
1663,Parle Staples Have,Grocery,Parle,202,115178.13,20589.03,17.793663366336634,318
1684,Amul Personal Care Shoulder,Grocery,Amul,188,111968.76,10306.36,8.94313829787234,313
1696,Dabur Beverages Another,Grocery,Dabur,200,110244.83,14811.59,13.39605,326
1700,Britannia Fresh Produce Nature,Grocery,Britannia,189,109664.89,9631.79,8.181534391534392,326
1690,Nestle Staples Business,Grocery,Nestle,193,104976.97,11841.69,11.137720207253885,322
1479,HUL Beverages Society,Grocery,HUL,191,104878.92,17773.52,16.898272251308903,316
1639,Nestle Personal Care Town,Grocery,Nestle,204,103577.49,13822.29,13.058284313725489,360
1582,HUL Fresh Produce Care,Grocery,HUL,183,102878.52,18468.36,18.01688524590164,321
1578,Parle Beverages Pass,Grocery,Parle,190,102032.06,19182.56,18.812736842105263,323
1467,Dabur Personal Care Sense,Grocery,Dabur,181,101727.22,10813.6,10.202983425414365,294
1648,HUL Personal Care Tend,Grocery,HUL,179,100560.15,7278.15,6.753575418994414,300
1717,Nestle Beverages Price,Grocery,Nestle,208,97804.09,5399.65,5.31326923076923,348
1606,Parle Staples Clear,Grocery,Parle,168,93273.62,16462.6,17.541011904761906,286
1873,Dove Haircare Edge,Beauty,Dove,227,91599.68000000001,27396.3,29.586872246696036,386
1623,Amul Dairy Word,Grocery,Amul,203,91035.07,5360.650000000001,5.694729064039409,342
1473,HUL Fresh Produce Remain,Grocery,HUL,178,85482.34,16909.22,19.31994382022472,308
1626,ITC Fresh Produce Relationship,Grocery,ITC,202,80857.33,6161.17,7.137326732673268,336
1469,HUL Personal Care Edge,Grocery,HUL,201,80384.83,11600.87,14.304278606965173,334
1465,ITC Snacks Democratic,Grocery,ITC,166,74349.82,13822.539999999999,18.24222891566265,264
1731,Parle Personal Care Same,Grocery,Parle,178,74144.92,11749.369999999999,15.598483146067418,337
1876,Lakme Haircare Bank,Beauty,Lakme,229,70910.28,21013.32,29.47248908296943,384
1592,Dabur Snacks Help,Grocery,Dabur,187,68755.81999999999,13892.9,19.945347593582888,324
1563,Britannia Fresh Produce Season,Grocery,Britannia,209,67500.31999999999,8167.68,11.998851674641147,368
1943,Dove Skincare Great,Beauty,Dove,224,64623.98,19473.42,30.029732142857142,392
1643,ITC Fresh Produce Technology,Grocery,ITC,208,64044.09,7332.99,11.209375000000001,345
1491,Parle Snacks Evidence,Grocery,Parle,183,63961.98,4410.4800000000005,6.429071038251366,290
1558,Nestle Personal Care Everybody,Grocery,Nestle,187,60286.29,11448.49,18.7048128342246,316
1659,Nestle Fresh Produce Treatment,Grocery,Nestle,205,57170.09,3931.31,6.621658536585366,329
1480,ITC Beverages Would,Grocery,ITC,189,56621.84,8676.039999999999,15.101640211640213,322
1608,HUL Snacks Wonder,Grocery,HUL,179,54386.85,9092.75,16.116648044692738,310
1566,Parle Dairy Act,Grocery,Parle,182,53696.74,4724.76,8.55978021978022,313
1655,Britannia Snacks Data,Grocery,Britannia,181,52929.93,10525.03,19.410883977900554,310
1517,Nestle Beverages Record,Grocery,Nestle,195,50130.47,8442.95,16.54266666666667,304
1595,Dabur Beverages Enjoy,Grocery,Dabur,195,48968.92,7345.84,14.60148717948718,334
1519,ITC Beverages Wrong,Grocery,ITC,184,44494.75,4618.55,10.137010869565218,313
1669,Nestle Snacks Not,Grocery,Nestle,178,43514.93,2514.22,5.504550561797753,281
1629,Nestle Staples Talk,Grocery,Nestle,170,41068.76,5915.18,14.421470588235294,294
1550,Amul Snacks Themselves,Grocery,Amul,186,40416.16,8538.88,20.905483870967743,314
1651,Dabur Snacks Drive,Grocery,Dabur,165,32032.690000000002,4560.7,13.884,273
1708,Parle Snacks Since,Grocery,Parle,192,31524.59,2262.11,6.85015625,339
1597,ITC Staples Board,Grocery,ITC,183,31281.91,5934.03,19.006120218579234,298
1536,Britannia Beverages Right,Grocery,Britannia,179,30743.22,1718.73,5.250558659217877,313
1650,Mother Dairy Dairy Try,Grocery,Mother Dairy,214,28521.600000000002,5890.51,19.963130841121494,361
1701,Dabur Personal Care Wish,Grocery,Dabur,191,27890.9,4711.86,16.481361256544503,317
1515,Britannia Dairy Firm,Grocery,Britannia,193,27690.56,4100.24,14.512227979274613,312
1727,HUL Fresh Produce Reflect,Grocery,HUL,201,27239.15,5598.35,20.39592039800995,355
1711,ITC Dairy Himself,Grocery,ITC,168,26281.6,2035.6,7.20125,270
1644,Parle Snacks Why,Grocery,Parle,170,22790.44,1617.96,6.807647058823529,278
1487,Britannia Personal Care Back,Grocery,Britannia,179,21660.79,2033.14,8.820223463687151,279
1601,Parle Personal Care Usually,Grocery,Parle,193,19650.149999999998,2159.11,10.777098445595856,322
1468,Amul Fresh Produce Former,Grocery,Amul,209,18716.02,3741.58,19.84066985645933,348
1632,Nestle Snacks Collection,Grocery,Nestle,186,13005.539999999999,959.9399999999999,6.772311827956989,315
1584,Parle Staples Foot,Grocery,Parle,205,10750.99,1073.37,9.651121951219512,346
1713,Parle Staples Available,Grocery,Parle,176,8186.610000000001,1669.66,20.190738636363637,289
