date,revenue,transactions,profit,is_anomaly,anomaly_score
2022-11-24,7213435.87,181,1416247.88,0,-0.3999155226440975
2022-11-25,8002480.99,190,1383162.62,0,-0.41534152120953255
2022-11-26,6807588.0600000005,189,1185724.15,0,-0.42226991976762535
2022-11-27,8877109.69,198,1697225.58,0,-0.4885730960915112
2022-11-28,6497490.76,185,1108734.27,0,-0.41915276657710593
2022-11-29,8243010.77,181,1361331.31,0,-0.44529999822200794
2022-11-30,7763942.0,183,1353034.6,0,-0.4237615219414236
2022-12-01,5894758.47,148,1013565.46,1,-0.6678218615348236
2022-12-02,7046343.68,178,1280541.51,0,-0.4103313521257098
2022-12-03,9501808.01,182,1708628.36,0,-0.5024033645907088
2022-12-04,7547943.21,181,1307136.88,0,-0.4044741391248736
2022-12-05,7399050.21,184,1322522.5,0,-0.413706841249027
2022-12-06,9076292.22,194,1535438.93,0,-0.4870545877056442
2022-12-07,8426279.98,192,1396505.51,0,-0.45898206298066246
2022-12-08,6653308.92,175,1112163.46,0,-0.41749258630621244
2022-12-09,6883210.99,177,1342549.04,0,-0.40467394448576055
2022-12-10,7772991.91,187,1310738.96,0,-0.48144209452995057
2022-12-11,7098865.09,172,1270716.13,0,-0.43197673367932204
2022-12-12,7951662.03,167,1546686.69,0,-0.4801046966650672
2022-12-13,7074943.04,175,1243811.64,0,-0.4772567620918597
2022-12-14,9077790.83,179,1519604.79,0,-0.4889549917352474
2022-12-15,7934318.16,195,1500095.78,0,-0.4426704422220318
2022-12-16,9224872.61,179,1689921.83,0,-0.5110244991118915
2022-12-17,7796833.31,189,1305469.13,0,-0.4423966640816747
2022-12-18,7548818.79,177,1384880.2,0,-0.40982644014331715
2022-12-19,9231971.6,193,1533878.48,0,-0.46777746797764913
2022-12-20,8002095.94,206,1378870.77,0,-0.4923109586255789
2022-12-21,7637087.24,208,1332811.06,0,-0.5294713737020754
2022-12-22,8781131.41,211,1575181.57,0,-0.5503011400255049
2022-12-23,7843213.689999999,190,1410786.67,0,-0.4264566510029823
2022-12-24,6235452.55,163,1196389.04,0,-0.4690524296089295
2022-12-25,8376298.35,188,1403282.41,0,-0.4523139536885813
2022-12-26,6050646.68,171,1095953.01,0,-0.42036948289423565
2022-12-27,9357647.29,192,1634591.79,0,-0.48500139944466164
2022-12-28,11212142.21,204,2007359.12,1,-0.6320611805095727
2022-12-29,7989897.68,184,1410282.58,0,-0.4403501267980507
2022-12-30,8508100.16,200,1575048.5,0,-0.4919096199596443
2022-12-31,6803121.43,170,1134765.51,0,-0.47399451005546006
2023-01-01,6658755.32,184,1323305.45,0,-0.4085149118332996
2023-01-02,7637641.59,178,1729297.26,0,-0.44342725520050935
2023-01-03,5948607.08,189,1304564.19,0,-0.42846160685933576
2023-01-04,7863349.2,188,1842322.78,0,-0.5138195692027403
2023-01-05,6971539.89,186,1607407.74,0,-0.444722232286941
2023-01-06,7352837.68,203,1708228.81,0,-0.4775550994704735
2023-01-07,5628051.88,185,1342902.36,0,-0.3952544968742531
2023-01-08,5765147.55,184,1358701.49,0,-0.3966546603301817
2023-01-09,5285917.84,195,1202146.31,0,-0.4452200931586257
2023-01-10,6482924.92,182,1529794.46,0,-0.41656768218106843
2023-01-11,7337636.17,190,1613977.33,0,-0.41800301545245405
2023-01-12,5150212.95,199,1214739.66,0,-0.4711427026593395
2023-01-13,8135022.29,190,1810090.73,0,-0.47221811983988465
2023-01-14,5214486.67,171,1244210.19,0,-0.4010535920874873
2023-01-15,5379034.67,170,1237235.73,0,-0.4571969081468933
2023-01-16,6482032.83,196,1411710.09,0,-0.4483698240203895
2023-01-17,6590588.96,162,1407722.94,0,-0.474316699835793
2023-01-18,8007801.54,186,1720307.32,0,-0.43816905794205957
2023-01-19,6426533.21,205,1542521.03,0,-0.4614553941192679
2023-01-20,7307497.75,170,1755924.32,0,-0.4895571713345747
2023-01-21,7901508.16,191,1709979.91,0,-0.45020645327130493
2023-01-22,6884072.9,175,1540585.44,0,-0.41535046128597425
2023-01-23,5349750.01,166,1256016.52,0,-0.44782610818836294
2023-01-24,5731492.66,177,1191202.36,0,-0.3987971986896465
2023-01-25,6659400.04,181,1519919.75,0,-0.40802170755463685
2023-01-26,5066365.82,178,1062131.43,0,-0.41117000059295356
2023-01-27,6706812.06,184,1479345.71,0,-0.4036997515230017
2023-01-28,7278756.28,197,1636938.57,0,-0.4385781570407834
2023-01-29,5679454.8,171,1255712.56,0,-0.4068448589945018
2023-01-30,5869275.71,189,1392442.46,0,-0.40342237729272784
2023-01-31,6618428.45,190,1477386.97,0,-0.4229293852385926
2023-02-01,6159402.18,183,1367787.3,0,-0.39061929105782134
2023-02-02,6305343.39,190,1382716.71,0,-0.40038102909790735
2023-02-03,5646749.92,177,1194343.55,0,-0.391256479389919
2023-02-04,5304885.73,162,1207498.9,0,-0.48175479912470376
2023-02-05,6826138.11,194,1580715.58,0,-0.4269821254388862
2023-02-06,5622115.59,173,1261696.78,0,-0.4388440658819471
2023-02-07,5212066.32,172,1173720.38,0,-0.42836083348955933
2023-02-08,7013251.52,175,1617150.36,0,-0.41236506070415413
2023-02-09,6089852.1,181,1401731.0,0,-0.38807640313562997
2023-02-10,5189504.73,177,1159715.52,0,-0.4194646870623726
2023-02-11,6862627.88,184,1680969.44,0,-0.5027118090799054
2023-02-12,5087216.49,179,1167142.28,0,-0.4451681683650106
2023-02-13,7409113.89,183,1631834.1,0,-0.4876382228982197
2023-02-14,6319988.1,167,1423318.83,0,-0.42281248586511516
2023-02-15,5694024.8100000005,179,1413310.82,0,-0.4062308197760006
2023-02-16,5691676.46,168,1109785.82,0,-0.43751639283084787
2023-02-17,5838887.81,172,1439736.27,0,-0.4707405945672663
2023-02-18,6589685.89,202,1464508.17,0,-0.4591537890052353
2023-02-19,5348287.29,183,1225708.64,0,-0.4113098778760669
2023-02-20,6682420.62,190,1579447.76,0,-0.43983183312394325
2023-02-21,5524504.64,183,1288047.59,0,-0.4120626228117473
2023-02-22,6651548.59,193,1520531.98,0,-0.43674592343356017
2023-02-23,6056534.4,171,1320504.6,0,-0.41297798448120776
2023-02-24,6377690.93,191,1382393.87,0,-0.4128812994091139
2023-02-25,7467759.88,203,1574564.83,0,-0.4817692490694591
2023-02-26,7169079.0200000005,207,1604645.14,0,-0.47574732541947723
2023-02-27,4031408.2,170,888357.46,0,-0.5032597287288985
2023-02-28,5996236.17,169,1369821.51,0,-0.4503507509632794
2023-03-01,6484716.89,180,1446695.46,0,-0.38777825927737136
2023-03-02,5041398.67,183,1246237.17,0,-0.4824676013233172
2023-03-03,6086890.14,172,1393746.96,0,-0.43153167434174783
2023-03-04,4991524.98,165,1172521.66,0,-0.49914757326336945
2023-03-05,7343685.63,188,1652248.56,0,-0.4444553876176086
2023-03-06,6543773.11,171,1547993.13,0,-0.4416009237109439
2023-03-07,7093796.33,183,1440864.43,0,-0.40411385314483217
2023-03-08,7020381.89,169,1579941.89,0,-0.4488597046280645
2023-03-09,6796367.53,198,1558799.79,0,-0.451567240956505
2023-03-10,8011237.28,198,1664861.03,0,-0.4583804834357977
2023-03-11,6641154.92,177,1534289.57,0,-0.4067195023663659
2023-03-12,5870596.98,181,1442495.89,0,-0.45262288641121146
2023-03-13,5791514.91,190,1291287.33,0,-0.40331038187342083
2023-03-14,5784150.95,177,1307842.12,0,-0.39215219614507096
2023-03-15,7843342.04,192,1677049.29,0,-0.43989160504486413
2023-03-16,7097449.41,198,1487318.35,0,-0.44027033654404024
2023-03-17,5733925.67,178,1340176.24,0,-0.3888945467507615
2023-03-18,6659779.68,194,1515043.98,0,-0.439904247759223
2023-03-19,7764656.53,192,1713170.6,0,-0.43047794780049287
2023-03-20,6585445.54,177,1486384.4,0,-0.4748701442506686
2023-03-21,4845071.0200000005,173,1110408.48,0,-0.4151813096137786
2023-03-22,6569545.33,197,1582925.66,0,-0.46948941817207035
2023-03-23,5890397.28,162,1316928.16,0,-0.49885396273331056
2023-03-24,6202473.76,176,1446021.6,0,-0.42325333622191186
2023-03-25,6060832.36,188,1358112.28,0,-0.4117247006582879
2023-03-26,6102592.65,176,1396644.74,0,-0.44613360923126966
2023-03-27,7620896.18,217,1788200.01,1,-0.616825441965371
2023-03-28,8226263.32,200,1711374.07,0,-0.4632457047505992
2023-03-29,6187698.34,192,1450829.8,0,-0.4822633942742422
2023-03-30,6935748.62,179,1483457.83,0,-0.4074247457939067
2023-03-31,5445891.93,187,1195443.18,0,-0.3947658959081934
2023-04-01,6969413.37,212,1553124.22,1,-0.5748423584076885
2023-04-02,6346787.71,180,1407910.65,0,-0.4100641039622302
2023-04-03,6374882.37,178,1408394.25,0,-0.423479399883164
2023-04-04,4787084.67,172,1103720.24,0,-0.46495183227339965
2023-04-05,7758386.61,198,1875631.33,0,-0.5076482288439588
2023-04-06,5021788.8,154,1105778.13,1,-0.5744552029634835
2023-04-07,6047769.96,193,1392111.91,0,-0.4400632493918679
2023-04-08,6357500.46,183,1459284.99,0,-0.4077458888184892
2023-04-09,5054200.85,187,1171945.09,0,-0.4130780363343288
2023-04-10,6775780.99,179,1513966.09,0,-0.4050418488453854
2023-04-11,5219025.43,166,1192406.34,0,-0.42845268409725434
2023-04-12,4933074.29,162,1024880.69,0,-0.4944049477873663
2023-04-13,6083626.08,172,1399062.24,0,-0.4140098426740358
2023-04-14,7449833.13,214,1639957.22,1,-0.569133923838918
2023-04-15,7213348.439999999,194,1625200.69,0,-0.46426482761948923
2023-04-16,4536526.35,180,1020269.87,0,-0.45831704116944466
2023-04-17,6630236.05,192,1498038.75,0,-0.41349862075305327
2023-04-18,6433448.78,179,1463222.27,0,-0.39184724042940006
2023-04-19,5914528.47,180,1321435.91,0,-0.38592234051835633
2023-04-20,6290146.3,185,1383472.28,0,-0.39503940440341867
2023-04-21,4813021.32,168,1146161.11,0,-0.4610058551964376
2023-04-22,5095534.79,195,1175962.35,0,-0.4915395624665337
2023-04-23,5951855.12,186,1384241.33,0,-0.4283736154328196
2023-04-24,6876143.17,201,1553930.87,0,-0.4497011932913683
2023-04-25,5227340.3,187,1165018.65,0,-0.4111897427858753
2023-04-26,4991943.32,191,1216676.25,0,-0.43026393476646074
2023-04-27,7686504.88,169,1602251.85,0,-0.47075500334213455
2023-04-28,5876663.03,183,1206827.26,0,-0.4040758484129274
2023-04-29,6731685.61,157,1569654.23,0,-0.5562031212693023
2023-04-30,7062280.31,196,1549265.18,0,-0.44448072975243824
2023-05-01,6207917.45,198,1461694.15,0,-0.4249742351984708
2023-05-02,4977864.26,187,1168214.05,0,-0.44846914957924694
2023-05-03,5826783.66,198,1343942.84,0,-0.4541063402873319
2023-05-04,6433217.6,195,1469044.4,0,-0.43066269791398665
2023-05-05,4220532.83,190,1078573.91,0,-0.46571985152623735
2023-05-06,5860385.92,191,1398020.91,0,-0.40239970725265206
2023-05-07,3959279.67,182,1014107.36,0,-0.44080123149763684
2023-05-08,6326656.62,181,1470802.67,0,-0.4203112853587608
2023-05-09,5208922.12,183,1179597.84,0,-0.4198064175382254
2023-05-10,4672149.88,176,1120662.8,0,-0.4179226375379603
2023-05-11,4521346.21,178,1046138.23,0,-0.42684826978490487
2023-05-12,4987201.33,180,1227491.49,0,-0.4032580922441886
2023-05-13,6568954.82,187,1459186.31,0,-0.41077699500274
2023-05-14,6463193.17,199,1408520.63,0,-0.4564533720514951
2023-05-15,6257611.19,183,1424267.51,0,-0.38448823765909734
2023-05-16,4248432.57,176,1065263.2,0,-0.4425061629101098
2023-05-17,4922532.34,171,1178465.39,0,-0.4384150807758526
2023-05-18,3533206.99,173,889048.04,0,-0.5349038208501076
2023-05-19,4999821.37,187,1136976.79,0,-0.4311927397698192
2023-05-20,5829491.38,195,1286176.38,0,-0.43749860030452353
2023-05-21,5140864.6,190,1246293.49,0,-0.41979115559560903
2023-05-22,6805535.01,211,1582188.01,0,-0.5440813967930466
2023-05-23,5728351.03,180,1361260.5,0,-0.429745634495267
2023-05-24,4423695.91,165,1046322.45,0,-0.49040913751920834
2023-05-25,4660725.13,171,1099903.23,0,-0.419737886824459
2023-05-26,5766027.15,200,1376728.52,0,-0.4568856794696162
2023-05-27,5077636.28,181,1180505.58,0,-0.403664899977433
2023-05-28,5062512.85,188,1118686.21,0,-0.45991452623208534
2023-05-29,6735476.78,190,1517522.53,0,-0.4027527009762187
2023-05-30,4593335.45,177,1186463.98,0,-0.4156613568748103
2023-05-31,4507308.5,181,1089978.42,0,-0.423469571247942
2023-06-01,5475511.37,185,1200684.22,0,-0.39465193235838236
2023-06-02,3547356.55,175,901292.98,0,-0.4912328692998224
2023-06-03,6154067.07,205,1460121.83,0,-0.4675602444835256
2023-06-04,7300881.05,221,1712567.15,1,-0.6301660648114797
2023-06-05,4103991.78,171,993532.33,0,-0.47010919333169393
2023-06-06,6801819.8,191,1513743.07,0,-0.45211414579356607
2023-06-07,6665700.16,203,1575667.57,0,-0.47142063823542124
2023-06-08,4854567.77,177,1118546.26,0,-0.40840598540395145
2023-06-09,5430936.57,175,1268751.92,0,-0.40270627571841816
2023-06-10,5511321.58,195,1264858.5,0,-0.44338153276887343
2023-06-11,5236512.35,176,1227470.58,0,-0.41635630571974347
2023-06-12,4596431.45,172,1107498.65,0,-0.42984104827049324
2023-06-13,4825636.37,181,1161752.26,0,-0.4288408502763544
2023-06-14,4001634.7,164,973549.36,0,-0.5041609436981659
2023-06-15,6250347.69,209,1514859.6,0,-0.5063039947919162
2023-06-16,5331054.83,198,1148195.75,0,-0.45983524589967933
2023-06-17,6310497.82,204,1399393.96,0,-0.5054126482533138
2023-06-18,5114688.28,177,1262330.37,0,-0.4034186991856769
2023-06-19,7466679.37,186,1692763.15,0,-0.4281659254640273
2023-06-20,6152557.49,207,1501888.42,0,-0.517056822354815
2023-06-21,4041119.3,160,928417.71,1,-0.5591074301103226
2023-06-22,5658717.41,186,1231439.53,0,-0.38805282026910204
2023-06-23,4595447.22,172,1097103.03,0,-0.44646210865579616
2023-06-24,5457515.84,201,1329914.17,0,-0.4937051542377803
2023-06-25,4821771.85,179,1140274.9,0,-0.4237177818828429
2023-06-26,5610779.33,182,1304985.27,0,-0.38991911030733495
2023-06-27,4997671.62,178,1093172.64,0,-0.43459557008692623
2023-06-28,6939876.4,212,1377508.13,0,-0.5377273672918391
2023-06-29,5053191.17,176,1169742.59,0,-0.3997161596556092
2023-06-30,6368070.69,201,1548761.36,0,-0.470962279333286
2023-07-01,3916116.45,173,986046.52,0,-0.45850096261683787
2023-07-02,6191341.66,193,1473127.19,0,-0.4171973563033259
2023-07-03,4784527.55,201,1137223.63,0,-0.5193580252758637
2023-07-04,4996485.12,172,1143700.79,0,-0.4513729496524303
2023-07-05,4703754.51,159,1049119.48,0,-0.5192656565331528
2023-07-06,4206440.21,179,1034935.04,0,-0.4721854405082346
2023-07-07,5514226.02,179,1278503.24,0,-0.4150434881624527
2023-07-08,6255554.25,181,1315375.94,0,-0.41147917734580497
2023-07-09,4338442.69,174,1024543.5,0,-0.4421269413878534
2023-07-10,4769448.01,189,1153886.34,0,-0.4320468019731125
2023-07-11,4907064.9,178,1147075.62,0,-0.3963056111000118
2023-07-12,5447103.78,191,1236053.46,0,-0.4090726955045632
2023-07-13,5990273.29,177,1349024.95,0,-0.3939159949270732
2023-07-14,7148138.89,202,1619787.74,0,-0.4454240925506267
2023-07-15,5098607.75,174,1114152.59,0,-0.46335759018606376
2023-07-16,4421159.76,179,1102747.92,0,-0.46269265995933634
2023-07-17,6311927.73,193,1364341.58,0,-0.41502782595059445
2023-07-18,6195277.82,187,1459211.06,0,-0.38989512492135675
2023-07-19,7840708.36,227,1872789.73,1,-0.6685816551739234
2023-07-20,5737795.31,196,1442694.48,0,-0.43286979949690896
2023-07-21,5350789.41,172,1316093.57,0,-0.4077389524915995
2023-07-22,4922734.98,195,1165675.42,0,-0.4389409703245638
2023-07-23,6117384.4,190,1375595.81,0,-0.40005955757096356
2023-07-24,6335612.55,169,1530341.06,0,-0.46499632155616805
2023-07-25,4630749.37,174,964480.73,1,-0.5574448773330567
2023-07-26,5436264.58,186,1319596.52,0,-0.40273027679953316
2023-07-27,4055085.59,170,947041.93,0,-0.47644330325031636
2023-07-28,4899802.44,213,1156268.84,1,-0.6216303408731969
2023-07-29,6381834.17,202,1570290.3,0,-0.49086564813353617
2023-07-30,7646411.83,197,1740462.55,0,-0.4735678296279176
2023-07-31,5669058.76,179,1407887.79,0,-0.39054310248775176
2023-08-01,5326569.5,191,1197529.69,0,-0.4170287493586551
2023-08-02,5425302.35,189,1259211.28,0,-0.4096227746557723
2023-08-03,3801959.14,179,946211.78,0,-0.46428611652457913
2023-08-04,7592132.02,202,1785654.45,0,-0.49866326102106046
2023-08-05,6849769.1,197,1569973.89,0,-0.4216197359977998
2023-08-06,4498411.5,167,1133360.5,0,-0.460558703736631
2023-08-07,7135340.07,199,1709725.74,0,-0.43645018366714655
2023-08-08,3992879.18,165,974463.26,0,-0.5107034486915325
2023-08-09,4658156.41,184,1074710.85,0,-0.42237325066711445
2023-08-10,6482380.53,197,1537333.51,0,-0.4413763727867798
2023-08-11,5422955.7700000005,193,1291095.25,0,-0.4274822944462992
2023-08-12,4888735.86,183,1140392.21,0,-0.4064871226988713
2023-08-13,5353987.7700000005,188,1395533.91,0,-0.4053164602680615
2023-08-14,4635426.25,183,1158703.71,0,-0.41590039369642917
2023-08-15,4150825.84,173,982334.57,0,-0.47370010422245507
2023-08-16,4288555.08,160,999686.61,0,-0.528430785913667
2023-08-17,4946317.66,180,1097717.98,0,-0.39857463160908213
2023-08-18,5916861.0,201,1419022.38,0,-0.4397362186767984
2023-08-19,5557889.09,181,1308414.23,0,-0.39828324163952095
2023-08-20,6117697.44,191,1317756.54,0,-0.42017058034498866
2023-08-21,6678663.55,189,1550741.11,0,-0.409926226906676
2023-08-22,5609771.4,192,1265260.72,0,-0.4263213193650446
2023-08-23,4804822.79,163,1133797.09,0,-0.46578413328643864
2023-08-24,6083250.98,184,1407097.08,0,-0.41558942225123097
2023-08-25,5086961.86,179,1177726.65,0,-0.3908512098968085
2023-08-26,5325200.43,176,1263056.55,0,-0.40045291460721005
2023-08-27,4132828.06,171,850606.87,0,-0.5123073170215949
2023-08-28,3883874.64,176,932171.5,0,-0.4754062488568759
2023-08-29,5250664.3,163,1280894.56,0,-0.47184848936888535
2023-08-30,7085539.47,196,1441925.86,0,-0.4270642421372155
2023-08-31,5228935.11,201,1245275.18,0,-0.47630645514771736
2023-09-01,6144360.59,169,1284322.86,0,-0.4549111430876263
2023-09-02,5906034.49,175,1334978.15,0,-0.4095130185093344
2023-09-03,6358038.45,177,1433735.99,0,-0.4088083421582572
2023-09-04,5219461.25,180,1266487.18,0,-0.40717876133408076
2023-09-05,4669511.31,163,1093976.9,0,-0.49078431597070465
2023-09-06,6130167.8,193,1371973.07,0,-0.4183798518935295
2023-09-07,6564709.68,203,1472479.61,0,-0.48007539034314056
2023-09-08,6203033.67,195,1413375.0,0,-0.5026951994627304
2023-09-09,6950246.34,203,1592194.7,0,-0.4741451379174529
2023-09-10,5359303.27,148,1110084.06,1,-0.5976087542910866
2023-09-11,6125314.14,175,1283319.28,0,-0.40651371665516967
2023-09-12,6258258.79,177,1288887.57,0,-0.3878592727220487
2023-09-13,6257756.14,175,1400192.77,0,-0.41337183097000674
2023-09-14,6431992.8,164,1367202.05,0,-0.43777742405050707
2023-09-15,6634870.19,189,1558955.28,0,-0.41283123621522266
2023-09-16,6003818.47,187,1363836.27,0,-0.3926787772813232
2023-09-17,6582776.71,190,1425715.75,0,-0.40371184326454046
2023-09-18,5771450.2,172,1298422.65,0,-0.412202757404113
2023-09-19,8083295.73,194,1932752.0,0,-0.5429584771689389
2023-09-20,6013794.11,171,1341568.44,0,-0.4073618844790137
2023-09-21,5825905.15,183,1240007.56,0,-0.39842795186626606
2023-09-22,4544942.64,163,962645.41,0,-0.5110613655028263
2023-09-23,6447286.88,185,1420722.65,0,-0.3906998613936464
2023-09-24,5834214.89,188,1316132.83,0,-0.3945102837252025
2023-09-25,6398233.24,163,1460905.32,0,-0.46666403272583407
2023-09-26,6717694.47,188,1454466.01,0,-0.3995327995975329
2023-09-27,5988453.28,169,1398563.79,0,-0.4394031616247161
2023-09-28,6663762.4,165,1459866.24,0,-0.44996308414739206
2023-09-29,6194941.78,187,1462486.68,0,-0.4041977849719313
2023-09-30,6049252.37,179,1350089.5,0,-0.4108056144098988
2023-10-01,7772271.75,180,1498537.79,0,-0.4118556766450192
2023-10-02,7936535.97,182,1430981.04,0,-0.40483636559915726
2023-10-03,8689514.33,183,1476301.03,0,-0.5222328381638701
2023-10-04,9127566.69,190,1576422.35,0,-0.491538122605393
2023-10-05,9068773.55,179,1602577.69,0,-0.49170055598400947
2023-10-06,9390643.96,187,1749372.64,0,-0.5161998390732756
2023-10-07,8636617.91,197,1392872.84,0,-0.4725276996801436
2023-10-08,8005223.41,172,1340627.17,0,-0.444831947708093
2023-10-09,8469920.18,218,1487379.41,1,-0.5811888171226393
2023-10-10,7085918.03,166,1298630.22,0,-0.4485168297939851
2023-10-11,6005063.02,172,973658.7,0,-0.4414222810286709
2023-10-12,8238724.93,197,1526992.08,0,-0.46157807359339154
2023-10-13,6478656.47,153,1099016.68,1,-0.5890068914514994
2023-10-14,10202033.4,182,1677265.88,0,-0.5073557723023919
2023-10-15,6675107.24,174,1231658.91,0,-0.4003909372188272
2023-10-16,8482274.41,183,1511965.73,0,-0.4423615688414477
2023-10-17,6406910.39,183,1178095.66,0,-0.417034769735109
2023-10-18,8234638.16,188,1430837.58,0,-0.4238674654110597
2023-10-19,8837134.37,175,1490550.59,0,-0.48546840749014114
2023-10-20,9333845.56,191,1691767.65,0,-0.5024148066269438
2023-10-21,8051470.85,191,1404540.51,0,-0.4267381057261483
2023-10-22,6701443.16,162,1075399.65,0,-0.5456744210273614
2023-10-23,8407440.56,176,1351774.34,0,-0.45978635452588074
2023-10-24,7224337.41,195,1338713.33,0,-0.43316574539213837
2023-10-25,6430002.37,172,1112160.88,0,-0.4478882450944829
2023-10-26,8184311.74,178,1582454.18,0,-0.4448428698627336
2023-10-27,7998512.64,179,1296333.54,0,-0.454083256912416
2023-10-28,6353103.96,167,1127924.52,0,-0.4599861600648013
2023-10-29,9680885.73,193,1712332.74,0,-0.49697861888683265
2023-10-30,8890420.46,179,1510599.34,0,-0.4833735384915502
2023-10-31,7600912.94,183,1228412.55,0,-0.44559257079933506
2023-11-01,7613309.85,188,1348438.88,0,-0.44538036521693797
2023-11-02,8491614.91,186,1449196.66,0,-0.44231983302568184
2023-11-03,8921314.64,178,1361221.95,0,-0.48958189986597844
2023-11-04,7424911.64,172,1230966.96,0,-0.47646368468568184
2023-11-05,10070022.76,190,1933320.01,1,-0.5565342918733068
2023-11-06,8277244.21,198,1512839.6,0,-0.45281174245823896
2023-11-07,6108853.7,178,1147408.65,0,-0.45445741846351095
2023-11-08,8180495.58,177,1390524.67,0,-0.4300778620671221
2023-11-09,5957027.54,172,1140170.43,0,-0.42348652348255783
2023-11-10,10027571.9,202,1837157.76,1,-0.5781666352194187
2023-11-11,7216147.78,181,1424671.91,0,-0.38916955224295124
2023-11-12,8177211.79,194,1364665.2,0,-0.42809924530985993
2023-11-13,7156458.98,173,1260554.08,0,-0.4147962872464653
2023-11-14,6721020.84,160,1152339.73,0,-0.5254224896368512
2023-11-15,8115102.82,186,1635639.96,0,-0.4265360697764581
2023-11-16,7647889.65,195,1277332.48,0,-0.49829990044186656
2023-11-17,8257844.86,178,1294744.69,0,-0.43872468174221224
2023-11-18,8942350.790000001,191,1666836.82,0,-0.4580629583514205
2023-11-19,7902465.74,182,1350423.86,0,-0.41749069552233997
2023-11-20,6882023.86,176,1196357.22,0,-0.42595849815735776
2023-11-21,7257914.25,184,1329770.08,0,-0.44578018522168406
2023-11-22,7279864.93,185,1305371.98,0,-0.40762864234527046
2023-11-23,7285074.65,163,1455992.84,0,-0.4886411529845715
2023-11-24,8711460.64,164,1439206.59,0,-0.5511514207752443
2023-11-25,8788164.15,196,1563606.88,0,-0.45890165667358723
2023-11-26,8106874.06,187,1597018.02,0,-0.4178917704333142
2023-11-27,6290121.14,150,1056441.08,1,-0.6195687806489585
2023-11-28,9274800.77,170,1469151.0,0,-0.5232550259300107
2023-11-29,9239254.98,191,1636485.72,0,-0.4822466959529179
2023-11-30,9437355.87,195,1541652.29,0,-0.48254917146773163
2023-12-01,7566582.2,179,1317763.87,0,-0.42470432734833363
2023-12-02,8588124.84,190,1363452.33,0,-0.4792447925646022
2023-12-03,8293438.82,197,1616017.05,0,-0.4763853085408798
2023-12-04,8934883.9,192,1568481.28,0,-0.47325276612301237
2023-12-05,6929206.05,162,1203556.87,0,-0.48725931128087757
2023-12-06,6686133.06,177,1165492.84,0,-0.4127819817073024
2023-12-07,8462730.16,207,1471391.87,0,-0.5125478841513607
2023-12-08,7982411.79,194,1384896.33,0,-0.45248413862593995
2023-12-09,8206267.689999999,189,1510373.72,0,-0.41504053665328905
2023-12-10,10063677.81,193,1748511.54,0,-0.5127485648547727
2023-12-11,9579718.72,179,1490244.03,0,-0.5097452909682674
2023-12-12,7672624.42,191,1316409.34,0,-0.42214730112177506
2023-12-13,9173819.39,192,1714626.59,0,-0.5115540838954263
2023-12-14,7012071.54,179,1176146.63,0,-0.41571148709011746
2023-12-15,8217842.9,182,1385977.41,0,-0.4481003750710776
2023-12-16,9824090.24,189,1555603.85,0,-0.4936000406590711
2023-12-17,9115465.7,197,1662344.55,0,-0.4786879120601126
2023-12-18,6758960.59,171,1068310.79,0,-0.4373576208502485
2023-12-19,7658538.27,172,1363303.08,0,-0.44650930512069303
2023-12-20,6660252.85,172,1099462.16,0,-0.43233241458810473
2023-12-21,9126734.07,187,1501529.99,0,-0.4864109552752705
2023-12-22,7243654.28,185,1131356.39,0,-0.4665205746602037
2023-12-23,9202731.17,181,1512064.78,0,-0.4597279235541746
2023-12-24,7341921.43,174,1180667.88,0,-0.4638506334047389
2023-12-25,7186635.0,192,1325691.96,0,-0.41247029843599126
2023-12-26,7913801.24,191,1442794.12,0,-0.4171645042410934
2023-12-27,8282119.76,180,1441009.32,0,-0.4552051366521279
2023-12-28,6666023.49,168,1095203.26,0,-0.4804276665308235
2023-12-29,8152034.58,180,1424370.35,0,-0.47534992768097145
2023-12-30,9328148.67,177,1706139.16,0,-0.5197292435498042
2023-12-31,9059417.02,199,1574540.04,0,-0.4886126142251887
2024-01-01,6856233.19,200,1511868.1,0,-0.4316883107793873
2024-01-02,4941929.57,197,1110139.66,0,-0.480207686680618
2024-01-03,5564983.34,168,1224543.42,0,-0.4319142130502792
2024-01-04,4362613.24,175,1011944.36,0,-0.44240838534656995
2024-01-05,5834311.69,197,1387801.72,0,-0.4910845195815674
2024-01-06,6020637.25,159,1323205.53,0,-0.50769750231232
2024-01-07,4970181.55,185,1168797.65,0,-0.42790683159946286
2024-01-08,5087671.23,174,1149837.49,0,-0.41185464315675935
2024-01-09,5548886.59,191,1305810.69,0,-0.4353886516644701
2024-01-10,8088730.41,180,1765237.32,0,-0.5078554527162017
2024-01-11,6014368.01,197,1327890.32,0,-0.4287414380181819
2024-01-12,7459770.43,192,1622476.78,0,-0.42092264435981824
2024-01-13,5898513.98,173,1492869.53,0,-0.4191117144749967
2024-01-14,6267513.42,191,1372199.49,0,-0.42852413712368626
2024-01-15,6994062.88,186,1726474.42,0,-0.4359088404654998
2024-01-16,5961457.41,169,1283612.88,0,-0.43719169349560627
2024-01-17,7068188.35,200,1616284.31,0,-0.43482364509162047
2024-01-18,5876669.69,154,1269446.83,1,-0.5618928578252776
2024-01-19,7370791.73,172,1536892.59,0,-0.4434132599404249
2024-01-20,4584648.83,168,1109106.55,0,-0.5238582403796137
2024-01-21,5452829.29,178,1301109.81,0,-0.3943933541838138
2024-01-22,6391519.92,198,1465640.33,0,-0.42996445764341945
2024-01-23,6601056.69,177,1532684.46,0,-0.40071774773215085
2024-01-24,7082754.91,179,1546154.79,0,-0.4180533571346572
2024-01-25,7178284.52,203,1568264.02,0,-0.46151869195280426
2024-01-26,6683384.47,183,1377149.57,0,-0.4043502605539481
2024-01-27,7099600.05,184,1598970.81,0,-0.41398164621655137
2024-01-28,7156073.67,187,1510312.78,0,-0.4017975484220339
2024-01-29,7619979.12,187,1759644.21,0,-0.46761965831483454
2024-01-30,6431895.12,167,1530245.32,0,-0.4750001353236041
2024-01-31,6020944.31,182,1422471.73,0,-0.413498102019856
2024-02-01,5731600.8,178,1335638.78,0,-0.40709989935069013
2024-02-02,6639447.13,185,1490654.96,0,-0.41768262409975887
2024-02-03,6817755.5,189,1602459.01,0,-0.4270371373361879
2024-02-04,4682633.24,177,1016613.95,0,-0.45353841192306577
2024-02-05,6539184.52,204,1465147.9,0,-0.45849257483421696
2024-02-06,6975957.5200000005,182,1608160.35,0,-0.41628291410231383
2024-02-07,8278389.3,187,1795709.88,0,-0.4678585529724405
2024-02-08,6434876.58,177,1422456.11,0,-0.39388432033058757
2024-02-09,5346293.75,181,1291953.89,0,-0.38887580077908407
2024-02-10,6228890.53,186,1523650.03,0,-0.43317559257789656
2024-02-11,6810302.149999999,190,1505005.4,0,-0.4207910863925432
2024-02-12,5502233.55,185,1216521.76,0,-0.44691941883300357
2024-02-13,6565415.34,189,1603095.56,0,-0.4353864146716925
2024-02-14,6049639.34,193,1385108.02,0,-0.4131554200463704
2024-02-15,6796745.67,193,1520288.09,0,-0.436226640576747
2024-02-16,5596497.1,173,1221076.19,0,-0.45569546497516705
2024-02-17,6007618.76,205,1417648.71,0,-0.4857457925628555
2024-02-18,6564724.59,190,1459672.37,0,-0.4132889992433974
2024-02-19,5170856.73,166,1092387.64,0,-0.4576473264644761
2024-02-20,5146737.5,138,1027144.3,1,-0.6777594989378154
2024-02-21,4257922.99,168,931992.2,0,-0.5421334828570297
2024-02-22,6401440.62,186,1444743.19,0,-0.40748258532018755
2024-02-23,5608984.96,174,1380601.17,0,-0.4227628543137001
2024-02-24,4881455.24,164,1196146.36,0,-0.49469101542507
2024-02-25,7318453.66,174,1598668.73,0,-0.41898583984841253
2024-02-26,6954350.07,200,1680884.33,0,-0.45269724205989303
2024-02-27,6221123.76,183,1463033.82,0,-0.38991899182010714
2024-02-28,6538154.17,192,1499050.79,0,-0.4495787216827632
2024-02-29,6218340.92,180,1467188.1,0,-0.39157185751558754
2024-03-01,6245465.82,179,1463899.9,0,-0.4083515879087546
2024-03-02,8244164.34,198,1840178.59,0,-0.5337905480468006
2024-03-03,6095658.71,172,1418750.43,0,-0.4013791035625963
2024-03-04,7437944.65,173,1703526.23,0,-0.4558292158390632
2024-03-05,6602264.05,165,1489876.19,0,-0.530512870970989
2024-03-06,7844492.29,193,1539750.32,0,-0.427693303328385
2024-03-07,4608851.07,165,1119323.75,0,-0.49631647132137374
2024-03-08,5547242.93,158,1257078.81,0,-0.48820553602896827
2024-03-09,6500248.73,184,1459405.25,0,-0.39546642702324014
2024-03-10,5425391.98,164,1318958.66,0,-0.4593171444390543
2024-03-11,5328403.9,196,1221443.31,0,-0.44890435352106145
2024-03-12,5133619.73,160,1241789.13,0,-0.5398286393449128
2024-03-13,5547179.46,189,1220208.19,0,-0.4001531455589555
2024-03-14,8106572.15,186,1907852.23,0,-0.4896995222630569
2024-03-15,7988264.44,216,1668586.57,1,-0.5752398417377325
2024-03-16,7509940.22,205,1579088.62,0,-0.4747849080415419
2024-03-17,8101315.41,218,1806196.6,1,-0.6387342323202484
2024-03-18,5821601.07,194,1475400.79,0,-0.4188751326084186
2024-03-19,7833764.84,201,1713503.05,0,-0.4600441459558975
2024-03-20,4986695.86,163,1151865.9,0,-0.4417745256846917
2024-03-21,6797336.84,188,1481955.2,0,-0.41902657695825574
2024-03-22,5185364.57,185,1159299.85,0,-0.40743767094906586
2024-03-23,4475526.57,158,1000377.78,0,-0.5411474959500494
2024-03-24,5347681.61,171,1279626.61,0,-0.4218387227160487
2024-03-25,6593372.07,191,1473623.21,0,-0.4398940575720726
2024-03-26,4816326.9,156,1126535.42,0,-0.5358659422497632
2024-03-27,5697776.45,166,1278164.1,0,-0.4385834203927629
2024-03-28,5745710.58,177,1278389.27,0,-0.40362549214360866
2024-03-29,6455473.32,179,1449827.86,0,-0.4080054946578398
2024-03-30,6253267.57,189,1522219.16,0,-0.41230205234446293
2024-03-31,6147141.18,190,1356360.56,0,-0.4034669451700046
2024-04-01,6284965.85,190,1471546.61,0,-0.4051713405723443
2024-04-02,6474751.87,196,1460609.08,0,-0.42289688736788994
2024-04-03,7490130.69,174,1601601.07,0,-0.42548940577701927
2024-04-04,8126022.1,192,1799870.69,0,-0.48170294710577405
2024-04-05,5811772.84,178,1212557.3,0,-0.42398568679952053
2024-04-06,5135021.26,163,1273183.05,0,-0.49230171690340047
2024-04-07,7334794.34,189,1682318.21,0,-0.451038321257403
2024-04-08,5597593.9,173,1304637.08,0,-0.4910058349963397
2024-04-09,6840084.03,191,1524933.48,0,-0.41258814149204387
2024-04-10,5969136.09,195,1315408.48,0,-0.42550307737177046
2024-04-11,6606150.95,218,1409873.11,1,-0.5992414806586475
2024-04-12,5511009.15,185,1318681.6,0,-0.40638491006495336
2024-04-13,5371952.55,196,1246848.62,0,-0.4642517081477284
2024-04-14,5392308.61,188,1336565.1,0,-0.4123810347161361
2024-04-15,6654835.23,181,1546623.12,0,-0.4051049622715259
2024-04-16,5810658.3,169,1389501.07,0,-0.42517973801920167
2024-04-17,4890604.81,175,1206842.09,0,-0.47591825867576193
2024-04-18,7327660.48,186,1587761.74,0,-0.4081030656056685
2024-04-19,6702960.17,161,1467506.35,0,-0.48698891027784497
2024-04-20,5615642.94,163,1251770.25,0,-0.44896431962528305
2024-04-21,6150516.87,204,1385859.55,0,-0.47271119332949485
2024-04-22,6328251.88,196,1448371.73,0,-0.45917049620748046
2024-04-23,6165036.9,201,1321760.87,0,-0.4525687714796442
2024-04-24,7013142.72,208,1628081.31,0,-0.5062018087795548
2024-04-25,6378350.14,206,1445997.5,0,-0.5117535563283402
2024-04-26,6030403.04,158,1305951.24,0,-0.5210073894904559
2024-04-27,4999728.01,185,1111880.26,0,-0.41295328978573564
2024-04-28,4925566.12,172,1179823.37,0,-0.4925774502817211
2024-04-29,4630386.48,160,1109625.55,0,-0.49679137430604514
2024-04-30,7410391.27,187,1688372.89,0,-0.4382119174304828
2024-05-01,6621215.17,217,1540829.53,1,-0.5873655810597942
2024-05-02,4761091.93,175,1097552.54,0,-0.4366966079172443
2024-05-03,4150058.66,185,1002677.21,0,-0.45745858580055304
2024-05-04,5102235.51,178,1197157.75,0,-0.40664557019308784
2024-05-05,4173638.75,160,1002408.57,0,-0.5505840922818184
2024-05-06,3754298.36,180,970787.65,0,-0.47891894715745853
2024-05-07,4565201.92,182,1097146.72,0,-0.4262874377921341
2024-05-08,4652842.46,170,1139174.77,0,-0.4467233319125342
2024-05-09,4363776.49,170,1043728.84,0,-0.4854781800894991
2024-05-10,5542182.89,175,1376202.22,0,-0.41483865304322265
2024-05-11,4701944.72,207,1211614.73,0,-0.5360078139622066
2024-05-12,6125416.97,177,1493446.34,0,-0.5016740108069081
2024-05-13,7460976.88,171,1573937.67,0,-0.4566470084953
2024-05-14,4438982.37,196,1119769.48,0,-0.49289201693236356
2024-05-15,4653555.850000001,160,1129906.8,0,-0.5030308081754739
2024-05-16,6325638.55,185,1417657.93,0,-0.39814226358315574
2024-05-17,5863737.21,195,1352088.07,0,-0.42824299046242287
2024-05-18,4194378.73,202,1030951.1,0,-0.5203523688140979
2024-05-19,3840274.39,203,915534.36,1,-0.5580928544971762
2024-05-20,5223363.06,182,1226517.13,0,-0.39103532091082094
2024-05-21,4662252.9,179,1092747.57,0,-0.4399458722877393
2024-05-22,5067171.28,173,1162792.74,0,-0.45096909911667005
2024-05-23,4937759.71,180,1199845.72,0,-0.39643569719172556
2024-05-24,5964137.29,191,1402125.31,0,-0.40272036079680323
2024-05-25,6695931.16,182,1393549.15,0,-0.3951491643258433
2024-05-26,4723611.03,190,1113858.6,0,-0.4607132927919896
2024-05-27,6292966.16,195,1430810.09,0,-0.4221077467359076
2024-05-28,6109234.63,211,1286408.75,0,-0.5523366985321586
2024-05-29,6398571.47,179,1431945.14,0,-0.3894394414671571
2024-05-30,5702744.58,176,1289750.85,0,-0.42870038704273067
2024-05-31,5720217.3100000005,202,1309870.73,0,-0.476667330007841
2024-06-01,7120447.84,186,1548951.61,0,-0.39625681061556817
2024-06-02,5864311.06,180,1350946.74,0,-0.3876116703366612
2024-06-03,5242316.69,169,1267733.9,0,-0.42354433560480836
2024-06-04,5176918.44,165,1167845.16,0,-0.4448328084444983
2024-06-05,5958155.27,173,1501939.75,0,-0.4153389347659689
2024-06-06,6229834.2,206,1459093.6,0,-0.5333014801050141
2024-06-07,6552028.71,209,1476825.16,0,-0.4873311532123111
2024-06-08,4562320.93,188,1107315.98,0,-0.4484141548722868
2024-06-09,4984897.44,170,1192214.24,0,-0.4091729093971918
2024-06-10,4728002.56,177,1253034.81,0,-0.43193512270734374
2024-06-11,6540714.94,190,1398736.59,0,-0.3970671027297861
2024-06-12,3628620.42,183,942400.21,0,-0.47638583174282617
2024-06-13,5404768.08,173,1164981.65,0,-0.42795845944880617
2024-06-14,7623459.26,190,1769875.87,0,-0.46010979105388516
2024-06-15,5587472.88,179,1254232.65,0,-0.3844783835471227
2024-06-16,7655640.54,186,1718243.57,0,-0.42796646607379507
2024-06-17,5112088.87,181,1194154.64,0,-0.42847270449161096
2024-06-18,4015943.43,177,998725.7,0,-0.4586951451764232
2024-06-19,5090439.76,178,1299716.82,0,-0.4019198833627343
2024-06-20,5029179.57,169,1151859.25,0,-0.43608011203248365
2024-06-21,5170293.97,163,1130460.87,0,-0.43736512198821265
2024-06-22,6039325.81,194,1452332.27,0,-0.43595719542550504
2024-06-23,5386742.4,188,1319070.19,0,-0.39511425779619147
2024-06-24,7114450.18,188,1467127.11,0,-0.4046491783904406
2024-06-25,5215602.13,178,1181354.17,0,-0.39291771940496234
2024-06-26,5365168.95,191,1292902.81,0,-0.42665485503613115
2024-06-27,5250412.5,186,1223973.24,0,-0.397010086081727
2024-06-28,5797622.38,195,1339073.37,0,-0.4155539641912601
2024-06-29,4071792.05,167,1006007.76,0,-0.48368558909829207
2024-06-30,3313660.57,140,806432.65,1,-0.713828936284039
2024-07-01,4777935.89,164,1147630.71,0,-0.4620577872241012
2024-07-02,4451728.67,178,972283.36,0,-0.4440056094512805
2024-07-03,3848945.91,167,996566.96,0,-0.5026253724332913
2024-07-04,3912350.99,159,920814.54,1,-0.5579280725357018
2024-07-05,5444100.91,187,1304648.18,0,-0.398788866319525
2024-07-06,5263002.45,162,1164563.29,0,-0.4660795174955989
2024-07-07,5856405.77,176,1297089.81,0,-0.38837463837840325
2024-07-08,6246253.74,183,1372868.59,0,-0.40646374959365716
2024-07-09,4669969.6,185,1143039.66,0,-0.4372624103874836
2024-07-10,7115857.51,199,1667478.1,0,-0.44118166895778427
2024-07-11,4562260.9,180,1020249.65,0,-0.4369005320854911
2024-07-12,6616632.92,196,1478170.2,0,-0.4358912779873783
2024-07-13,6063939.36,167,1407808.5,0,-0.4383756574483165
2024-07-14,5758676.0600000005,185,1402442.22,0,-0.390696372834406
2024-07-15,4206002.9,159,1005998.98,0,-0.5505611796831914
2024-07-16,5523205.29,172,1296775.71,0,-0.4272762841317774
2024-07-17,6662006.55,196,1412312.21,0,-0.449184938961695
2024-07-18,5278761.47,183,1276088.76,0,-0.3950287054049187
2024-07-19,5436622.29,181,1184208.76,0,-0.3920542869626661
2024-07-20,5371882.01,175,1295176.49,0,-0.3935855544604643
2024-07-21,5153060.88,177,1233473.84,0,-0.4219875833123079
2024-07-22,5476679.08,201,1290854.39,0,-0.4587848709305184
2024-07-23,4880193.34,189,1134526.2,0,-0.4308410139318217
2024-07-24,6423351.54,209,1500345.39,0,-0.5068197127026061
2024-07-25,4058739.77,187,986603.75,0,-0.4772610400177652
2024-07-26,5000365.86,176,1176228.91,0,-0.41957488793617453
2024-07-27,5326821.36,195,1206286.08,0,-0.46262165882351064
2024-07-28,5398783.98,172,1156428.86,0,-0.44446056154510644
2024-07-29,5915656.17,186,1300566.94,0,-0.39738614180720094
2024-07-30,4723354.99,156,1160753.03,0,-0.5554708274537664
2024-07-31,4969091.74,192,1210904.69,0,-0.4235152104262345
2024-08-01,4993152.61,163,1127825.33,0,-0.460347508539432
2024-08-02,8114033.54,209,1850286.52,1,-0.574182765061833
2024-08-03,4063792.52,165,994108.14,0,-0.5031747777831491
2024-08-04,4876150.25,181,1093073.45,0,-0.4132193902673443
2024-08-05,5997420.18,189,1333136.21,0,-0.409089214358473
2024-08-06,5084203.2,222,1288850.53,1,-0.5877789739524987
2024-08-07,6512005.2700000005,174,1389747.16,0,-0.42686331448700193
2024-08-08,5242712.9,185,1266975.66,0,-0.4085853425705034
2024-08-09,4740852.8,178,1138418.36,0,-0.44082279526239726
2024-08-10,4644708.93,174,1126291.17,0,-0.443570705782763
2024-08-11,5243980.23,179,1236405.02,0,-0.39274168769018536
2024-08-12,5629223.62,189,1357896.88,0,-0.40106758167669987
2024-08-13,5629829.85,194,1243695.39,0,-0.4175966021100493
2024-08-14,4508712.95,207,1069236.4,0,-0.5505090595365533
2024-08-15,6450440.94,189,1497839.14,0,-0.408080348370103
2024-08-16,5037707.24,183,1176668.54,0,-0.4173634034391636
2024-08-17,5009973.99,203,1154094.42,0,-0.506455212691655
2024-08-18,5866533.23,197,1358820.82,0,-0.4305416695860685
2024-08-19,5058219.96,188,1130635.79,0,-0.431512411882934
2024-08-20,5516430.29,174,1331521.27,0,-0.4001185994082687
2024-08-21,4894701.4,178,1100838.96,0,-0.40478565905008446
2024-08-22,5045094.48,193,1119118.69,0,-0.4738482986765049
2024-08-23,6191291.6,181,1419053.98,0,-0.3885437397349726
2024-08-24,3585422.16,167,909867.63,0,-0.537601432890183
2024-08-25,5638233.89,202,1378146.17,0,-0.47049689278678136
2024-08-26,7667915.7,187,1902606.19,1,-0.5627069818208559
2024-08-27,5207562.84,195,1235569.3,0,-0.43911491093568517
2024-08-28,6673841.55,210,1440448.73,0,-0.5404979469237472
2024-08-29,4510095.4,182,1051413.99,0,-0.419227995946635
2024-08-30,4421826.47,153,1057696.87,1,-0.6128244499137654
2024-08-31,4967357.46,185,1319763.52,0,-0.41394830831095064
2024-09-01,4965449.45,174,1163374.05,0,-0.41052123967462156
2024-09-02,7125596.93,172,1639218.97,0,-0.43114890188883886
2024-09-03,5268385.75,172,1284069.16,0,-0.40609890881177174
2024-09-04,5906711.46,188,1252533.74,0,-0.4025216214871945
2024-09-05,5956814.88,169,1331768.65,0,-0.42069390956979524
2024-09-06,5669949.22,167,1219623.74,0,-0.4173508716248774
2024-09-07,6422208.77,190,1443206.76,0,-0.4601418571925082
2024-09-08,6576990.04,189,1338169.02,0,-0.40661454391178115
2024-09-09,5829839.78,191,1405453.13,0,-0.49530272774363926
2024-09-10,6381564.24,162,1454160.43,0,-0.46880546277278984
2024-09-11,6683979.99,199,1570929.26,0,-0.4654979820013288
2024-09-12,8224469.41,192,1880224.46,0,-0.48909711173229453
2024-09-13,9390510.72,165,2065525.7,1,-0.58810533057179
2024-09-14,8261758.31,179,1773196.33,0,-0.4924511180985089
2024-09-15,5028705.06,172,1141327.33,0,-0.4317801842329597
2024-09-16,7088959.84,180,1567195.17,0,-0.39500583330128464
2024-09-17,6709097.61,179,1528813.84,0,-0.4089289175019608
2024-09-18,6299696.11,206,1447465.08,0,-0.4890375284884078
2024-09-19,7084799.82,183,1448627.01,0,-0.3938498404452406
2024-09-20,6096260.31,185,1447683.28,0,-0.4613971422066431
2024-09-21,6719229.2,184,1559028.98,0,-0.4260741286914187
2024-09-22,6853844.59,186,1594771.93,0,-0.42066977231733255
2024-09-23,6386598.58,187,1314678.99,0,-0.39901814216860987
2024-09-24,6081542.61,196,1526462.25,0,-0.4805380213073103
2024-09-25,5765851.2,172,1331499.12,0,-0.4326182303697212
2024-09-26,5192219.88,190,1288042.66,0,-0.4411623737824906
2024-09-27,5769146.7,174,1411007.31,0,-0.4223874053203166
2024-09-28,7027428.46,175,1603805.26,0,-0.430630020029538
2024-09-29,5321123.45,175,1237823.75,0,-0.3958224175685923
2024-09-30,3677143.98,180,817553.6900000001,0,-0.5089863820972759
2024-10-01,6633176.32,161,1180950.44,0,-0.5280373223062322
2024-10-02,7935802.37,188,1370454.01,0,-0.41435686041253106
2024-10-03,9856298.51,193,1456941.38,1,-0.5678035394130401
2024-10-04,7053523.12,181,1410136.71,0,-0.3956343917274943
2024-10-05,7572134.65,159,1445076.37,0,-0.5129255839443573
2024-10-06,8299753.28,168,1408002.07,0,-0.503697751111642
2024-10-07,8154634.45,189,1559257.08,0,-0.44809170230053313
2024-10-08,9489736.53,196,1677507.35,0,-0.5067630497155361
2024-10-09,6509100.27,162,1108411.74,0,-0.4968025912245464
2024-10-10,7033982.59,177,1264347.73,0,-0.4227236983981482
2024-10-11,8634807.31,192,1508690.85,0,-0.4381503897500598
2024-10-12,7766915.61,178,1281022.29,0,-0.46532335790645646
2024-10-13,10939458.49,177,1737172.97,1,-0.5582175245299581
2024-10-14,10232524.43,198,1684873.84,0,-0.5184821855704519
2024-10-15,9940282.84,187,1743388.03,0,-0.5063688995739851
2024-10-16,7234835.83,175,1222197.2,0,-0.42182862762039547
2024-10-17,7830037.729999999,190,1422482.58,0,-0.40773949619015437
2024-10-18,9593357.78,187,1793428.61,0,-0.517242629682721
2024-10-19,6677658.83,188,1179719.38,0,-0.4168296040420128
2024-10-20,8748402.83,195,1683802.99,0,-0.4665719404522625
2024-10-21,8960918.14,183,1558831.39,0,-0.47340506371777963
2024-10-22,7620857.42,182,1089727.21,0,-0.4447280861374311
2024-10-23,9029534.08,167,1666436.39,0,-0.5451620474561947
2024-10-24,7522354.05,185,1411534.37,0,-0.41369260358037113
2024-10-25,6443229.02,186,1188359.26,0,-0.41709967400272147
2024-10-26,10338212.06,195,1824064.26,1,-0.5835811984925324
2024-10-27,6599147.86,165,1277445.52,0,-0.4900039369383093
2024-10-28,9953581.87,195,1701418.09,0,-0.5176145991908919
2024-10-29,6608818.72,174,1259665.9,0,-0.4105182308489201
2024-10-30,7999458.55,183,1463940.53,0,-0.4078605643287694
2024-10-31,10682310.47,202,1982899.49,1,-0.6724303253295822
2024-11-01,8494927.35,187,1404338.91,0,-0.4822215339014891
2024-11-02,7195286.32,173,1360044.06,0,-0.40483994784325966
2024-11-03,8830798.67,191,1510449.8,0,-0.44746485965783506
2024-11-04,7703486.26,166,1299700.43,0,-0.49075444569746496
2024-11-05,8047367.86,198,1464439.04,0,-0.46073725268416627
2024-11-06,8363194.54,165,1336309.86,0,-0.5119390660687786
2024-11-07,5832993.42,172,1134088.73,0,-0.4080781120559177
2024-11-08,7933687.64,187,1310850.9,0,-0.4266471751106179
2024-11-09,7723306.3,188,1481411.38,0,-0.4126561404924074
2024-11-10,10358779.66,213,1702526.54,1,-0.657869590068665
2024-11-11,9058191.5,176,1710916.27,0,-0.4963487579991029
2024-11-12,8207505.96,185,1388877.32,0,-0.4809672807490082
2024-11-13,8320795.29,197,1558037.84,0,-0.4531015111595157
2024-11-14,6575093.05,187,1102102.83,0,-0.41487088330857735
2024-11-15,9742129.53,185,1805308.53,0,-0.5211040472560635
2024-11-16,7466091.61,163,1295293.12,0,-0.4764196448960492
2024-11-17,7220310.27,166,1297620.47,0,-0.4503913713215247
2024-11-18,10184236.73,209,1725416.84,1,-0.5928929847537675
2024-11-19,7191812.61,193,1264415.9,0,-0.4214187852299231
2024-11-20,8465216.04,191,1520862.01,0,-0.4453253714746024
2024-11-21,8838428.12,196,1670572.28,0,-0.4679648681113162
2024-11-22,7923617.52,169,1408753.39,0,-0.46713352614233644
2024-11-23,6342086.76,153,1282893.01,0,-0.528682271015203
2024-11-24,8216970.11,180,1275052.43,0,-0.473805753205204
2024-11-25,6110738.2,140,1141038.36,1,-0.6762748861966329
2024-11-26,9127676.12,197,1789857.8,0,-0.5101688328458088
2024-11-27,8841758.74,199,1546758.3,0,-0.4854034107192223
2024-11-28,8473335.63,200,1437322.97,0,-0.46816627553811135
2024-11-29,8333889.71,185,1477566.79,0,-0.46836928339348277
2024-11-30,6644739.7,171,1139978.63,0,-0.49999096445317437
2024-12-01,6994401.03,168,1156245.53,0,-0.47701899419436167
2024-12-02,6814198.83,206,1262103.32,0,-0.4885156742527191
2024-12-03,6715576.71,181,1175732.42,0,-0.4419301224512854
2024-12-04,7650052.33,188,1238505.02,0,-0.4922988622839291
2024-12-05,9272654.71,191,1591583.46,0,-0.4806362253714847
2024-12-06,8228500.979999999,182,1349571.41,0,-0.4278962991709618
2024-12-07,6387149.75,166,1223452.37,0,-0.4344117077305877
2024-12-08,8309747.16,196,1513163.14,0,-0.4681791179160192
2024-12-09,8080207.46,168,1496732.7,0,-0.48754696792761143
2024-12-10,8815618.77,169,1565661.67,0,-0.5243781990585933
2024-12-11,8110785.25,170,1381083.04,0,-0.4938666587928395
2024-12-12,7625431.92,166,1140792.68,0,-0.4931663578636689
2024-12-13,8244652.6,176,1367955.11,0,-0.43889761058644067
2024-12-14,6684108.39,184,1195858.31,0,-0.412142758566843
2024-12-15,6558897.5600000005,169,1285303.9,0,-0.4644860334380666
2024-12-16,7130028.24,181,1341422.64,0,-0.4014360740505172
2024-12-17,6743256.32,170,1276902.88,0,-0.4659286666758917
2024-12-18,7656440.39,168,1427434.13,0,-0.5234551321819746
2024-12-19,7912356.83,181,1499183.95,0,-0.4218223865075968
2024-12-20,9804597.99,181,1542437.41,0,-0.4825499084419943
2024-12-21,8298766.35,194,1545475.31,0,-0.4435779666807058
2024-12-22,7702524.4,163,1382939.66,0,-0.5015616646438887
2024-12-23,10988092.4,212,1875533.36,1,-0.6534500414177764
2024-12-24,6679661.14,177,1219275.59,0,-0.4127116729699418
2024-12-25,6770563.24,187,1171111.51,0,-0.41962574040437556
2024-12-26,8200567.16,174,1369014.77,0,-0.46522998518301223
2024-12-27,6665054.58,197,1316759.66,0,-0.44411078196331016
2024-12-28,8846697.17,187,1701490.7,0,-0.4803107087072757
2024-12-29,9739839.03,202,1638456.54,0,-0.5394204354532964
2024-12-30,7516262.76,179,1295820.39,0,-0.42140721348736115
2024-12-31,7809428.69,181,1279559.28,0,-0.42962953969033596
2025-01-01,6087284.94,160,1352731.52,0,-0.5139195855268887
2025-01-02,8050548.09,205,1731846.87,0,-0.5016083400956148
2025-01-03,6506075.36,172,1531402.39,0,-0.4313217436166395
2025-01-04,6966900.89,177,1514096.58,0,-0.396198810907191
2025-01-05,4721733.0,160,998615.66,0,-0.5477882680276688
2025-01-06,5022864.69,178,1148852.09,0,-0.4041333052043778
2025-01-07,7761539.85,188,1725087.0,0,-0.44130328679787306
2025-01-08,6767993.7,189,1490988.06,0,-0.4103235638504819
2025-01-09,5317517.96,166,1309247.31,0,-0.4862483416436061
2025-01-10,6046997.65,171,1475695.08,0,-0.43812664310760674
2025-01-11,6299689.66,161,1456007.98,0,-0.48139767345068496
2025-01-12,8112678.68,185,1878309.09,0,-0.49915308297940686
2025-01-13,6120178.01,192,1340272.09,0,-0.4347209552795791
2025-01-14,6957334.75,188,1594860.61,0,-0.40336359093524105
2025-01-15,4880386.81,172,1106870.83,0,-0.4197938027244926
2025-01-16,5547051.45,202,1376185.68,0,-0.4572057283640387
2025-01-17,6468575.1,205,1412516.36,0,-0.4762003915707993
2025-01-18,6330122.14,193,1417396.12,0,-0.4112376551850715
2025-01-19,6406048.75,191,1483258.48,0,-0.4290557885369149
2025-01-20,5448217.96,158,1362406.26,0,-0.5484401497532831
2025-01-21,5172779.47,170,1213119.83,0,-0.42399679913000266
2025-01-22,5444252.46,179,1133101.49,0,-0.4216122304321617
2025-01-23,7125319.88,197,1626290.07,0,-0.43762752616326034
2025-01-24,6479464.0600000005,177,1467272.91,0,-0.43388202954846766
2025-01-25,7140348.38,178,1560805.42,0,-0.40817549497164324
2025-01-26,6633416.14,198,1592294.7,0,-0.47395872351592017
2025-01-27,6356631.42,175,1443668.09,0,-0.39410028453247914
2025-01-28,6363239.34,188,1434529.2,0,-0.39481671286219233
2025-01-29,6850306.89,186,1483606.59,0,-0.40774602917291086
2025-01-30,6297366.36,162,1360379.65,0,-0.488210062143577
2025-01-31,4261340.41,184,1065559.44,0,-0.4790242907435893
2025-02-01,6400179.75,181,1466801.39,0,-0.38638568734231976
2025-02-02,5231450.47,196,1182786.38,0,-0.4630811927972868
2025-02-03,4808816.7,171,1134180.81,0,-0.42172525693652557
2025-02-04,5513667.75,171,1299783.19,0,-0.43100993925484843
2025-02-05,6198559.58,162,1208438.08,0,-0.4631873697215275
2025-02-06,5711977.66,187,1367648.31,0,-0.43434336464162904
2025-02-07,6872592.54,195,1565892.07,0,-0.44950675405863316
2025-02-08,7596373.36,198,1737236.56,0,-0.4558268809895095
2025-02-09,4992049.56,180,1204770.93,0,-0.45188891409024906
2025-02-10,6258926.8,185,1371887.72,0,-0.4030569198365926
2025-02-11,5513172.1,172,1267559.55,0,-0.41594345766858826
2025-02-12,6524151.94,189,1471838.65,0,-0.4018950869354197
2025-02-13,5390186.69,186,1158276.74,0,-0.39899674933621077
2025-02-14,4904367.71,178,1214784.72,0,-0.40215518457162075
2025-02-15,6267778.59,177,1497058.64,0,-0.39889898127622553
2025-02-16,7325882.83,196,1650579.59,0,-0.44945370052551165
2025-02-17,6126804.23,180,1437804.49,0,-0.40299907282396136
2025-02-18,6885538.46,171,1516123.19,0,-0.42865550842601247
2025-02-19,6207713.63,175,1476346.31,0,-0.43718259429931206
2025-02-20,4890073.25,169,1071939.57,0,-0.42880438458886727
2025-02-21,5473712.25,184,1313405.97,0,-0.40628966527599175
2025-02-22,5620459.05,176,1419604.15,0,-0.40648843844848714
2025-02-23,6136077.07,203,1488305.93,0,-0.46899180502922655
2025-02-24,4435934.29,169,1045940.48,0,-0.46282345522662627
2025-02-25,5662183.19,175,1259288.78,0,-0.4937343718137181
2025-02-26,6886851.45,188,1486124.84,0,-0.43311450023858955
2025-02-27,5633979.93,173,1234193.24,0,-0.3901982427465048
2025-02-28,5629747.28,189,1306339.39,0,-0.3972607431707333
2025-03-01,5368123.73,165,1187870.47,0,-0.4316395122146401
2025-03-02,6631400.25,166,1458436.38,0,-0.4520890243137893
2025-03-03,6502467.76,170,1462851.26,0,-0.4262746227443307
2025-03-04,4460046.91,182,1052202.15,0,-0.44691234541237607
2025-03-05,6865096.11,179,1405547.05,0,-0.3950874347035161
2025-03-06,7449255.94,207,1750791.1,0,-0.5130939950218845
2025-03-07,8556123.07,184,1831101.4,0,-0.4911509832503834
2025-03-08,9573248.4,210,2182762.34,1,-0.6487274394388608
2025-03-09,5807966.67,193,1302419.78,0,-0.43210394670068525
2025-03-10,6456546.57,190,1405231.11,0,-0.41129366995550315
2025-03-11,6350987.23,161,1396153.78,0,-0.4832813298082526
2025-03-12,6919769.91,171,1497358.62,0,-0.42603078174862663
2025-03-13,7616175.06,190,1859611.01,0,-0.47800149948479936
2025-03-14,5762527.29,180,1254109.54,0,-0.4101405399742734
2025-03-15,6010404.5200000005,176,1342390.88,0,-0.4276491697144293
2025-03-16,4921835.99,162,1096065.36,0,-0.46755498172902604
2025-03-17,5613629.33,176,1348740.23,0,-0.3927911818694888
2025-03-18,6659013.83,192,1430990.5,0,-0.4118814016492277
2025-03-19,6801490.91,178,1557800.88,0,-0.4090483338223654
2025-03-20,6851981.87,196,1537305.59,0,-0.4242359783322908
2025-03-21,8232340.61,185,1825030.54,0,-0.4673222696184846
2025-03-22,6362276.44,184,1316474.45,0,-0.4200629587532106
2025-03-23,5960746.69,184,1365793.45,0,-0.39854190987420035
2025-03-24,4956188.3,174,1130048.17,0,-0.41698817504539004
2025-03-25,6127858.8,188,1382126.97,0,-0.39155563098967794
2025-03-26,6463506.91,177,1494861.05,0,-0.41012463794305065
2025-03-27,7231006.14,196,1641883.93,0,-0.4293958895662317
2025-03-28,4419810.93,152,1047043.19,1,-0.5884623334930816
2025-03-29,6981377.87,194,1695267.0,0,-0.4809949763795741
2025-03-30,7252157.8,171,1516341.75,0,-0.42766593367375927
2025-03-31,6568399.25,207,1461147.69,0,-0.49963894797373154
2025-04-01,7091486.4,191,1630935.06,0,-0.43995128269311784
2025-04-02,6077930.03,165,1344776.98,0,-0.48041755403983627
2025-04-03,7714347.21,189,1597160.76,0,-0.4270266238191433
2025-04-04,7257106.06,183,1716959.66,0,-0.4252686561605503
2025-04-05,6995119.59,157,1614046.92,1,-0.5942698739431134
2025-04-06,7246373.36,185,1564871.86,0,-0.40123898394405444
2025-04-07,4677806.43,191,1139740.33,0,-0.4411031677758735
2025-04-08,6362167.43,182,1352235.72,0,-0.39704720397708154
2025-04-09,7107914.34,189,1598201.48,0,-0.4152213530622639
2025-04-10,6123284.63,203,1410612.85,0,-0.4560115958913909
2025-04-11,5887758.3100000005,192,1395899.68,0,-0.42629326224474595
2025-04-12,7361663.31,188,1580579.43,0,-0.41022563926479916
2025-04-13,6456482.12,180,1515101.17,0,-0.4008792176384157
2025-04-14,6172271.42,186,1369110.53,0,-0.4433596836510436
2025-04-15,6850034.11,188,1392844.74,0,-0.443039045429504
2025-04-16,6237759.86,190,1492933.31,0,-0.4509861150563684
2025-04-17,6458830.99,175,1395322.64,0,-0.4257657872845023
2025-04-18,7621840.18,211,1638869.56,0,-0.5358772167871868
2025-04-19,6849333.3,186,1448546.47,0,-0.39724086413886145
2025-04-20,5644326.82,205,1192673.26,0,-0.48309276985889854
2025-04-21,8384733.54,176,1859226.27,0,-0.5148387125258438
2025-04-22,5813246.96,181,1326212.62,0,-0.39704464251369975
2025-04-23,6238834.23,190,1429780.37,0,-0.41470322200606474
2025-04-24,5254338.81,176,1281118.78,0,-0.4394255935574789
2025-04-25,7383084.79,205,1577233.64,0,-0.46929900267865693
2025-04-26,8437353.15,207,1885117.36,1,-0.6105065978211457
2025-04-27,8436997.99,201,1953403.57,0,-0.5550258161681061
2025-04-28,6168061.14,164,1305443.7,0,-0.44956596583552144
2025-04-29,6698659.95,172,1510167.13,0,-0.42419565517841684
2025-04-30,6097953.19,183,1420371.26,0,-0.3887832429492986
2025-05-01,7318220.229999999,207,1467768.45,0,-0.5213372387113373
2025-05-02,4274415.7,177,1026363.6,0,-0.44473495152344517
2025-05-03,4815154.34,171,1163540.78,0,-0.4327208481211003
2025-05-04,6931629.69,186,1570703.09,0,-0.41107557507543613
2025-05-05,5079323.83,187,1213125.93,0,-0.41285970945157924
2025-05-06,4657505.07,185,1073005.79,0,-0.4214685164270771
2025-05-07,5157817.47,170,1081632.67,0,-0.46521619596525887
2025-05-08,5401391.5600000005,192,1238883.49,0,-0.4110252901427938
2025-05-09,7729987.18,185,1651960.28,0,-0.4214634441244058
2025-05-10,4955367.7,165,1238582.07,0,-0.46223048666042016
2025-05-11,4238579.41,205,1022303.93,1,-0.5759134191917776
2025-05-12,5500339.15,172,1282122.83,0,-0.3978330034782257
2025-05-13,6016981.4,204,1411503.52,0,-0.4581661060007333
2025-05-14,4975782.12,177,1036214.89,0,-0.4532459450043243
2025-05-15,5519944.83,199,1341678.44,0,-0.4561496534093691
2025-05-16,4293315.14,144,1003183.99,1,-0.644231810346853
2025-05-17,4758274.55,178,1070900.85,0,-0.4135460590710095
2025-05-18,5505384.75,192,1235722.09,0,-0.4438695075624646
2025-05-19,6011802.97,203,1310795.72,0,-0.44908099270808677
2025-05-20,4629891.07,184,1133535.0,0,-0.45860978095066496
2025-05-21,4570065.29,201,1152453.84,0,-0.5310125346239052
2025-05-22,6588184.34,185,1521230.69,0,-0.39788343409784144
2025-05-23,3812410.69,177,884860.73,0,-0.48849961958680466
2025-05-24,5939174.78,180,1296204.87,0,-0.41592312691947414
2025-05-25,4785519.12,159,1197607.82,0,-0.5150354736693521
2025-05-26,4196572.21,169,994839.95,0,-0.47614201701139064
2025-05-27,5517448.38,177,1293800.34,0,-0.38637797654130707
2025-05-28,4689604.88,191,1117649.33,0,-0.43822592913465425
2025-05-29,5459547.96,162,1222734.25,0,-0.5038345897883735
2025-05-30,5261425.33,183,1189154.28,0,-0.4035527178541875
2025-05-31,4804189.79,175,1097056.58,0,-0.4320874222909598
2025-06-01,7287608.79,185,1492380.86,0,-0.41148600322517653
2025-06-02,4803727.08,194,1085262.24,0,-0.46170723685725656
2025-06-03,5637811.67,183,1251660.48,0,-0.39787980101201903
2025-06-04,5375570.36,174,1228654.96,0,-0.4118261162711745
2025-06-05,4373775.18,168,1030860.44,0,-0.46418198087915385
2025-06-06,6818765.29,183,1542098.02,0,-0.4248826859678016
2025-06-07,5421846.91,174,1152960.91,0,-0.42114921911774394
2025-06-08,6673784.83,184,1557588.81,0,-0.41153219528592916
2025-06-09,3909889.9,181,914047.39,0,-0.46072139295842657
2025-06-10,4231155.16,179,979195.58,0,-0.46157608721235727
2025-06-11,4552491.49,174,1120100.63,0,-0.4396093147932352
2025-06-12,5215401.38,189,1206689.72,0,-0.4127787631043881
2025-06-13,5961446.05,196,1322576.95,0,-0.4331264318269653
2025-06-14,5132401.97,154,1097945.13,0,-0.5429012850673027
2025-06-15,6029958.13,172,1357183.47,0,-0.40298485506047416
2025-06-16,5270203.56,164,1179285.0,0,-0.43924017290775397
2025-06-17,5729337.98,186,1397285.68,0,-0.4021500530198687
2025-06-18,5852488.91,178,1198347.92,0,-0.3856797205976832
2025-06-19,4152721.48,163,962576.83,0,-0.5270465298161175
2025-06-20,4454917.59,165,1109256.76,0,-0.48232027265877825
2025-06-21,3744188.7,172,967355.02,0,-0.4714668598167225
2025-06-22,5012317.82,175,1086844.9,0,-0.42350701066873514
2025-06-23,3890653.18,177,905290.1,0,-0.47376173232178237
2025-06-24,4505002.41,165,1108621.76,0,-0.5008862767165091
2025-06-25,5611326.62,158,1307714.31,0,-0.5453902851836704
2025-06-26,5342945.63,178,1200906.54,0,-0.4027920303689866
2025-06-27,5351678.72,176,1226008.38,0,-0.4019171289834759
2025-06-28,4582734.93,188,1149540.14,0,-0.43747983863473794
2025-06-29,4225402.81,157,1032813.7,0,-0.5395070335650102
2025-06-30,6740446.2,188,1487583.05,0,-0.4235584003137653
2025-07-01,5089515.68,166,1235649.15,0,-0.44862668399475164
2025-07-02,5340382.01,173,1177934.35,0,-0.43962851887455556
2025-07-03,6316274.61,183,1475868.07,0,-0.42920443793474483
2025-07-04,5248357.2,164,1212803.98,0,-0.4367440463584187
2025-07-05,4586216.07,167,1103795.09,0,-0.4693457853987247
2025-07-06,5294460.41,187,1282994.76,0,-0.4154757301719758
2025-07-07,4917615.72,139,1122629.87,1,-0.656132818538831
2025-07-08,6304687.0,200,1405176.01,0,-0.4283243321663735
2025-07-09,6118608.49,195,1417838.22,0,-0.42161406361547155
2025-07-10,5445872.41,173,1216798.59,0,-0.40498429823256255
2025-07-11,4330390.98,177,1061863.02,0,-0.43257837949422356
2025-07-12,5158058.2,178,1224694.1,0,-0.40882164032951257
2025-07-13,6186677.96,202,1320454.95,0,-0.45094319752626233
2025-07-14,4646641.24,174,1065741.91,0,-0.4355196984339671
2025-07-15,6197438.0,201,1442349.08,0,-0.45772056353946533
2025-07-16,5203920.45,176,1214230.24,0,-0.39176044595822884
2025-07-17,5481161.97,182,1223736.23,0,-0.38831230598284333
2025-07-18,4977257.92,194,1257632.29,0,-0.4410915663657298
2025-07-19,4657326.06,182,1182960.57,0,-0.42116405427600045
2025-07-20,5525303.0,185,1291875.92,0,-0.41368824610588556
2025-07-21,5215665.19,169,1257080.54,0,-0.41888023487236775
2025-07-22,5170817.66,178,1123074.06,0,-0.4230012747730078
2025-07-23,4155594.9,201,938974.81,0,-0.5255927672523673
2025-07-24,4272645.04,181,926763.62,0,-0.4598200661794379
2025-07-25,5987896.26,189,1481169.79,0,-0.4031664092332743
2025-07-26,5811184.2700000005,162,1381281.06,0,-0.4894778437897309
2025-07-27,4851363.31,172,1086594.36,0,-0.4130088214760771
2025-07-28,4745569.61,168,1047691.08,0,-0.4496170057930143
2025-07-29,7238576.47,218,1726823.02,1,-0.6033726244632102
2025-07-30,4038210.82,170,897962.27,0,-0.4936743718000842
2025-07-31,4176878.1,215,1030273.49,1,-0.6240421386626597
2025-08-01,4699517.83,179,1201247.77,0,-0.40882566709838597
2025-08-02,4408534.02,195,1121460.01,0,-0.465740648207208
2025-08-03,6966343.05,197,1558912.46,0,-0.42703180337712854
2025-08-04,5365022.7,192,1237685.1,0,-0.4398905055395525
2025-08-05,5879288.16,187,1414897.55,0,-0.42478404824960847
2025-08-06,4958728.17,173,1158314.85,0,-0.4164941264647326
2025-08-07,6346280.17,180,1542735.05,0,-0.43036127518165573
2025-08-08,5144824.42,180,1168974.8,0,-0.47259458880421146
2025-08-09,6006724.38,154,1384000.27,0,-0.5427033463835396
2025-08-10,5833146.65,191,1232133.92,0,-0.4233224163800576
2025-08-11,4635072.28,180,1000127.54,0,-0.4285684675920596
2025-08-12,5597124.16,183,1332099.72,0,-0.41271017485566347
2025-08-13,4503733.65,180,1028171.87,0,-0.43522857266338544
2025-08-14,5265213.91,182,1232066.52,0,-0.3922793964871708
2025-08-15,5261005.45,166,1257247.02,0,-0.4556446426913082
2025-08-16,3963884.84,150,896290.76,1,-0.652777478900774
2025-08-17,5531033.39,162,1257541.36,0,-0.4694926622254293
2025-08-18,5959279.88,195,1343384.98,0,-0.4461658912892465
2025-08-19,4430339.4,154,1080569.04,1,-0.5583783443139816
2025-08-20,6674598.45,186,1475701.09,0,-0.45218701532184724
2025-08-21,5515277.58,200,1312303.86,0,-0.4622364703734063
2025-08-22,4539529.06,187,1100080.78,0,-0.4375851620868802
2025-08-23,6451599.73,212,1531958.32,0,-0.5344129821510483
2025-08-24,6484586.95,190,1565850.44,0,-0.4238619497918692
2025-08-25,5938779.79,187,1336384.66,0,-0.402223906873268
2025-08-26,7253039.26,195,1592279.35,0,-0.4174882896771496
2025-08-27,3970246.82,178,914473.22,0,-0.5134338527486046
2025-08-28,4063982.02,185,955406.76,0,-0.4702677227394354
2025-08-29,4685447.75,183,1114941.72,0,-0.4128232807858019
2025-08-30,6238380.68,213,1436861.99,0,-0.5427441549113392
2025-08-31,6299013.13,186,1450038.19,0,-0.39883048320167724
2025-09-01,6276965.89,179,1471179.86,0,-0.3896375572718378
2025-09-02,8098212.85,167,1699593.29,0,-0.5085433274602347
2025-09-03,5838895.34,172,1307630.47,0,-0.41710029153639006
2025-09-04,5263680.57,174,1320204.78,0,-0.4036913237985901
2025-09-05,6430057.4,178,1397713.0,0,-0.3860510154801767
2025-09-06,4549916.09,184,1150895.56,0,-0.4583743474396485
2025-09-07,4239988.36,178,896614.11,0,-0.4623510759084296
2025-09-08,6814546.98,176,1380746.7,0,-0.40522676471913815
2025-09-09,7180707.83,187,1665193.99,0,-0.427362825354249
2025-09-10,7107506.54,175,1608821.87,0,-0.429433571882172
2025-09-11,6220300.25,195,1455266.97,0,-0.4430689809640928
2025-09-12,5944682.05,191,1318444.44,0,-0.40728226942278456
2025-09-13,7625253.63,165,1601830.32,0,-0.4944377515254534
2025-09-14,6935388.32,186,1602143.31,0,-0.411460724674603
2025-09-15,5885983.58,184,1421329.09,0,-0.39505207572284645
2025-09-16,7623037.54,187,1726004.49,0,-0.4320419728129897
2025-09-17,7341980.01,178,1628406.91,0,-0.4222512475099464
2025-09-18,4845881.49,171,1005409.6,0,-0.45009624660897934
2025-09-19,7416192.91,216,1688246.39,1,-0.5667065756736235
2025-09-20,4777679.0,175,1117061.7,0,-0.41864601070853164
2025-09-21,5232242.06,174,1226071.5,0,-0.4093521773558541
2025-09-22,6613663.07,176,1614898.94,0,-0.4330437667714946
2025-09-23,6943600.64,191,1551870.69,0,-0.42378338544729144
2025-09-24,4230828.32,164,1024733.67,0,-0.4946939999061416
2025-09-25,6822128.23,191,1474311.73,0,-0.44320228626067154
2025-09-26,5467786.73,161,1250951.65,0,-0.4719183435648055
2025-09-27,7561782.45,185,1753851.55,0,-0.44127793374185087
2025-09-28,7706413.59,177,1772786.93,0,-0.47427524227953777
2025-09-29,4772730.98,162,1035404.96,0,-0.48024738490721786
2025-09-30,6535970.88,179,1440865.17,0,-0.398543455538963
2025-10-01,8246509.14,193,1458962.71,0,-0.433092768428987
2025-10-02,7115511.88,164,1205404.52,0,-0.48236681010563803
2025-10-03,9623374.73,182,1683660.93,0,-0.5018878835576844
2025-10-04,7124315.58,184,1126797.04,0,-0.5016954846338977
2025-10-05,7043637.95,215,1302773.44,1,-0.5972045896052923
2025-10-06,7467882.11,182,1323990.12,0,-0.4421562848029178
2025-10-07,7207507.55,192,1269644.94,0,-0.44143552153769133
2025-10-08,6428067.98,199,1190243.38,0,-0.46961912139246736
2025-10-09,9212400.66,190,1565259.73,0,-0.464675478578609
2025-10-10,7931253.34,186,1363994.68,0,-0.4428686905888538
2025-10-11,7470097.44,169,1404850.11,0,-0.4700167726336361
2025-10-12,7929500.09,197,1323684.37,0,-0.45867985301340936
2025-10-13,7933553.04,181,1317578.15,0,-0.4439675805575752
2025-10-14,10684502.51,192,1806844.27,1,-0.5750239005968023
2025-10-15,9159656.46,211,1582650.15,1,-0.570540982350592
2025-10-16,7890047.09,178,1227246.07,0,-0.45908281692517894
2025-10-17,7716804.95,195,1401789.43,0,-0.4268825273522029
2025-10-18,7696989.33,186,1445848.56,0,-0.4314162530694468
2025-10-19,8590291.08,177,1568038.36,0,-0.46325124965058573
2025-10-20,6495588.71,187,1216691.94,0,-0.41235455969584706
2025-10-21,8365870.44,179,1601433.04,0,-0.45868403493412574
2025-10-22,8048482.01,175,1352676.1,0,-0.43253204636058323
2025-10-23,8011774.26,175,1385222.8,0,-0.4713789915524851
2025-10-24,7063746.13,174,1270796.61,0,-0.4385415329691692
2025-10-25,9358934.44,187,1561817.09,0,-0.5063309642087036
2025-10-26,9175832.59,170,1441151.91,0,-0.5213389278166566
2025-10-27,7191801.88,179,1320510.2,0,-0.41138432918671874
2025-10-28,8004697.33,156,1285691.88,1,-0.5947722200128098
2025-10-29,7288614.19,165,1241551.09,0,-0.47930173465872217
2025-10-30,9419499.67,189,1702561.88,0,-0.48265545954947225
2025-10-31,7151883.17,182,1308623.82,0,-0.39323177136990733
2025-11-01,7516223.12,173,1354047.1,0,-0.43923979860010365
2025-11-02,7773654.17,178,1374172.67,0,-0.4289094683364166
2025-11-03,6727696.27,173,1266549.03,0,-0.4004451606948165
2025-11-04,8849248.48,196,1425789.81,0,-0.4806996969905129
2025-11-05,8953814.0,189,1517580.85,0,-0.4534398409608774
2025-11-06,7237475.88,168,1322301.04,0,-0.4359735518427444
2025-11-07,6703551.0,164,1204499.48,0,-0.5389492607830193
2025-11-08,9256984.88,193,1750113.69,0,-0.5331501958370601
2025-11-09,5897032.86,178,1029989.41,0,-0.43801788439769074
2025-11-10,8346449.0,170,1527356.02,0,-0.4974331803905896
2025-11-11,8033050.67,185,1559160.82,0,-0.4119546125977053
2025-11-12,8825596.17,194,1456386.61,0,-0.4961811137338181
2025-11-13,6695151.57,168,1294046.48,0,-0.45478264987987377
2025-11-14,7235324.67,176,1407758.48,0,-0.4115343193817228
2025-11-15,9140995.77,190,1460325.75,0,-0.512928039558002
2025-11-16,6715181.39,166,1093364.94,0,-0.4793955337538159
2025-11-17,8363910.19,184,1428640.1,0,-0.4753654894067823
2025-11-18,6269816.51,170,1190774.36,0,-0.4324174213764832
2025-11-19,7310946.62,195,1356277.78,0,-0.42385067489293904
2025-11-20,7907373.99,197,1396054.8,0,-0.44939783707819375
2025-11-21,7971461.18,201,1464434.31,0,-0.47365735028344247
2025-11-22,8116815.42,194,1336373.03,0,-0.44789780855133837
