date,revenue
2020-01-01,3942292.4
2020-01-02,4729429.72
2020-01-03,3282011.65
2020-01-04,4353733.15
2020-01-05,6163682.83
2020-01-06,3765019.1799999997
2020-01-07,4544624.35
2020-01-08,3516032.5300000003
2020-01-09,4917976.82
2020-01-10,3848911.03
2020-01-11,6724225.5
2020-01-12,6816513.47
2020-01-13,3743143.09
2020-01-14,3539310.56
2020-01-15,5551044.45
2020-01-16,2668955.6
2020-01-17,2624646.07
2020-01-18,3420833.5
2020-01-19,4650521.94
2020-01-20,1955045.89
2020-01-21,3042761.1
2020-01-22,2576461.14
2020-01-23,1844081.34
2020-01-24,2813324.33
2020-01-25,3360984.05
2020-01-26,3131260.54
2020-01-27,2775392.38
2020-01-28,2519518.4
2020-01-29,3106327.9
2020-01-30,2391627.9
2020-01-31,1843132.1199999999
2020-02-01,3419533.14
2020-02-02,4829701.83
2020-02-03,2013383.06
2020-02-04,3607479.77
2020-02-05,1988631.04
2020-02-06,1932947.73
2020-02-07,2887862.76
2020-02-08,2349062.21
2020-02-09,4188586.01
2020-02-10,2593452.36
2020-02-11,3426654.28
2020-02-12,3519894.61
2020-02-13,4070862.19
2020-02-14,3530008.22
2020-02-15,3498651.57
2020-02-16,4561400.13
2020-02-17,1755468.23
2020-02-18,2716361.15
2020-02-19,2709524.44
2020-02-20,4333266.26
2020-02-21,2117644.01
2020-02-22,3261893.12
2020-02-23,3836904.58
2020-02-24,1915145.94
2020-02-25,2677813.78
2020-02-26,2607900.93
2020-02-27,2609852.96
2020-02-28,3167258.06
2020-02-29,1915924.74
2020-03-01,2653702.78
2020-03-02,2239973.9299999997
2020-03-03,1903793.52
2020-03-04,2791086.84
2020-03-05,2535004.53
2020-03-06,2722571.1
2020-03-07,4011871.5
2020-03-08,6351567.7
2020-03-09,2411566.6
2020-03-10,3070715.56
2020-03-11,3119626.75
2020-03-12,2630693.1
2020-03-13,2534801.44
2020-03-14,6116258.52
2020-03-15,5214964.03
2020-03-16,3035986.02
2020-03-17,2369865.6
2020-03-18,2139993.28
2020-03-19,2404396.75
2020-03-20,1115562.72
2020-03-21,3482000.5100000002
2020-03-22,4200586.22
2020-03-23,2457116.09
2020-03-24,2841079.46
2020-03-25,2322396.34
2020-03-26,2833804.17
2020-03-27,3160127.69
2020-03-28,2837797.66
2020-03-29,2788300.94
2020-03-30,3102200.3
2020-03-31,2131816.78
2020-04-01,2425696.92
2020-04-02,3546933.98
2020-04-03,3114541.22
2020-04-04,4017629.67
2020-04-05,4334935.04
2020-04-06,2490820.68
2020-04-07,1565239.18
2020-04-08,3828731.84
2020-04-09,2539561.87
2020-04-10,2647161.13
2020-04-11,2571838.7
2020-04-12,1848504.9200000002
2020-04-13,2042892.56
2020-04-14,2650100.14
2020-04-15,2574313.83
2020-04-16,2852901.05
2020-04-17,3233784.57
2020-04-18,2988048.54
2020-04-19,2739460.14
2020-04-20,2443875.7399999998
2020-04-21,2605902.47
2020-04-22,3813940.08
2020-04-23,1899065.99
2020-04-24,1652425.11
2020-04-25,3977786.38
2020-04-26,2990648.77
2020-04-27,1934855.55
2020-04-28,2755166.76
2020-04-29,2442124.0300000003
2020-04-30,3021995.94
2020-05-01,2658972.29
2020-05-02,3714297.4499999997
2020-05-03,2539188.17
2020-05-04,3362205.4
2020-05-05,2960338.1
2020-05-06,2263507.58
2020-05-07,3487935.19
2020-05-08,2576517.05
2020-05-09,3209233.79
2020-05-10,4059668.36
2020-05-11,3194279.97
2020-05-12,2761776.4
2020-05-13,2334126.59
2020-05-14,2021712.91
2020-05-15,2818273.7800000003
2020-05-16,4479411.45
2020-05-17,4343077.0
2020-05-18,2889281.0300000003
2020-05-19,1230189.72
2020-05-20,1836671.8900000001
2020-05-21,3182413.7600000002
2020-05-22,2049038.27
2020-05-23,3226554.72
2020-05-24,3433885.87
2020-05-25,1757300.36
2020-05-26,2893203.63
2020-05-27,2883957.54
2020-05-28,2397490.48
2020-05-29,2529454.0300000003
2020-05-30,2907899.56
2020-05-31,3346350.5
2020-06-01,3595767.17
2020-06-02,3651921.0
2020-06-03,2618439.72
2020-06-04,2423712.61
2020-06-05,2045222.03
2020-06-06,2077003.21
2020-06-07,2758747.91
2020-06-08,1986824.65
2020-06-09,2197365.36
2020-06-10,3656444.11
2020-06-11,2045970.8699999999
2020-06-12,1990440.79
2020-06-13,4212390.19
2020-06-14,3223102.68
2020-06-15,3920558.3
2020-06-16,2645708.67
2020-06-17,2597335.22
2020-06-18,2134306.28
2020-06-19,2659373.7800000003
2020-06-20,2542407.85
2020-06-21,4074191.36
2020-06-22,2537030.35
2020-06-23,3006148.31
2020-06-24,1672631.47
2020-06-25,1975141.08
2020-06-26,2974106.56
2020-06-27,3755013.6799999997
2020-06-28,3784327.3
2020-06-29,2443919.65
2020-06-30,3624844.79
2020-07-01,1786537.8800000001
2020-07-02,2541064.47
2020-07-03,2111208.41
2020-07-04,3801430.59
2020-07-05,3277877.61
2020-07-06,1780880.64
2020-07-07,1932890.14
2020-07-08,2226789.77
2020-07-09,2571716.13
2020-07-10,2238106.08
2020-07-11,4238277.97
2020-07-12,3946352.64
2020-07-13,3523724.2199999997
2020-07-14,3759336.0500000003
2020-07-15,3238622.4299999997
2020-07-16,1731121.24
2020-07-17,2041164.67
2020-07-18,3258794.41
2020-07-19,3300348.98
2020-07-20,3393164.94
2020-07-21,2470890.42
2020-07-22,2236818.83
2020-07-23,3228787.37
2020-07-24,1821466.66
2020-07-25,3686890.93
2020-07-26,3442082.43
2020-07-27,3552183.2199999997
2020-07-28,2436978.78
2020-07-29,2736265.66
2020-07-30,4043314.48
2020-07-31,1862765.02
2020-08-01,3712652.12
2020-08-02,4578434.92
2020-08-03,2302755.38
2020-08-04,2237054.29
2020-08-05,2383368.23
2020-08-06,2755192.33
2020-08-07,3934229.34
2020-08-08,3270708.82
2020-08-09,3526584.38
2020-08-10,3355736.43
2020-08-11,3116461.91
2020-08-12,3380259.35
2020-08-13,2702493.62
2020-08-14,2611682.7
2020-08-15,5028878.21
2020-08-16,4103007.16
2020-08-17,3894182.15
2020-08-18,2014057.76
2020-08-19,4170848.56
2020-08-20,4109959.53
2020-08-21,2399753.25
2020-08-22,3797956.28
2020-08-23,3234064.14
2020-08-24,1684310.59
2020-08-25,2216319.4
2020-08-26,2256594.4699999997
2020-08-27,3111650.57
2020-08-28,2302220.75
2020-08-29,3465254.7
2020-08-30,3208261.02
2020-08-31,2747573.88
2020-09-01,2354608.42
2020-09-02,2659147.36
2020-09-03,2559696.39
2020-09-04,2508496.02
2020-09-05,2962785.01
2020-09-06,3473479.73
2020-09-07,1750812.59
2020-09-08,2159597.23
2020-09-09,2877399.2
2020-09-10,2226927.69
2020-09-11,2351217.54
2020-09-12,3845379.12
2020-09-13,2295983.64
2020-09-14,2971982.75
2020-09-15,3280559.61
2020-09-16,2733482.12
2020-09-17,2988791.82
2020-09-18,2926836.98
2020-09-19,3240262.52
2020-09-20,3602680.2600000002
2020-09-21,1829106.84
2020-09-22,3029255.19
2020-09-23,2881797.87
2020-09-24,3021943.71
2020-09-25,2517994.77
2020-09-26,3483399.85
2020-09-27,4425076.11
2020-09-28,2993442.9899999998
2020-09-29,2453023.9
2020-09-30,2310757.29
2020-10-01,3933981.75
2020-10-02,4829253.82
2020-10-03,3929639.58
2020-10-04,3048889.6
2020-10-05,1715444.58
2020-10-06,2450201.04
2020-10-07,2580799.87
2020-10-08,2313753.33
2020-10-09,2121716.19
2020-10-10,2574377.11
2020-10-11,4512525.07
2020-10-12,2255423.77
2020-10-13,2268467.69
2020-10-14,2397532.07
2020-10-15,5236236.48
2020-10-16,6432552.75
2020-10-17,6907766.11
2020-10-18,4984196.35
2020-10-19,6250226.01
2020-10-20,3964435.85
2020-10-21,3477116.01
2020-10-22,5863631.3100000005
2020-10-23,4467914.4
2020-10-24,7010794.65
2020-10-25,7989524.38
2020-10-26,4825943.9
2020-10-27,3457659.23
2020-10-28,5641067.3
2020-10-29,4804645.99
2020-10-30,3750100.44
2020-10-31,6160374.87
2020-11-01,4883516.62
2020-11-02,4263136.59
2020-11-03,6296258.59
2020-11-04,3785114.05
2020-11-05,2427764.88
2020-11-06,2287849.79
2020-11-07,6734554.93
2020-11-08,5143619.99
2020-11-09,3110940.6
2020-11-10,5044414.93
2020-11-11,3249748.57
2020-11-12,2397816.2
2020-11-13,2721456.44
2020-11-14,3609429.88
2020-11-15,3719280.35
2020-11-16,3450062.43
2020-11-17,2033994.91
2020-11-18,2043470.71
2020-11-19,2895804.7
2020-11-20,3287282.35
2020-11-21,3706601.2
2020-11-22,3240542.17
2020-11-23,3260723.55
2020-11-24,2656293.8
2020-11-25,3449051.67
2020-11-26,3900934.12
2020-11-27,2296676.95
2020-11-28,2964538.4
2020-11-29,3130401.4699999997
2020-11-30,2096006.72
2020-12-01,3177298.24
2020-12-02,2389513.16
2020-12-03,2719014.91
2020-12-04,2059504.85
2020-12-05,4592820.36
2020-12-06,3747277.99
2020-12-07,2743590.81
2020-12-08,2408283.93
2020-12-09,2409554.46
2020-12-10,1398762.26
2020-12-11,3376806.88
2020-12-12,2480832.96
2020-12-13,4746185.03
2020-12-14,3491650.32
2020-12-15,4087464.5300000003
2020-12-16,4416443.82
2020-12-17,5909798.58
2020-12-18,3249313.52
2020-12-19,8158179.65
2020-12-20,6615806.1
2020-12-21,3739410.52
2020-12-22,5925524.71
2020-12-23,4822838.65
2020-12-24,4965000.13
2020-12-25,5210797.2
2020-12-26,3933101.54
2020-12-27,4664597.01
2020-12-28,4646015.09
2020-12-29,4285978.4
2020-12-30,4757772.22
2020-12-31,5915463.61
2021-01-01,4869713.27
2021-01-02,6014740.86
2021-01-03,5601384.42
2021-01-04,6186373.6
2021-01-05,5046582.6899999995
2021-01-06,5224227.88
2021-01-07,4341284.36
2021-01-08,4215986.63
2021-01-09,5243577.32
2021-01-10,6465286.24
2021-01-11,5175911.0200000005
2021-01-12,4950285.96
2021-01-13,3807639.27
2021-01-14,5100130.73
2021-01-15,6070012.6
2021-01-16,3865191.23
2021-01-17,5631136.7700000005
2021-01-18,3337301.11
2021-01-19,2581736.85
2021-01-20,2234973.38
2021-01-21,2143013.07
2021-01-22,3047812.88
2021-01-23,3051654.64
2021-01-24,4680810.81
2021-01-25,2669121.41
2021-01-26,2944320.67
2021-01-27,3082807.73
2021-01-28,2681266.87
2021-01-29,3564794.17
2021-01-30,3918314.87
2021-01-31,5455976.42
2021-02-01,2976643.87
2021-02-02,1926745.78
2021-02-03,3113189.69
2021-02-04,3092437.71
2021-02-05,2507971.0
2021-02-06,3745341.3
2021-02-07,4733487.4399999995
2021-02-08,3628664.55
2021-02-09,1657868.55
2021-02-10,4273101.18
2021-02-11,4299332.7700000005
2021-02-12,5012782.58
2021-02-13,5194549.88
2021-02-14,4974236.2
2021-02-15,5119540.6
2021-02-16,2927725.06
2021-02-17,3982359.04
2021-02-18,4241914.49
2021-02-19,4113037.41
2021-02-20,4126950.38
2021-02-21,3856435.13
2021-02-22,3006589.19
2021-02-23,3325232.5
2021-02-24,3547015.18
2021-02-25,3371879.84
2021-02-26,3078266.73
2021-02-27,4885760.31
2021-02-28,4583850.55
2021-03-01,2977125.1
2021-03-02,3213842.82
2021-03-03,2429043.83
2021-03-04,4164174.56
2021-03-05,4303820.44
2021-03-06,4971312.0
2021-03-07,5459642.899999999
2021-03-08,3342175.2199999997
2021-03-09,5165402.05
2021-03-10,3512882.0
2021-03-11,4288083.09
2021-03-12,3262274.64
2021-03-13,4622378.59
2021-03-14,3917529.89
2021-03-15,2969688.92
2021-03-16,2327982.71
2021-03-17,3756072.04
2021-03-18,2987705.7
2021-03-19,2749593.5300000003
2021-03-20,4617530.44
2021-03-21,3300528.25
2021-03-22,2951600.57
2021-03-23,4025827.77
2021-03-24,2764871.62
2021-03-25,3036909.5
2021-03-26,4049099.6
2021-03-27,3057893.4
2021-03-28,2824029.21
2021-03-29,2443145.08
2021-03-30,3469566.47
2021-03-31,2282278.62
2021-04-01,2559518.29
2021-04-02,4166952.4
2021-04-03,4526021.89
2021-04-04,4051205.36
2021-04-05,2716778.14
2021-04-06,2748623.96
2021-04-07,2653534.6
2021-04-08,2977585.55
2021-04-09,2983663.79
2021-04-10,6667629.09
2021-04-11,3905752.27
2021-04-12,3491739.55
2021-04-13,3531862.54
2021-04-14,3931664.46
2021-04-15,4004699.67
2021-04-16,3401485.07
2021-04-17,4650050.7299999995
2021-04-18,4952070.46
2021-04-19,3027559.2600000002
2021-04-20,3370469.4699999997
2021-04-21,1717351.01
2021-04-22,2753310.91
2021-04-23,2744870.54
2021-04-24,5947269.26
2021-04-25,4071860.99
2021-04-26,2319232.86
2021-04-27,3842439.61
2021-04-28,2446788.67
2021-04-29,2391806.91
2021-04-30,2494710.98
2021-05-01,3820948.3
2021-05-02,3917670.79
2021-05-03,2985048.7
2021-05-04,2524586.79
2021-05-05,2675200.55
2021-05-06,2615878.68
2021-05-07,2363723.54
2021-05-08,4965477.5
2021-05-09,4122752.6
2021-05-10,4110157.62
2021-05-11,2431765.54
2021-05-12,2438792.73
2021-05-13,2239985.61
2021-05-14,3406310.31
2021-05-15,4695187.65
2021-05-16,2964813.61
2021-05-17,3721098.84
2021-05-18,2256967.13
2021-05-19,2917470.68
2021-05-20,3464507.87
2021-05-21,2150668.11
2021-05-22,2823605.12
2021-05-23,3373149.83
2021-05-24,3008483.04
2021-05-25,2841756.17
2021-05-26,2939392.82
2021-05-27,2799933.52
2021-05-28,3329169.7600000002
2021-05-29,4326679.72
2021-05-30,2330762.7800000003
2021-05-31,2795662.64
2021-06-01,4023956.69
2021-06-02,2561475.19
2021-06-03,2997893.88
2021-06-04,2805625.48
2021-06-05,3206602.09
2021-06-06,5151562.45
2021-06-07,3209774.13
2021-06-08,2346251.58
2021-06-09,3681906.16
2021-06-10,2202547.48
2021-06-11,3049210.04
2021-06-12,3732347.53
2021-06-13,3193366.26
2021-06-14,2594395.95
2021-06-15,4745146.85
2021-06-16,3528981.47
2021-06-17,2713492.8
2021-06-18,2460632.63
2021-06-19,5021855.09
2021-06-20,3226468.69
2021-06-21,2871432.61
2021-06-22,2359017.46
2021-06-23,3330965.94
2021-06-24,1859830.52
2021-06-25,3381936.5
2021-06-26,3545143.02
2021-06-27,3701029.9699999997
2021-06-28,3198847.92
2021-06-29,2869522.71
2021-06-30,3064747.81
2021-07-01,3882096.1799999997
2021-07-02,3011594.25
2021-07-03,3003633.52
2021-07-04,4040614.21
2021-07-05,2486906.15
2021-07-06,2700721.13
2021-07-07,2505399.37
2021-07-08,2946312.97
2021-07-09,3019552.88
2021-07-10,4955747.03
2021-07-11,2753105.46
2021-07-12,2879292.9699999997
2021-07-13,3231741.45
2021-07-14,2675465.33
2021-07-15,2329283.0
2021-07-16,4054463.05
2021-07-17,4505966.08
2021-07-18,4439672.5
2021-07-19,2950569.95
2021-07-20,3113095.71
2021-07-21,2771571.06
2021-07-22,3247403.5
2021-07-23,2267677.4899999998
2021-07-24,3978110.68
2021-07-25,5886665.26
2021-07-26,3721485.33
2021-07-27,3120127.46
2021-07-28,3100482.57
2021-07-29,2953343.67
2021-07-30,2925167.25
2021-07-31,3266370.6999999997
2021-08-01,3533758.82
2021-08-02,5156334.59
2021-08-03,4109553.83
2021-08-04,2684771.67
2021-08-05,3720588.5100000002
2021-08-06,2915361.92
2021-08-07,4671835.92
2021-08-08,3809127.95
2021-08-09,3562880.58
2021-08-10,3089592.38
2021-08-11,3737509.29
2021-08-12,4115519.95
2021-08-13,2625579.16
2021-08-14,5223128.74
2021-08-15,4269073.71
2021-08-16,3871368.2399999998
2021-08-17,4042924.03
2021-08-18,3522359.92
2021-08-19,4594818.31
2021-08-20,3726958.98
2021-08-21,3190684.77
2021-08-22,2843605.71
2021-08-23,2741298.53
2021-08-24,3528005.86
2021-08-25,2826891.54
2021-08-26,4258293.94
2021-08-27,2727649.43
2021-08-28,5009978.05
2021-08-29,3680259.49
2021-08-30,2356412.33
2021-08-31,4848577.67
2021-09-01,2343814.23
2021-09-02,2699174.76
2021-09-03,2987667.54
2021-09-04,4669504.74
2021-09-05,4659668.99
2021-09-06,3817569.5
2021-09-07,3079154.51
2021-09-08,2638059.7
2021-09-09,2560328.05
2021-09-10,2346576.85
2021-09-11,4988564.94
2021-09-12,4870635.31
2021-09-13,2118394.28
2021-09-14,2398762.95
2021-09-15,3654783.78
2021-09-16,2736243.45
2021-09-17,2238619.7399999998
2021-09-18,2515733.17
2021-09-19,3811859.87
2021-09-20,3385081.2199999997
2021-09-21,2604139.65
2021-09-22,3020837.05
2021-09-23,3898392.24
2021-09-24,3148827.88
2021-09-25,4528583.72
2021-09-26,3815013.56
2021-09-27,2513459.21
2021-09-28,3642849.5
2021-09-29,3779565.65
2021-09-30,2431738.95
2021-10-01,2356909.59
2021-10-02,3986830.61
2021-10-03,2663878.11
2021-10-04,3214974.5300000003
2021-10-05,2530880.9299999997
2021-10-06,2631440.25
2021-10-07,2988599.94
2021-10-08,2870565.33
2021-10-09,3620159.25
2021-10-10,4379813.2
2021-10-11,2849527.9699999997
2021-10-12,2255619.28
2021-10-13,2015149.79
2021-10-14,2916033.2800000003
2021-10-15,5102508.14
2021-10-16,7274093.5
2021-10-17,10826464.05
2021-10-18,7045303.39
2021-10-19,5564108.24
2021-10-20,5110149.85
2021-10-21,5980911.3
2021-10-22,4905805.3
2021-10-23,7177486.44
2021-10-24,8613803.06
2021-10-25,6964697.57
2021-10-26,2834380.44
2021-10-27,4268312.07
2021-10-28,5072365.05
2021-10-29,6306196.399999999
2021-10-30,6979014.31
2021-10-31,6994575.63
2021-11-01,5510975.4
2021-11-02,4972263.71
2021-11-03,4438075.22
2021-11-04,3996219.79
2021-11-05,4890024.31
2021-11-06,4684593.6
2021-11-07,7229304.48
2021-11-08,3922632.18
2021-11-09,5319601.41
2021-11-10,3848641.45
2021-11-11,3142222.98
2021-11-12,3212531.91
2021-11-13,1875462.1199999999
2021-11-14,3444729.87
2021-11-15,3871183.51
2021-11-16,4208509.07
2021-11-17,1751191.92
2021-11-18,3021786.85
2021-11-19,3533611.83
2021-11-20,3971474.78
2021-11-21,4612479.34
2021-11-22,3803754.4
2021-11-23,3545357.09
2021-11-24,2074445.41
2021-11-25,2786527.69
2021-11-26,3940985.08
2021-11-27,2841243.78
2021-11-28,4399928.22
2021-11-29,3670377.63
2021-11-30,2543043.88
2021-12-01,2589777.44
2021-12-02,3109177.55
2021-12-03,2128459.91
2021-12-04,3612259.67
2021-12-05,3144731.41
2021-12-06,4049354.87
2021-12-07,2833033.68
2021-12-08,3174726.3200000003
2021-12-09,2893368.03
2021-12-10,3058837.01
2021-12-11,3513824.98
2021-12-12,3662271.58
2021-12-13,2433104.67
2021-12-14,2657264.83
2021-12-15,6704101.75
2021-12-16,4115521.06
2021-12-17,7054180.56
2021-12-18,6799801.97
2021-12-19,4926751.16
2021-12-20,3533885.23
2021-12-21,6405132.28
2021-12-22,5652263.02
2021-12-23,2890926.44
2021-12-24,5470873.3
2021-12-25,7635518.37
2021-12-26,6944791.87
2021-12-27,4142267.53
2021-12-28,6597292.71
2021-12-29,5055673.82
2021-12-30,5410990.57
2021-12-31,5707499.97
2022-01-01,4344133.25
2022-01-02,7057716.07
2022-01-03,4707984.66
2022-01-04,5323830.14
2022-01-05,4361759.3
2022-01-06,5098581.91
2022-01-07,4532059.6
2022-01-08,8729563.89
2022-01-09,9503677.08
2022-01-10,4176135.82
2022-01-11,6352653.91
2022-01-12,5545499.86
2022-01-13,4992000.51
2022-01-14,5459164.79
2022-01-15,6298321.13
2022-01-16,4962309.32
2022-01-17,3062486.49
2022-01-18,3057633.11
2022-01-19,3792082.27
2022-01-20,2913773.74
2022-01-21,3683934.1
2022-01-22,3387483.9
2022-01-23,4529009.66
2022-01-24,2601758.14
2022-01-25,1579095.74
2022-01-26,3170810.06
2022-01-27,3914409.83
2022-01-28,3418634.3
2022-01-29,4528516.96
2022-01-30,4838451.9
2022-01-31,3242473.35
2022-02-01,4765793.81
2022-02-02,5336247.95
2022-02-03,4812666.1
2022-02-04,2552333.69
2022-02-05,4397858.03
2022-02-06,5130965.86
2022-02-07,3406573.19
2022-02-08,3329807.79
2022-02-09,4253945.38
2022-02-10,5854349.5
2022-02-11,5006459.6
2022-02-12,6198771.4
2022-02-13,5120073.04
2022-02-14,4434094.67
2022-02-15,4737653.87
2022-02-16,5836945.5
2022-02-17,3696274.41
2022-02-18,5334837.96
2022-02-19,4989536.27
2022-02-20,4537212.35
2022-02-21,3043422.55
2022-02-22,4289632.28
2022-02-23,2340453.72
2022-02-24,3137547.04
2022-02-25,2188924.84
2022-02-26,4185382.28
2022-02-27,6483087.04
2022-02-28,3358903.96
2022-03-01,4330736.72
2022-03-02,3790961.39
2022-03-03,4640683.75
2022-03-04,3559657.54
2022-03-05,7043435.11
2022-03-06,5417172.01
2022-03-07,5421345.49
2022-03-08,4934070.29
2022-03-09,5777240.43
2022-03-10,3485943.52
2022-03-11,3134122.0100000002
2022-03-12,4065387.86
2022-03-13,5036317.6
2022-03-14,5492568.96
2022-03-15,5293931.45
2022-03-16,4195196.38
2022-03-17,2801466.54
2022-03-18,3778886.43
2022-03-19,4186566.18
2022-03-20,3132630.88
2022-03-21,3680521.2
2022-03-22,2880293.15
2022-03-23,4297557.85
2022-03-24,2507121.05
2022-03-25,3537034.18
2022-03-26,4627727.09
2022-03-27,5120762.61
2022-03-28,2900264.48
2022-03-29,2045520.84
2022-03-30,2196203.98
2022-03-31,3639683.6
2022-04-01,3332759.18
2022-04-02,5072520.47
2022-04-03,4951975.37
2022-04-04,2605565.82
2022-04-05,3188832.77
2022-04-06,4228000.4
2022-04-07,3611536.2
2022-04-08,4830394.95
2022-04-09,3533754.3
2022-04-10,1923505.21
2022-04-11,2838809.55
2022-04-12,3400897.84
2022-04-13,4115509.5700000003
2022-04-14,3315804.42
2022-04-15,5804876.07
2022-04-16,6682906.21
2022-04-17,4319347.91
2022-04-18,3792139.87
2022-04-19,3164574.38
2022-04-20,3723712.6
2022-04-21,2377007.77
2022-04-22,3910214.26
2022-04-23,3251704.91
2022-04-24,6932896.25
2022-04-25,1826857.69
2022-04-26,3343787.19
2022-04-27,2366241.11
2022-04-28,4738351.36
2022-04-29,1195794.67
2022-04-30,4090078.64
2022-05-01,3790169.74
2022-05-02,4566629.13
2022-05-03,2608816.9
2022-05-04,3291145.22
2022-05-05,3692086.48
2022-05-06,3759186.76
2022-05-07,4764247.76
2022-05-08,5463052.68
2022-05-09,3695188.4699999997
2022-05-10,4417596.42
2022-05-11,3157245.5100000002
2022-05-12,3342219.1
2022-05-13,4536962.84
2022-05-14,3794994.73
2022-05-15,3694793.33
2022-05-16,2520852.59
2022-05-17,3828816.85
2022-05-18,2369821.11
2022-05-19,3024302.71
2022-05-20,3307780.5
2022-05-21,4243396.92
2022-05-22,3767458.4499999997
2022-05-23,4403161.44
2022-05-24,2403079.27
2022-05-25,3135943.55
2022-05-26,3177406.9
2022-05-27,2710210.26
2022-05-28,4033463.38
2022-05-29,6738990.3
2022-05-30,4260954.38
2022-05-31,4402081.61
2022-06-01,4169961.5
2022-06-02,3609557.75
2022-06-03,2728303.72
2022-06-04,5834651.92
2022-06-05,4853887.51
2022-06-06,4563796.61
2022-06-07,2656900.88
2022-06-08,3432622.42
2022-06-09,4124318.47
2022-06-10,3754518.11
2022-06-11,5972580.59
2022-06-12,3313913.11
2022-06-13,3702571.96
2022-06-14,3032839.11
2022-06-15,2683059.52
2022-06-16,4865370.17
2022-06-17,4149402.85
2022-06-18,3237823.93
2022-06-19,3801379.8899999997
2022-06-20,1944551.7
2022-06-21,3898583.52
2022-06-22,2388129.83
2022-06-23,2899957.07
2022-06-24,4097422.3000000003
2022-06-25,3418401.0300000003
2022-06-26,4324097.62
2022-06-27,3887338.03
2022-06-28,4809558.24
2022-06-29,3712472.85
2022-06-30,4580889.89
2022-07-01,5377111.71
2022-07-02,3851421.39
2022-07-03,3744479.55
2022-07-04,3735772.97
2022-07-05,4056206.63
2022-07-06,2958867.04
2022-07-07,2566892.64
2022-07-08,2802584.93
2022-07-09,4414449.21
2022-07-10,4487356.0
2022-07-11,3760094.49
2022-07-12,3330175.4899999998
2022-07-13,3581202.98
2022-07-14,3771749.7199999997
2022-07-15,3438512.85
2022-07-16,5350116.48
2022-07-17,4115659.02
2022-07-18,2407667.63
2022-07-19,2491659.71
2022-07-20,2877823.37
2022-07-21,2986229.69
2022-07-22,3851937.4899999998
2022-07-23,4596207.27
2022-07-24,3368812.35
2022-07-25,2170070.72
2022-07-26,4183321.92
2022-07-27,3590471.5
2022-07-28,2546133.0
2022-07-29,3417690.43
2022-07-30,3638259.28
2022-07-31,4317479.63
2022-08-01,4983944.99
2022-08-02,3782899.65
2022-08-03,2058166.68
2022-08-04,3836927.92
2022-08-05,2669655.95
2022-08-06,3523732.6
2022-08-07,4300643.7700000005
2022-08-08,3080620.38
2022-08-09,4433957.76
2022-08-10,5062002.99
2022-08-11,2708368.56
2022-08-12,3753402.21
2022-08-13,4017424.61
2022-08-14,4234612.25
2022-08-15,5336640.84
2022-08-16,3494538.6
2022-08-17,4388980.86
2022-08-18,3842090.2
2022-08-19,4157522.35
2022-08-20,5416465.61
2022-08-21,3578227.58
2022-08-22,3285562.26
2022-08-23,2948611.43
2022-08-24,3079343.89
2022-08-25,3169887.6
2022-08-26,2763611.1
2022-08-27,4333565.39
2022-08-28,3674549.33
2022-08-29,1448505.19
2022-08-30,2064864.29
2022-08-31,2788904.96
2022-09-01,3073187.39
2022-09-02,5738893.63
2022-09-03,2533193.11
2022-09-04,5887484.86
2022-09-05,3937753.21
2022-09-06,3469821.82
2022-09-07,3132412.5
2022-09-08,4640744.98
2022-09-09,3788586.95
2022-09-10,3438691.54
2022-09-11,4252692.71
2022-09-12,4581492.82
2022-09-13,2578715.06
2022-09-14,3249335.06
2022-09-15,2993519.71
2022-09-16,2311600.42
2022-09-17,4182170.15
2022-09-18,3883723.88
2022-09-19,4187971.4499999997
2022-09-20,2408714.71
2022-09-21,2869951.29
2022-09-22,4852476.95
2022-09-23,2730316.61
2022-09-24,5183590.97
2022-09-25,5265455.59
2022-09-26,2021082.43
2022-09-27,2519836.4
2022-09-28,4630958.91
2022-09-29,3270178.98
2022-09-30,3318642.17
2022-10-01,4405324.75
2022-10-02,5623155.32
2022-10-03,2809021.1
2022-10-04,4022265.26
2022-10-05,3405616.68
2022-10-06,3711478.81
2022-10-07,2593115.34
2022-10-08,4865674.2
2022-10-09,4795216.76
2022-10-10,3692404.45
2022-10-11,3143388.31
2022-10-12,3088062.1599999997
2022-10-13,4408941.09
2022-10-14,2972795.04
2022-10-15,9160964.7
2022-10-16,6902894.359999999
2022-10-17,7501954.31
2022-10-18,8825635.84
2022-10-19,9004330.370000001
2022-10-20,6526724.36
2022-10-21,8769553.39
2022-10-22,7441257.09
2022-10-23,12543736.81
2022-10-24,4344767.48
2022-10-25,3923141.47
2022-10-26,7690673.1899999995
2022-10-27,4696235.66
2022-10-28,5314183.74
2022-10-29,6666930.64
2022-10-30,6483406.96
2022-10-31,7519056.63
2022-11-01,7989402.31
2022-11-02,4711313.53
2022-11-03,3827756.12
2022-11-04,4223334.61
2022-11-05,5595202.4799999995
2022-11-06,7044333.37
2022-11-07,3919816.83
2022-11-08,4469725.74
2022-11-09,8727251.06
2022-11-10,4424670.9
2022-11-11,3265250.42
2022-11-12,3938095.58
2022-11-13,5050188.33
2022-11-14,3225507.51
2022-11-15,4041682.41
2022-11-16,2917341.98
2022-11-17,2877777.51
2022-11-18,3903373.16
2022-11-19,5187799.92
2022-11-20,3070391.91
2022-11-21,3065624.59
2022-11-22,3464916.5
2022-11-23,4088362.8
2022-11-24,3217189.1
2022-11-25,3473728.7800000003
2022-11-26,3450099.93
2022-11-27,4372894.88
2022-11-28,2113307.99
2022-11-29,1588814.53
2022-11-30,3111901.42
2022-12-01,3291322.29
2022-12-02,5544080.39
2022-12-03,4095493.7199999997
2022-12-04,4892890.88
2022-12-05,3896754.0
2022-12-06,2160359.74
2022-12-07,3998163.61
2022-12-08,3577040.08
2022-12-09,3687052.49
2022-12-10,6192398.03
2022-12-11,2832220.79
2022-12-12,3715919.37
2022-12-13,2114770.03
2022-12-14,3332142.67
2022-12-15,8036783.02
2022-12-16,4718318.62
2022-12-17,6894587.29
2022-12-18,5370900.39
2022-12-19,3931230.27
2022-12-20,7096947.04
2022-12-21,6808085.01
2022-12-22,6371674.71
2022-12-23,4885543.13
2022-12-24,7445094.63
2022-12-25,4342183.98
2022-12-26,5579523.43
2022-12-27,3840185.36
2022-12-28,4875229.36
2022-12-29,7350792.96
2022-12-30,4447100.6899999995
2022-12-31,5274165.23
2023-01-01,10445329.76
2023-01-02,5998622.92
2023-01-03,5703292.76
2023-01-04,5543068.06
2023-01-05,6442278.64
2023-01-06,6607662.57
2023-01-07,6584321.84
2023-01-08,7351131.6
2023-01-09,6199014.04
2023-01-10,5258063.42
2023-01-11,5279896.87
2023-01-12,6186312.350000001
2023-01-13,4233080.8
2023-01-14,7504791.7299999995
2023-01-15,6382391.95
2023-01-16,3802035.29
2023-01-17,3728070.41
2023-01-18,4194754.72
2023-01-19,3566691.55
2023-01-20,3161160.42
2023-01-21,6444497.33
2023-01-22,4245794.04
2023-01-23,2646911.7
2023-01-24,3299595.77
2023-01-25,2197753.3
2023-01-26,2963329.79
2023-01-27,3487983.16
2023-01-28,4072226.28
2023-01-29,5690870.05
2023-01-30,3026204.85
2023-01-31,4726316.04
2023-02-01,3670859.19
2023-02-02,3876341.52
2023-02-03,4357234.93
2023-02-04,4712700.66
2023-02-05,5676966.63
2023-02-06,3250714.43
2023-02-07,3749630.52
2023-02-08,2905540.38
2023-02-09,3900685.68
2023-02-10,5625783.68
2023-02-11,5680532.05
2023-02-12,7690112.63
2023-02-13,5574002.31
2023-02-14,4434435.79
2023-02-15,5138903.84
2023-02-16,5192358.13
2023-02-17,4176480.0
2023-02-18,6785622.29
2023-02-19,5527901.55
2023-02-20,3078547.11
2023-02-21,3369198.07
2023-02-22,5424222.03
2023-02-23,2996414.46
2023-02-24,3601940.34
2023-02-25,3825819.39
2023-02-26,4798207.29
2023-02-27,3581937.02
2023-02-28,3342362.36
2023-03-01,3863850.1
2023-03-02,6284757.07
2023-03-03,3035549.0
2023-03-04,4602027.34
2023-03-05,7483908.3100000005
2023-03-06,4438482.8
2023-03-07,4765948.42
2023-03-08,6086381.22
2023-03-09,3241241.72
2023-03-10,3567739.87
2023-03-11,5396959.58
2023-03-12,5002374.07
2023-03-13,6283995.54
2023-03-14,3867514.28
2023-03-15,2841045.48
2023-03-16,4535480.62
2023-03-17,2850866.31
2023-03-18,5195453.36
2023-03-19,4168028.58
2023-03-20,5652507.32
2023-03-21,3659393.52
2023-03-22,2669778.31
2023-03-23,2752620.91
2023-03-24,3704940.7399999998
2023-03-25,5658191.19
2023-03-26,3608921.17
2023-03-27,3874125.7399999998
2023-03-28,2128691.77
2023-03-29,5140188.2299999995
2023-03-30,3193338.65
2023-03-31,4398488.96
2023-04-01,3966748.96
2023-04-02,4801470.24
2023-04-03,2958230.21
2023-04-04,3685096.61
2023-04-05,3647940.73
2023-04-06,4589481.27
2023-04-07,4548960.29
2023-04-08,3880482.36
2023-04-09,7000821.67
2023-04-10,3557965.2
2023-04-11,2644500.89
2023-04-12,3389833.03
2023-04-13,2692083.21
2023-04-14,2125355.43
2023-04-15,5030273.16
2023-04-16,5216358.04
2023-04-17,3037952.08
2023-04-18,3879609.76
2023-04-19,2976163.13
2023-04-20,3946754.25
2023-04-21,3762275.23
2023-04-22,3298173.17
2023-04-23,6132724.43
2023-04-24,3313265.9499999997
2023-04-25,2966196.29
2023-04-26,3716067.05
2023-04-27,4315646.74
2023-04-28,2411025.75
2023-04-29,5333609.44
2023-04-30,4000783.0700000003
2023-05-01,2997119.21
2023-05-02,5017850.56
2023-05-03,3546861.23
2023-05-04,4033262.52
2023-05-05,3217520.86
2023-05-06,5829927.81
2023-05-07,5930101.13
2023-05-08,3370518.32
2023-05-09,3128109.92
2023-05-10,3960886.46
2023-05-11,4346529.8
2023-05-12,3863990.4
2023-05-13,4817018.92
2023-05-14,5038793.91
2023-05-15,4028350.86
2023-05-16,4221542.57
2023-05-17,2205992.41
2023-05-18,4963397.12
2023-05-19,3403610.5100000002
2023-05-20,4600793.32
2023-05-21,6740815.92
2023-05-22,2341179.09
2023-05-23,4200194.79
2023-05-24,3082127.45
2023-05-25,2966916.56
2023-05-26,3624190.76
2023-05-27,4232044.08
2023-05-28,3651098.14
2023-05-29,3185916.53
2023-05-30,3015719.1
2023-05-31,2459626.08
2023-06-01,5045349.5600000005
2023-06-02,3948905.23
2023-06-03,4442658.78
2023-06-04,6191641.71
2023-06-05,2179377.67
2023-06-06,4532127.35
2023-06-07,3791795.6399999997
2023-06-08,2508819.02
2023-06-09,3909352.17
2023-06-10,4080757.48
2023-06-11,4869541.23
2023-06-12,3595176.55
2023-06-13,4066658.98
2023-06-14,3047457.14
2023-06-15,4777913.32
2023-06-16,4085591.31
2023-06-17,5657370.49
2023-06-18,4930397.94
2023-06-19,3429903.49
2023-06-20,2863945.87
2023-06-21,3790796.38
2023-06-22,3563768.87
2023-06-23,3309711.36
2023-06-24,5154960.18
2023-06-25,5301942.15
2023-06-26,3307255.93
2023-06-27,3853477.11
2023-06-28,4802050.17
2023-06-29,3206725.14
2023-06-30,4284813.92
2023-07-01,4598557.47
2023-07-02,5192563.11
2023-07-03,4162498.0
2023-07-04,3157631.8000000003
2023-07-05,3692026.2
2023-07-06,4665978.93
2023-07-07,4288546.58
2023-07-08,6088620.85
2023-07-09,3447326.5
2023-07-10,1779889.6
2023-07-11,4246317.79
2023-07-12,3084271.94
2023-07-13,3025963.87
2023-07-14,4254020.67
2023-07-15,5658640.0
2023-07-16,4795050.85
2023-07-17,2850240.28
2023-07-18,4035394.04
2023-07-19,3808113.52
2023-07-20,3818666.88
2023-07-21,3911136.63
2023-07-22,4831407.99
2023-07-23,5597412.88
2023-07-24,2512820.43
2023-07-25,3824832.2600000002
2023-07-26,4212969.68
2023-07-27,3245707.05
2023-07-28,2938806.17
2023-07-29,3185958.55
2023-07-30,4908321.72
2023-07-31,3206813.68
2023-08-01,4695973.05
2023-08-02,4233098.16
2023-08-03,3911715.42
2023-08-04,4672317.99
2023-08-05,5946653.32
2023-08-06,4132101.01
2023-08-07,4689125.48
2023-08-08,4647705.28
2023-08-09,3945554.95
2023-08-10,2962165.48
2023-08-11,4362803.83
2023-08-12,7034254.75
2023-08-13,5147906.93
2023-08-14,4561484.53
2023-08-15,3756768.92
2023-08-16,6788356.69
2023-08-17,4325041.57
2023-08-18,4118645.54
2023-08-19,3910074.8
2023-08-20,6364341.24
2023-08-21,4410059.4
2023-08-22,3065227.03
2023-08-23,5075898.85
2023-08-24,2263479.21
2023-08-25,4810023.08
2023-08-26,5461020.16
2023-08-27,5465697.62
2023-08-28,4446090.91
2023-08-29,2833856.38
2023-08-30,3844359.51
2023-08-31,4282159.73
2023-09-01,2700008.8
2023-09-02,5605822.43
2023-09-03,5476049.01
2023-09-04,5734907.1
2023-09-05,1932657.1700000002
2023-09-06,3087101.25
2023-09-07,2852712.62
2023-09-08,3414259.38
2023-09-09,3688713.1
2023-09-10,5059124.63
2023-09-11,2665027.54
2023-09-12,3341621.59
2023-09-13,2818331.03
2023-09-14,4427723.14
2023-09-15,4998404.51
2023-09-16,3668847.9
2023-09-17,4050644.12
2023-09-18,3400347.85
2023-09-19,4229799.01
2023-09-20,2876425.9
2023-09-21,4855657.88
2023-09-22,3349767.13
2023-09-23,4854225.19
2023-09-24,4384916.17
2023-09-25,5360779.95
2023-09-26,4134505.42
2023-09-27,4019297.6100000003
2023-09-28,3752369.93
2023-09-29,3313049.98
2023-09-30,6281844.12
2023-10-01,7121459.64
2023-10-02,5307524.67
2023-10-03,3006421.0
2023-10-04,3488667.8200000003
2023-10-05,3034189.37
2023-10-06,4567943.08
2023-10-07,4642346.08
2023-10-08,5120225.75
2023-10-09,4118633.5
2023-10-10,4742871.31
2023-10-11,3915454.48
2023-10-12,3474224.07
2023-10-13,2483860.72
2023-10-14,3996673.62
2023-10-15,8164104.76
2023-10-16,4895543.1
2023-10-17,7043697.71
2023-10-18,6513877.9799999995
2023-10-19,7346157.74
2023-10-20,5564922.39
2023-10-21,6961305.29
2023-10-22,7601119.95
2023-10-23,7446040.59
2023-10-24,7194795.18
2023-10-25,5445923.13
2023-10-26,6486835.89
2023-10-27,6279089.75
2023-10-28,7147302.92
2023-10-29,8475608.65
2023-10-30,10025108.7
2023-10-31,5372892.93
2023-11-01,4560196.44
2023-11-02,8382124.69
2023-11-03,5018426.65
2023-11-04,5864928.49
2023-11-05,10425283.62
2023-11-06,6359895.57
2023-11-07,5490569.79
2023-11-08,7078013.3
2023-11-09,6203599.16
2023-11-10,5508727.73
2023-11-11,4888839.07
2023-11-12,3995971.8
2023-11-13,4532471.09
2023-11-14,2868956.22
2023-11-15,5144931.77
2023-11-16,3704768.27
2023-11-17,3088571.95
2023-11-18,4084060.54
2023-11-19,5504040.14
2023-11-20,5375819.38
2023-11-21,3106371.65
2023-11-22,4266079.58
2023-11-23,3435461.64
2023-11-24,4209464.74
2023-11-25,4617810.5200000005
2023-11-26,5667015.29
2023-11-27,5109811.6
2023-11-28,2239850.1
2023-11-29,3217541.4
2023-11-30,3210970.46
2023-12-01,3031351.55
2023-12-02,4914276.4399999995
2023-12-03,3069807.92
2023-12-04,3738275.35
2023-12-05,4569410.93
2023-12-06,2977211.67
2023-12-07,2783219.06
2023-12-08,4142271.24
2023-12-09,6033401.84
2023-12-10,4492244.0
2023-12-11,4328695.71
2023-12-12,3282482.2800000003
2023-12-13,2874158.7600000002
2023-12-14,4142568.59
2023-12-15,8140531.16
2023-12-16,6765766.38
2023-12-17,8315946.58
2023-12-18,5330078.73
2023-12-19,4741315.5600000005
2023-12-20,6963416.86
2023-12-21,5566267.97
2023-12-22,4596607.37
2023-12-23,7390626.1
2023-12-24,10906973.73
2023-12-25,5005919.73
2023-12-26,5394956.12
2023-12-27,5235824.55
2023-12-28,8045460.7
2023-12-29,5522013.1
2023-12-30,5602980.05
2023-12-31,7279291.1
2024-01-01,8931289.91
2024-01-02,6010073.56
2024-01-03,4412264.4
2024-01-04,5262129.95
2024-01-05,5030598.39
2024-01-06,8992191.94
2024-01-07,8453091.88
2024-01-08,5982178.82
2024-01-09,5159473.890000001
2024-01-10,5832384.06
2024-01-11,4353369.41
2024-01-12,5284061.62
2024-01-13,5823474.41
2024-01-14,6800768.49
2024-01-15,7697677.24
2024-01-16,4507924.66
2024-01-17,3975747.55
2024-01-18,3347622.58
2024-01-19,3797804.95
2024-01-20,4373605.85
2024-01-21,4788219.44
2024-01-22,4209294.57
2024-01-23,4589551.64
2024-01-24,5147364.7
2024-01-25,4188688.33
2024-01-26,4297207.72
2024-01-27,3285903.13
2024-01-28,5559857.47
2024-01-29,3478848.7
2024-01-30,5348386.15
2024-01-31,5263153.28
2024-02-01,4634405.76
2024-02-02,3331393.1
2024-02-03,7794888.2
2024-02-04,5164877.84
2024-02-05,5346200.05
2024-02-06,4319224.91
2024-02-07,3590781.87
2024-02-08,4011100.75
2024-02-09,4801858.32
2024-02-10,4362763.42
2024-02-11,4595396.46
2024-02-12,5570930.12
2024-02-13,4383350.6899999995
2024-02-14,5698701.0
2024-02-15,6341352.3
2024-02-16,7115834.6
2024-02-17,4393941.66
2024-02-18,6736078.5200000005
2024-02-19,4277518.6
2024-02-20,5993256.37
2024-02-21,3031025.88
2024-02-22,5347638.29
2024-02-23,4760564.22
2024-02-24,4359360.4
2024-02-25,4684232.51
2024-02-26,3683673.25
2024-02-27,4997761.5
2024-02-28,5117750.54
2024-02-29,3882322.8000000003
2024-03-01,5006075.85
2024-03-02,6176149.96
2024-03-03,4645878.1
2024-03-04,3785418.25
2024-03-05,3787621.9899999998
2024-03-06,4260824.47
2024-03-07,5543975.74
2024-03-08,5242623.09
2024-03-09,4977494.68
2024-03-10,5914077.2700000005
2024-03-11,6788486.32
2024-03-12,5722530.81
2024-03-13,4989523.07
2024-03-14,5441666.6
2024-03-15,6246223.77
2024-03-16,4684787.54
2024-03-17,8036789.2
2024-03-18,3628791.48
2024-03-19,4749608.82
2024-03-20,2396914.96
2024-03-21,3869070.49
2024-03-22,4313584.12
2024-03-23,6111078.94
2024-03-24,6404678.86
2024-03-25,3952055.43
2024-03-26,3296624.36
2024-03-27,4935364.06
2024-03-28,3934616.94
2024-03-29,2892996.85
2024-03-30,4278632.79
2024-03-31,5877270.5200000005
2024-04-01,5847251.49
2024-04-02,3640425.35
2024-04-03,3500732.58
2024-04-04,4616853.52
2024-04-05,4058573.75
2024-04-06,5138186.83
2024-04-07,6115505.58
2024-04-08,5133197.96
2024-04-09,4733754.12
2024-04-10,4738418.09
2024-04-11,6151188.85
2024-04-12,2723694.02
2024-04-13,4364755.51
2024-04-14,3377696.55
2024-04-15,4535075.64
2024-04-16,5956204.66
2024-04-17,4481011.26
2024-04-18,3919729.13
2024-04-19,3022725.94
2024-04-20,6634160.55
2024-04-21,4766712.09
2024-04-22,3774747.14
2024-04-23,3824957.19
2024-04-24,5315216.46
2024-04-25,5968489.54
2024-04-26,3902128.76
2024-04-27,3492441.37
2024-04-28,5292410.78
2024-04-29,2760411.56
2024-04-30,3947972.77
2024-05-01,4139117.26
2024-05-02,4008783.11
2024-05-03,4331636.56
2024-05-04,6021998.38
2024-05-05,5832823.32
2024-05-06,2401851.79
2024-05-07,3958572.17
2024-05-08,4155054.28
2024-05-09,6145049.32
2024-05-10,2668321.6
2024-05-11,4269392.44
2024-05-12,6616324.33
2024-05-13,3366036.75
2024-05-14,2452712.43
2024-05-15,4622869.33
2024-05-16,3594966.9899999998
2024-05-17,4615692.64
2024-05-18,6023078.24
2024-05-19,6231600.51
2024-05-20,4665665.23
2024-05-21,4260632.68
2024-05-22,2732624.9499999997
2024-05-23,2912322.44
2024-05-24,4764221.48
2024-05-25,5633363.67
2024-05-26,5192765.96
2024-05-27,2467688.29
2024-05-28,5049586.53
2024-05-29,4123608.2800000003
2024-05-30,4022916.85
2024-05-31,4332374.67
2024-06-01,5293867.88
2024-06-02,4018602.97
2024-06-03,4148807.61
2024-06-04,4790580.19
2024-06-05,4893106.54
2024-06-06,4280024.99
2024-06-07,4172061.03
2024-06-08,7046648.91
2024-06-09,4743312.93
2024-06-10,3692428.11
2024-06-11,4460149.72
2024-06-12,5401375.97
2024-06-13,4924144.93
2024-06-14,5025258.2700000005
2024-06-15,6983564.26
2024-06-16,5169557.79
2024-06-17,5139250.9
2024-06-18,5343457.42
2024-06-19,3621668.6
2024-06-20,5068104.58
2024-06-21,2789385.49
2024-06-22,6985348.4799999995
2024-06-23,6854146.11
2024-06-24,4314577.81
2024-06-25,2854956.77
2024-06-26,2996267.14
2024-06-27,4047989.04
2024-06-28,4821290.63
2024-06-29,6116321.97
2024-06-30,4303309.05
2024-07-01,4118522.26
2024-07-02,3885944.43
2024-07-03,3456346.47
2024-07-04,5115487.4399999995
2024-07-05,4170999.78
2024-07-06,8338403.34
2024-07-07,4991937.8
2024-07-08,4007817.43
2024-07-09,2838255.76
2024-07-10,2869834.24
2024-07-11,5239955.86
2024-07-12,3311466.06
2024-07-13,5885582.82
2024-07-14,5413718.09
2024-07-15,4336020.39
2024-07-16,5359430.77
2024-07-17,3838976.19
2024-07-18,3869477.98
2024-07-19,3749897.35
2024-07-20,7987215.42
2024-07-21,6652255.12
2024-07-22,5226842.82
2024-07-23,4247832.2
2024-07-24,3426270.13
2024-07-25,5073924.64
2024-07-26,4145210.42
2024-07-27,3886212.3
2024-07-28,5287217.52
2024-07-29,3828423.13
2024-07-30,3713904.05
2024-07-31,4340008.63
2024-08-01,4344477.28
2024-08-02,4691432.81
2024-08-03,7379457.99
2024-08-04,5388452.02
2024-08-05,2894827.5
2024-08-06,2596844.57
2024-08-07,4845635.600000001
2024-08-08,2938817.52
2024-08-09,3463603.02
2024-08-10,8622670.32
2024-08-11,6550067.23
2024-08-12,3525003.49
2024-08-13,4803236.37
2024-08-14,6570338.09
2024-08-15,5508142.24
2024-08-16,3735964.86
2024-08-17,7114241.83
2024-08-18,8793464.15
2024-08-19,6118596.65
2024-08-20,3186437.17
2024-08-21,4642084.84
2024-08-22,4450814.33
2024-08-23,4043568.45
2024-08-24,4510053.66
2024-08-25,4754211.33
2024-08-26,3448159.89
2024-08-27,4642156.19
2024-08-28,4904936.19
2024-08-29,4946438.41
2024-08-30,2378563.26
2024-08-31,3804152.52
2024-09-01,7332388.7
2024-09-02,4003536.4
2024-09-03,4307950.25
2024-09-04,3292840.9
2024-09-05,3691634.25
2024-09-06,5749074.0
2024-09-07,4246822.78
2024-09-08,6458702.83
2024-09-09,4600753.19
2024-09-10,3950514.87
2024-09-11,4755773.28
2024-09-12,4281055.05
2024-09-13,3991679.59
2024-09-14,3994079.54
2024-09-15,6756975.23
2024-09-16,3471394.8
2024-09-17,2580046.91
2024-09-18,3537095.67
2024-09-19,3283143.72
2024-09-20,4608787.51
2024-09-21,4728109.27
2024-09-22,4736521.7299999995
2024-09-23,3922667.18
2024-09-24,4318249.78
2024-09-25,4534153.41
2024-09-26,5305857.17
2024-09-27,3206988.02
2024-09-28,5232936.49
2024-09-29,4967912.37
2024-09-30,5042724.4799999995
2024-10-01,4218655.79
2024-10-02,4528363.86
2024-10-03,3787756.13
2024-10-04,4642501.26
2024-10-05,6353895.24
2024-10-06,4712815.19
2024-10-07,3532524.1
2024-10-08,3385923.04
2024-10-09,4507874.97
2024-10-10,3746704.97
2024-10-11,4752751.2
2024-10-12,7353126.95
2024-10-13,7692608.49
2024-10-14,2048306.47
2024-10-15,6729822.41
2024-10-16,8698278.87
2024-10-17,6586091.95
2024-10-18,9965496.51
2024-10-19,11669809.51
2024-10-20,6593604.55
2024-10-21,8132720.26
2024-10-22,7690943.48
2024-10-23,8259892.07
2024-10-24,8915142.2
2024-10-25,5727838.0
2024-10-26,7934933.7
2024-10-27,11277172.26
2024-10-28,5446259.08
2024-10-29,6856797.12
2024-10-30,9211473.02
2024-10-31,12054287.3
2024-11-01,6449263.12
2024-11-02,11155236.65
2024-11-03,9143944.39
2024-11-04,7821882.58
2024-11-05,8944689.38
2024-11-06,6349384.92
2024-11-07,7192094.38
2024-11-08,5393525.66
2024-11-09,12141389.23
2024-11-10,15792007.22
2024-11-11,3169366.24
2024-11-12,4727551.39
2024-11-13,4472729.48
2024-11-14,2868376.62
2024-11-15,4925179.51
2024-11-16,4644710.83
2024-11-17,5198879.45
2024-11-18,5628216.18
2024-11-19,5032947.0200000005
2024-11-20,4985331.0
2024-11-21,4775190.18
2024-11-22,3625740.42
2024-11-23,5606723.17
2024-11-24,5747359.3
2024-11-25,3652959.92
2024-11-26,2662546.83
2024-11-27,4732754.1
2024-11-28,3561102.31
2024-11-29,3523650.82
2024-11-30,4862201.53
2024-12-01,5658724.11
2024-12-02,5959545.34
2024-12-03,5363348.84
2024-12-04,3487446.97
2024-12-05,4328339.71
2024-12-06,4944294.06
2024-12-07,4415862.91
2024-12-08,5082652.49
2024-12-09,3956912.52
2024-12-10,3099286.73
2024-12-11,3669709.01
2024-12-12,4356329.05
2024-12-13,2278739.27
2024-12-14,3921500.87
2024-12-15,12901370.32
2024-12-16,7929519.47
2024-12-17,7430581.22
2024-12-18,5611158.02
2024-12-19,7010904.82
2024-12-20,7254677.3100000005
2024-12-21,8737128.02
2024-12-22,8934709.21
2024-12-23,7491596.11
2024-12-24,7368400.6
2024-12-25,5496599.6
2024-12-26,5592971.0200000005
2024-12-27,8019477.16
2024-12-28,9023226.84
2024-12-29,10331552.38
2024-12-30,5841073.17
2024-12-31,7944679.2
2025-01-01,8572345.95
2025-01-02,6371882.68
2025-01-03,7883972.21
2025-01-04,7794973.17
2025-01-05,7025451.07
2025-01-06,5435229.7
2025-01-07,6993581.1
2025-01-08,8175881.57
2025-01-09,4969949.59
2025-01-10,6687972.75
2025-01-11,11388706.39
2025-01-12,7149642.96
2025-01-13,4772511.19
2025-01-14,5657528.49
2025-01-15,9685990.6
2025-01-16,5443637.399999999
2025-01-17,4165504.31
2025-01-18,6847494.24
2025-01-19,5598671.43
2025-01-20,6132857.6
2025-01-21,5228539.64
2025-01-22,5550353.16
2025-01-23,3652816.79
2025-01-24,4380363.09
2025-01-25,6877959.67
2025-01-26,4665071.52
2025-01-27,6340780.57
2025-01-28,3801368.55
2025-01-29,5190562.73
2025-01-30,4478696.9
2025-01-31,5549162.36
2025-02-01,6771184.95
2025-02-02,6642040.16
2025-02-03,4604611.9
2025-02-04,4237229.24
2025-02-05,5207362.1899999995
2025-02-06,4539049.4
2025-02-07,3753763.94
2025-02-08,3917415.09
2025-02-09,5803193.36
2025-02-10,5192684.37
2025-02-11,7459308.29
2025-02-12,4820429.58
2025-02-13,6857798.12
2025-02-14,5655708.75
2025-02-15,6168471.29
2025-02-16,6913563.71
2025-02-17,5728005.43
2025-02-18,6488942.32
2025-02-19,5811404.6
2025-02-20,6764282.86
2025-02-21,3911722.2399999998
2025-02-22,4821346.97
2025-02-23,4824437.19
2025-02-24,3597560.78
2025-02-25,3774518.96
2025-02-26,2686454.62
2025-02-27,4415717.19
2025-02-28,5401717.1
2025-03-01,4571578.89
2025-03-02,4245818.55
2025-03-03,5808935.49
2025-03-04,6055885.17
2025-03-05,5185280.0
2025-03-06,4537103.64
2025-03-07,9017488.42
2025-03-08,6629986.100000001
2025-03-09,9308597.12
2025-03-10,4463989.03
2025-03-11,7177013.74
2025-03-12,7025064.68
2025-03-13,5823727.23
2025-03-14,4308454.53
2025-03-15,7727351.79
2025-03-16,4352761.16
2025-03-17,4816081.71
2025-03-18,5018818.5200000005
2025-03-19,3988738.02
2025-03-20,4345283.57
2025-03-21,5129249.5
2025-03-22,5654535.81
2025-03-23,4204475.05
2025-03-24,3641630.29
2025-03-25,4844235.14
2025-03-26,4704755.12
2025-03-27,3538063.36
2025-03-28,5641787.56
2025-03-29,4958990.47
2025-03-30,5544130.26
2025-03-31,4952232.58
2025-04-01,5618144.5
2025-04-02,7754359.4
2025-04-03,3603988.4699999997
2025-04-04,3400107.51
2025-04-05,7703295.26
2025-04-06,4282645.62
2025-04-07,4960234.72
2025-04-08,5818577.38
2025-04-09,5737532.84
2025-04-10,5151720.04
2025-04-11,3987011.81
2025-04-12,6689590.6
2025-04-13,4976575.9
2025-04-14,5164082.59
2025-04-15,4669926.72
2025-04-16,6283831.61
2025-04-17,6474075.72
2025-04-18,7412295.96
2025-04-19,5458180.39
2025-04-20,6244853.01
2025-04-21,4160605.82
2025-04-22,4834997.6
2025-04-23,5021542.95
2025-04-24,4574756.29
2025-04-25,5203854.12
2025-04-26,6102122.02
2025-04-27,5980588.49
2025-04-28,5409700.47
2025-04-29,4649446.03
2025-04-30,4796122.16
2025-05-01,3689233.7800000003
2025-05-02,4658807.4
2025-05-03,5446195.71
2025-05-04,5649871.26
2025-05-05,4333313.18
2025-05-06,2728448.46
2025-05-07,4763258.7700000005
2025-05-08,3529148.6599999997
2025-05-09,3940106.5
2025-05-10,5238181.0600000005
2025-05-11,3443421.03
2025-05-12,3543494.7800000003
2025-05-13,3674220.66
2025-05-14,5113458.34
2025-05-15,6019003.61
2025-05-16,4854864.34
2025-05-17,4360956.34
2025-05-18,5418176.38
2025-05-19,4549574.34
2025-05-20,5668969.62
2025-05-21,5110390.34
2025-05-22,3646796.23
2025-05-23,4365361.86
2025-05-24,7709800.1
2025-05-25,5108248.03
2025-05-26,4827056.49
2025-05-27,4359371.64
2025-05-28,5159382.36
2025-05-29,4988992.22
2025-05-30,6963881.75
2025-05-31,5377212.76
2025-06-01,7003875.56
2025-06-02,5342892.73
2025-06-03,4737765.02
2025-06-04,4987857.28
2025-06-05,4176894.99
2025-06-06,4999612.6
2025-06-07,6568451.7700000005
2025-06-08,4643551.34
2025-06-09,5947146.74
2025-06-10,5642021.88
2025-06-11,5021998.89
2025-06-12,4171147.11
2025-06-13,4603137.16
2025-06-14,5515220.74
2025-06-15,4356572.53
2025-06-16,6063701.88
2025-06-17,4125966.5100000002
2025-06-18,3486387.88
2025-06-19,3463687.6
2025-06-20,4698560.04
2025-06-21,4894054.96
2025-06-22,8485472.32
2025-06-23,4755627.45
2025-06-24,4408556.0200000005
2025-06-25,4481554.63
2025-06-26,5012971.9
2025-06-27,3958053.41
2025-06-28,5025309.7
2025-06-29,3633536.42
2025-06-30,5426355.18
2025-07-01,4420224.0
2025-07-02,6018861.98
2025-07-03,5718300.43
2025-07-04,3863758.99
2025-07-05,6277797.9
2025-07-06,4396280.65
2025-07-07,3574011.24
2025-07-08,4001187.1
2025-07-09,5325191.61
2025-07-10,5291500.83
2025-07-11,5669204.85
2025-07-12,7045938.9
2025-07-13,5930966.66
2025-07-14,4028512.89
2025-07-15,6523608.96
2025-07-16,4587941.93
2025-07-17,5364020.48
2025-07-18,3072741.32
2025-07-19,7205079.49
2025-07-20,5382206.7
2025-07-21,3564937.53
2025-07-22,6839415.86
2025-07-23,5337086.95
2025-07-24,4045980.73
2025-07-25,4731102.86
2025-07-26,5075327.16
2025-07-27,4676113.35
2025-07-28,5248680.61
2025-07-29,4494243.28
2025-07-30,6610808.2
2025-07-31,3683377.36
2025-08-01,5258936.03
2025-08-02,4510667.01
2025-08-03,5023153.2299999995
2025-08-04,5557222.39
2025-08-05,3789358.52
2025-08-06,4724080.2299999995
2025-08-07,3845670.37
2025-08-08,5210361.86
2025-08-09,5024047.36
2025-08-10,9765521.05
2025-08-11,5065912.93
2025-08-12,5411459.29
2025-08-13,5038413.41
2025-08-14,6628944.21
2025-08-15,6299590.9
2025-08-16,6793605.84
2025-08-17,7607200.19
2025-08-18,7404505.91
2025-08-19,6880785.86
2025-08-20,4445611.22
2025-08-21,5142542.07
2025-08-22,5332504.91
2025-08-23,4765714.86
2025-08-24,6333776.66
2025-08-25,4243128.9399999995
2025-08-26,2671660.79
2025-08-27,5252710.45
2025-08-28,5533834.7
2025-08-29,6836052.34
2025-08-30,6938715.0
2025-08-31,4542578.17
2025-09-01,5814849.4
2025-09-02,5207661.69
2025-09-03,3767919.52
2025-09-04,4911967.19
2025-09-05,3870704.84
2025-09-06,5826201.06
2025-09-07,5944227.92
2025-09-08,3059614.85
2025-09-09,5213592.47
2025-09-10,5014917.58
2025-09-11,5146741.87
2025-09-12,6667230.2700000005
2025-09-13,4899025.31
2025-09-14,5595808.57
2025-09-15,3337897.35
2025-09-16,4132633.56
2025-09-17,4137935.9
2025-09-18,7072907.08
2025-09-19,5504995.16
2025-09-20,6426537.01
2025-09-21,5222366.55
2025-09-22,3766959.67
2025-09-23,4067535.08
2025-09-24,5844789.81
2025-09-25,6859254.27
2025-09-26,4089603.2800000003
2025-09-27,5105089.69
2025-09-28,5181646.26
2025-09-29,4374504.69
2025-09-30,4525229.39
2025-10-01,5721838.6
2025-10-02,5127742.55
2025-10-03,4788106.33
2025-10-04,5005399.16
2025-10-05,3627372.65
2025-10-06,4184730.8
2025-10-07,5393073.56
2025-10-08,4942762.15
2025-10-09,5409581.92
2025-10-10,6278958.41
2025-10-11,5848548.15
2025-10-12,6108553.61
2025-10-13,4566540.04
2025-10-14,5349092.79
2025-10-15,10891885.02
2025-10-16,6588935.4
2025-10-17,8194055.44
2025-10-18,9008600.45
2025-10-19,5931107.49
2025-10-20,9849566.17
2025-10-21,7685558.81
2025-10-22,8137129.99
2025-10-23,6657842.04
2025-10-24,6812640.91
2025-10-25,9390943.39
2025-10-26,9663054.0
2025-10-27,5716281.9399999995
2025-10-28,12262972.59
2025-10-29,9476503.0
2025-10-30,5797074.19
2025-10-31,8458809.79
2025-11-01,8869932.31
2025-11-02,14511719.67
2025-11-03,6982613.21
2025-11-04,6721351.87
2025-11-05,5554871.23
2025-11-06,4721969.07
2025-11-07,10232687.709999999
2025-11-08,10222333.209999999
2025-11-09,9169598.87
2025-11-10,5729152.25
2025-11-11,5924097.4799999995
2025-11-12,5938520.24
2025-11-13,5318042.01
2025-11-14,3788458.5500000003
2025-11-15,5611793.99
2025-11-16,8054705.5
2025-11-17,5207329.76
2025-11-18,5074401.51
2025-11-19,4199644.7299999995
2025-11-20,3647171.17
2025-11-21,4553293.26
2025-11-22,5001095.2
2025-11-23,6167982.13
2025-11-24,3324122.61
2025-11-25,6357162.28
2025-11-26,4621421.96
2025-11-27,3930426.58
2025-11-28,2765357.1
2025-11-29,5246469.61
