ProductID,WarehouseID,StockLevel,ReorderPoint,LeadTime,SupplierID,LastRestocked,StockValue,StockStatus
P0001,WH003,6,5,30,SUP004,2024-10-23,86.64,Normal
P0002,WH002,18,5,26,SUP007,2024-09-25,351.36,Normal
P0003,WH002,11,5,20,SUP009,2024-11-04,89.32,Normal
P0004,WH001,5,5,24,SUP011,2024-09-10,40.35,Normal
P0005,WH002,14,5,25,SUP005,2024-09-14,247.94,Normal
P0006,WH003,10,5,22,SUP003,2024-09-15,75.5,Normal
P0007,WH002,14,5,28,SUP002,2024-09-07,266.28,Normal
P0008,WH001,3,5,14,SUP012,2024-11-18,25.8,Low
P0009,WH001,3,5,20,SUP009,2024-10-26,34.95,Low
P0010,WH003,9,5,14,SUP012,2024-09-17,116.64,Normal
P0011,WH001,20,5,21,SUP014,2024-10-09,303.2,Normal
P0012,WH002,13,5,24,SUP011,2024-11-19,142.09,Normal
P0013,WH001,13,5,24,SUP011,2024-09-05,199.68,Normal
P0014,WH002,2,5,14,SUP012,2024-11-29,19.6,Critical
P0015,WH001,12,5,19,SUP015,2024-09-12,173.04,Normal
P0016,WH002,1,5,30,SUP004,2024-11-02,15.24,Critical
P0017,WH001,5,5,30,SUP004,2024-09-22,41.9,Normal
P0018,WH003,13,5,19,SUP015,2024-11-10,325.78,Normal
P0019,WH001,11,5,30,SUP004,2024-11-19,112.75,Normal
P0020,WH002,14,5,19,SUP015,2024-11-30,249.76,Normal
P0021,WH002,16,5,20,SUP009,2024-09-23,134.4,Normal
P0022,WH003,18,5,24,SUP011,2024-09-13,138.6,Normal
P0023,WH002,0,5,26,SUP007,2024-11-21,0.0,Critical
P0024,WH001,8,5,21,SUP014,2024-09-19,94.16,Normal
P0025,WH001,15,5,12,SUP006,2024-09-18,215.25,Normal
P0026,WH003,6,5,15,SUP001,2024-10-25,149.52,Normal
P0027,WH002,9,5,21,SUP014,2024-10-14,226.08,Normal
P0028,WH002,20,5,22,SUP003,2024-09-02,373.4,Normal
P0029,WH001,17,5,32,SUP010,2024-10-31,121.55,Normal
P0030,WH003,5,5,19,SUP015,2024-10-09,33.65,Normal
P0031,WH001,20,5,28,SUP002,2024-09-23,243.6,Normal
P0032,WH003,17,5,22,SUP003,2024-10-16,336.77,Normal
P0033,WH001,16,5,20,SUP009,2024-09-04,180.8,Normal
P0034,WH002,14,5,14,SUP012,2024-09-05,133.0,Normal
P0035,WH002,12,5,19,SUP015,2024-12-01,103.8,Normal
P0036,WH001,15,5,28,SUP002,2024-09-22,269.7,Normal
P0037,WH002,12,5,32,SUP010,2024-09-17,83.64,Normal
P0038,WH001,5,5,28,SUP002,2024-09-29,98.8,Normal
P0039,WH003,10,5,25,SUP005,2024-10-05,172.7,Normal
P0040,WH003,15,5,14,SUP012,2024-11-14,167.1,Normal
P0041,WH003,14,5,27,SUP013,2024-10-10,308.0,Normal
P0042,WH002,10,5,26,SUP007,2024-10-30,105.3,Normal
P0043,WH003,12,5,15,SUP001,2024-11-18,133.2,Normal
P0044,WH002,2,5,12,SUP006,2024-11-05,39.38,Critical
P0045,WH003,13,5,18,SUP008,2024-09-19,279.5,Normal
P0046,WH003,6,5,30,SUP004,2024-11-21,53.28,Normal
P0047,WH001,12,5,24,SUP011,2024-11-10,237.84,Normal
P0048,WH003,5,5,26,SUP007,2024-09-13,98.1,Normal
P0049,WH001,14,5,22,SUP003,2024-10-23,210.56,Normal
P0050,WH001,14,5,25,SUP005,2024-11-13,83.86,Normal
P0051,WH001,13,5,25,SUP005,2024-11-17,92.43,Normal
P0052,WH001,6,5,14,SUP012,2024-11-06,70.62,Normal
P0053,WH003,7,5,20,SUP009,2024-09-09,143.15,Normal
P0054,WH002,17,5,21,SUP014,2024-10-07,244.63,Normal
P0055,WH002,20,5,21,SUP014,2024-10-16,180.4,Normal
P0056,WH002,14,5,32,SUP010,2024-09-14,143.08,Normal
P0057,WH003,11,5,24,SUP011,2024-09-17,268.18,Normal
P0058,WH002,6,5,30,SUP004,2024-11-15,114.66,Normal
P0059,WH001,18,5,22,SUP003,2024-10-23,331.38,Normal
P0060,WH001,9,5,15,SUP001,2024-09-30,198.09,Normal
P0061,WH001,8,5,20,SUP009,2024-10-03,180.72,Normal
P0062,WH003,16,5,19,SUP015,2024-11-17,167.84,Normal
P0063,WH002,9,5,18,SUP008,2024-11-23,90.27,Normal
P0064,WH002,19,5,24,SUP011,2024-09-15,429.02,Normal
P0065,WH001,14,5,28,SUP002,2024-09-06,90.16,Normal
P0066,WH001,8,5,32,SUP010,2024-11-03,99.68,Normal
P0067,WH001,5,5,18,SUP008,2024-10-25,39.95,Normal
P0068,WH002,15,5,15,SUP001,2024-09-12,322.35,Normal
P0069,WH001,16,5,14,SUP012,2024-09-02,258.72,Normal
P0070,WH003,7,5,28,SUP002,2024-11-15,100.1,Normal
P0071,WH002,8,5,32,SUP010,2024-09-23,170.72,Normal
P0072,WH001,9,5,25,SUP005,2024-09-30,126.63,Normal
P0073,WH002,19,5,30,SUP004,2024-09-20,185.25,Normal
P0074,WH003,5,5,32,SUP010,2024-10-13,84.4,Normal
P0075,WH001,11,5,15,SUP001,2024-10-30,74.14,Normal
P0076,WH001,14,5,22,SUP003,2024-11-26,285.46,Normal
P0077,WH002,13,5,30,SUP004,2024-11-13,114.14,Normal
P0078,WH003,15,5,15,SUP001,2024-11-01,324.9,Normal
P0079,WH001,16,5,21,SUP014,2024-09-16,308.64,Normal
P0080,WH002,16,5,24,SUP011,2024-09-07,177.6,Normal
P0081,WH001,12,5,22,SUP003,2024-10-31,157.8,Normal
P0082,WH003,15,5,26,SUP007,2024-10-17,261.75,Normal
P0083,WH001,4,5,28,SUP002,2024-09-12,34.48,Low
P0084,WH001,15,5,14,SUP012,2024-10-10,162.0,Normal
P0085,WH003,3,5,14,SUP012,2024-10-26,21.57,Low
P0086,WH002,14,5,24,SUP011,2024-09-26,217.7,Normal
P0087,WH002,18,5,19,SUP015,2024-10-21,251.82,Normal
P0088,WH003,8,5,26,SUP007,2024-11-11,126.8,Normal
P0089,WH002,19,5,24,SUP011,2024-11-06,335.92,Normal
P0090,WH001,7,5,26,SUP007,2024-10-12,141.33,Normal
P0091,WH003,9,5,26,SUP007,2024-11-23,97.74,Normal
P0092,WH001,17,5,18,SUP008,2024-11-25,420.24,Normal
P0093,WH003,17,5,22,SUP003,2024-09-11,191.42,Normal
P0094,WH002,14,5,24,SUP011,2024-11-24,290.92,Normal
P0095,WH002,5,5,25,SUP005,2024-11-17,71.7,Normal
P0096,WH003,14,5,30,SUP004,2024-10-14,123.34,Normal
P0097,WH003,10,5,19,SUP015,2024-11-29,227.3,Normal
P0098,WH002,15,5,26,SUP007,2024-11-18,174.75,Normal
P0099,WH003,17,5,30,SUP004,2024-11-07,357.34,Normal
P0100,WH001,13,5,30,SUP004,2024-10-21,304.2,Normal
P0101,WH002,0,5,20,SUP009,2024-11-21,0.0,Critical
P0102,WH003,0,5,21,SUP014,2024-10-22,0.0,Critical
P0103,WH002,13,5,14,SUP012,2024-10-03,187.85,Normal
P0104,WH001,20,5,25,SUP005,2024-10-17,168.8,Normal
P0105,WH003,0,5,28,SUP002,2024-10-16,0.0,Critical
P0106,WH003,12,5,19,SUP015,2024-11-05,200.04,Normal
P0107,WH001,3,5,26,SUP007,2024-11-16,48.63,Low
P0108,WH003,12,5,12,SUP006,2024-11-13,206.88,Normal
P0109,WH002,6,5,21,SUP014,2024-09-10,76.68,Normal
P0110,WH002,17,5,26,SUP007,2024-09-29,328.27,Normal
P0111,WH003,13,5,21,SUP014,2024-10-09,234.52,Normal
P0112,WH001,6,5,18,SUP008,2024-09-23,45.72,Normal
P0113,WH003,17,5,26,SUP007,2024-11-07,171.7,Normal
P0114,WH001,10,5,32,SUP010,2024-11-15,224.5,Normal
P0115,WH001,10,5,24,SUP011,2024-11-09,225.7,Normal
P0116,WH001,5,5,22,SUP003,2024-09-05,100.45,Normal
P0117,WH003,16,5,18,SUP008,2024-10-12,260.16,Normal
P0118,WH003,12,5,25,SUP005,2024-10-08,123.6,Normal
P0119,WH001,13,5,12,SUP006,2024-09-05,125.45,Normal
P0120,WH002,14,5,30,SUP004,2024-10-04,222.18,Normal
P0121,WH001,18,5,18,SUP008,2024-10-27,459.54,Normal
P0122,WH003,15,5,14,SUP012,2024-10-15,319.95,Normal
P0123,WH003,14,5,14,SUP012,2024-10-03,103.18,Normal
P0124,WH002,16,5,15,SUP001,2024-09-29,248.8,Normal
P0125,WH002,0,5,30,SUP004,2024-10-31,0.0,Critical
P0126,WH003,16,5,27,SUP013,2024-09-02,176.48,Normal
P0127,WH001,5,5,12,SUP006,2024-09-12,99.75,Normal
P0128,WH002,15,5,24,SUP011,2024-11-27,140.7,Normal
P0129,WH002,11,5,26,SUP007,2024-10-24,261.58,Normal
P0130,WH001,8,5,14,SUP012,2024-11-13,114.48,Normal
P0131,WH002,17,5,18,SUP008,2024-11-01,328.61,Normal
P0132,WH003,15,5,21,SUP014,2024-09-23,131.55,Normal
P0133,WH003,16,5,32,SUP010,2024-09-19,367.68,Normal
P0134,WH001,5,5,21,SUP014,2024-11-23,97.2,Normal
P0135,WH001,19,5,27,SUP013,2024-09-27,224.01,Normal
P0136,WH001,15,5,19,SUP015,2024-10-15,331.8,Normal
P0137,WH001,14,5,28,SUP002,2024-10-09,333.76,Normal
P0138,WH002,19,5,14,SUP012,2024-10-11,288.04,Normal
P0139,WH002,19,5,25,SUP005,2024-09-07,398.81,Normal
P0140,WH003,6,5,32,SUP010,2024-11-15,120.12,Normal
P0141,WH002,10,5,26,SUP007,2024-11-03,207.1,Normal
P0142,WH003,7,5,25,SUP005,2024-09-17,79.24,Normal
P0143,WH001,12,5,28,SUP002,2024-11-23,169.8,Normal
P0144,WH002,16,5,18,SUP008,2024-10-15,232.64,Normal
P0145,WH002,19,5,28,SUP002,2024-10-11,219.64,Normal
P0146,WH002,12,5,25,SUP005,2024-10-13,71.16,Normal
P0147,WH001,12,5,15,SUP001,2024-10-26,236.76,Normal
P0148,WH002,13,5,21,SUP014,2024-09-16,111.15,Normal
P0149,WH002,13,5,18,SUP008,2024-09-07,234.65,Normal
P0150,WH001,17,5,28,SUP002,2024-09-21,256.19,Normal
P0151,WH001,18,5,24,SUP011,2024-09-10,130.68,Normal
P0152,WH002,11,5,28,SUP002,2024-09-29,179.08,Normal
P0153,WH002,12,5,32,SUP010,2024-11-24,257.4,Normal
P0154,WH003,5,5,19,SUP015,2024-10-20,72.35,Normal
P0155,WH002,9,5,32,SUP010,2024-09-28,168.84,Normal
P0156,WH003,12,5,24,SUP011,2024-11-08,146.76,Normal
P0157,WH001,19,5,22,SUP003,2024-11-28,144.97,Normal
P0158,WH003,12,5,18,SUP008,2024-10-11,263.4,Normal
P0159,WH003,19,5,25,SUP005,2024-11-25,230.66,Normal
P0160,WH003,20,5,27,SUP013,2024-10-11,167.4,Normal
P0161,WH001,15,5,20,SUP009,2024-10-15,251.7,Normal
P0162,WH002,15,5,15,SUP001,2024-09-23,249.3,Normal
P0163,WH003,6,5,18,SUP008,2024-11-02,146.4,Normal
P0164,WH003,5,5,20,SUP009,2024-10-31,82.05,Normal
P0165,WH002,10,5,15,SUP001,2024-09-30,125.9,Normal
P0166,WH001,9,5,28,SUP002,2024-11-15,120.51,Normal
P0167,WH001,19,5,21,SUP014,2024-11-22,110.77,Normal
P0168,WH001,10,5,20,SUP009,2024-10-11,61.7,Normal
P0169,WH003,6,5,26,SUP007,2024-10-09,134.1,Normal
P0170,WH003,4,5,26,SUP007,2024-09-07,51.4,Low
P0171,WH003,9,5,26,SUP007,2024-09-11,132.3,Normal
P0172,WH003,8,5,18,SUP008,2024-10-22,73.04,Normal
P0173,WH001,11,5,27,SUP013,2024-11-21,150.04,Normal
P0174,WH001,17,5,26,SUP007,2024-11-03,256.02,Normal
P0175,WH003,11,5,27,SUP013,2024-09-28,145.75,Normal
P0176,WH002,7,5,20,SUP009,2024-10-05,115.78,Normal
P0177,WH003,11,5,15,SUP001,2024-10-10,176.11,Normal
P0178,WH002,11,5,20,SUP009,2024-11-10,86.13,Normal
P0179,WH001,17,5,21,SUP014,2024-09-10,117.64,Normal
P0180,WH002,15,5,19,SUP015,2024-09-08,346.2,Normal
P0181,WH002,19,5,18,SUP008,2024-09-15,257.64,Normal
P0182,WH002,8,5,30,SUP004,2024-11-28,115.36,Normal
P0183,WH002,16,5,27,SUP013,2024-09-08,350.08,Normal
P0184,WH001,12,5,25,SUP005,2024-11-02,307.32,Normal
P0185,WH003,8,5,18,SUP008,2024-11-15,68.0,Normal
P0186,WH001,17,5,27,SUP013,2024-11-22,117.98,Normal
P0187,WH003,1,5,14,SUP012,2024-10-04,8.35,Critical
P0188,WH003,18,5,15,SUP001,2024-09-25,128.52,Normal
P0189,WH002,10,5,27,SUP013,2024-10-03,180.9,Normal
P0190,WH001,7,5,20,SUP009,2024-09-29,133.98,Normal
P0191,WH002,5,5,20,SUP009,2024-10-12,44.1,Normal
P0192,WH002,12,5,22,SUP003,2024-09-11,228.6,Normal
P0193,WH003,10,5,14,SUP012,2024-11-07,206.9,Normal
P0194,WH002,6,5,12,SUP006,2024-10-13,60.96,Normal
P0195,WH002,15,5,28,SUP002,2024-09-10,315.0,Normal
P0196,WH002,19,5,28,SUP002,2024-09-04,434.72,Normal
P0197,WH003,9,5,25,SUP005,2024-10-04,123.75,Normal
P0198,WH002,0,5,12,SUP006,2024-09-04,0.0,Critical
P0199,WH003,5,5,26,SUP007,2024-10-24,103.7,Normal
P0200,WH001,12,5,32,SUP010,2024-09-18,248.52,Normal
P0201,WH003,3,5,22,SUP003,2024-09-10,27.03,Low
P0202,WH001,19,5,24,SUP011,2024-11-18,312.74,Normal
P0203,WH003,2,5,28,SUP002,2024-09-19,26.36,Critical
P0204,WH002,5,5,26,SUP007,2024-09-29,56.1,Normal
P0205,WH002,15,5,21,SUP014,2024-10-16,291.3,Normal
P0206,WH001,8,5,12,SUP006,2024-09-11,106.88,Normal
P0207,WH002,18,5,26,SUP007,2024-09-08,418.5,Normal
P0208,WH002,11,5,14,SUP012,2024-09-10,186.89,Normal
P0209,WH003,5,5,30,SUP004,2024-11-19,54.1,Normal
P0210,WH002,19,5,27,SUP013,2024-09-18,365.56,Normal
P0211,WH003,11,5,27,SUP013,2024-09-22,238.37,Normal
P0212,WH003,14,5,22,SUP003,2024-09-14,110.18,Normal
P0213,WH001,0,5,30,SUP004,2024-10-13,0.0,Critical
P0214,WH002,17,5,19,SUP015,2024-11-01,263.33,Normal
P0215,WH002,19,5,14,SUP012,2024-09-19,209.57,Normal
P0216,WH002,8,5,27,SUP013,2024-09-20,75.44,Normal
P0217,WH002,9,5,27,SUP013,2024-10-01,135.63,Normal
P0218,WH001,7,5,18,SUP008,2024-09-07,57.47,Normal
P0219,WH003,20,5,12,SUP006,2024-09-18,165.2,Normal
P0220,WH003,6,5,19,SUP015,2024-10-22,97.92,Normal
P0221,WH003,5,5,28,SUP002,2024-10-30,44.25,Normal
P0222,WH001,18,5,22,SUP003,2024-10-20,221.58,Normal
P0223,WH003,18,5,28,SUP002,2024-10-29,413.64,Normal
P0224,WH001,7,5,12,SUP006,2024-09-29,175.56,Normal
P0225,WH001,17,5,14,SUP012,2024-11-11,191.93,Normal
P0226,WH002,14,5,26,SUP007,2024-09-14,281.4,Normal
P0227,WH001,16,5,18,SUP008,2024-10-06,243.68,Normal
P0228,WH001,7,5,19,SUP015,2024-11-15,57.47,Normal
P0229,WH001,0,5,30,SUP004,2024-11-10,0.0,Critical
P0230,WH001,7,5,24,SUP011,2024-11-29,45.36,Normal
P0231,WH003,19,5,22,SUP003,2024-11-03,165.11,Normal
P0232,WH002,18,5,32,SUP010,2024-11-29,354.24,Normal
P0233,WH003,16,5,15,SUP001,2024-09-13,354.4,Normal
P0234,WH001,15,5,27,SUP013,2024-10-18,186.6,Normal
P0235,WH003,18,5,12,SUP006,2024-10-06,207.36,Normal
P0236,WH003,10,5,25,SUP005,2024-11-30,73.8,Normal
P0237,WH003,15,5,14,SUP012,2024-09-06,117.45,Normal
P0238,WH003,15,5,32,SUP010,2024-09-09,264.15,Normal
P0239,WH001,9,5,15,SUP001,2024-09-27,69.3,Normal
P0240,WH003,2,5,15,SUP001,2024-10-14,46.5,Critical
P0241,WH001,9,5,28,SUP002,2024-10-18,163.53,Normal
P0242,WH001,13,5,32,SUP010,2024-10-19,190.97,Normal
P0243,WH001,9,5,24,SUP011,2024-09-11,164.7,Normal
P0244,WH003,15,5,20,SUP009,2024-11-24,99.6,Normal
P0245,WH003,17,5,28,SUP002,2024-09-03,430.1,Normal
P0246,WH002,20,5,19,SUP015,2024-10-04,293.6,Normal
P0247,WH003,13,5,26,SUP007,2024-09-17,131.43,Normal
P0248,WH001,12,5,25,SUP005,2024-09-15,164.76,Normal
P0249,WH002,8,5,21,SUP014,2024-11-20,115.44,Normal
P0250,WH001,0,5,14,SUP012,2024-10-23,0.0,Critical
P0251,WH001,17,5,20,SUP009,2024-10-23,387.09,Normal
P0252,WH002,5,5,21,SUP014,2024-11-03,78.3,Normal
P0253,WH002,5,5,25,SUP005,2024-09-26,100.55,Normal
P0254,WH001,11,5,22,SUP003,2024-11-19,324.39,Normal
P0255,WH003,9,5,21,SUP014,2024-11-27,266.49,Normal
P0256,WH001,15,5,30,SUP004,2024-10-27,304.05,Normal
P0257,WH003,1,5,24,SUP011,2024-09-03,30.34,Critical
P0258,WH003,2,5,22,SUP003,2024-10-28,15.26,Critical
P0259,WH002,5,5,22,SUP003,2024-09-22,85.9,Normal
P0260,WH001,5,5,14,SUP012,2024-11-04,128.75,Normal
P0261,WH003,1,5,26,SUP007,2024-09-21,19.66,Critical
P0262,WH001,12,5,25,SUP005,2024-09-07,372.12,Normal
P0263,WH001,13,5,22,SUP003,2024-10-01,328.25,Normal
P0264,WH003,14,5,18,SUP008,2024-10-24,217.14,Normal
P0265,WH002,7,5,26,SUP007,2024-09-26,70.07,Normal
P0266,WH003,11,5,26,SUP007,2024-11-02,313.61,Normal
P0267,WH003,9,5,24,SUP011,2024-10-24,263.34,Normal
P0268,WH001,6,5,15,SUP001,2024-11-01,162.48,Normal
P0269,WH002,20,5,27,SUP013,2024-09-05,477.2,Normal
P0270,WH002,12,5,18,SUP008,2024-09-24,186.0,Normal
P0271,WH001,16,5,14,SUP012,2024-10-27,460.16,Normal
P0272,WH002,5,5,26,SUP007,2024-11-07,66.5,Normal
P0273,WH003,14,5,21,SUP014,2024-10-06,280.14,Normal
P0274,WH002,20,5,14,SUP012,2024-09-02,215.2,Normal
P0275,WH001,15,5,15,SUP001,2024-11-25,303.9,Normal
P0276,WH003,11,5,19,SUP015,2024-11-09,227.59,Normal
P0277,WH003,17,5,26,SUP007,2024-09-26,336.77,Normal
P0278,WH003,16,5,21,SUP014,2024-10-10,408.96,Normal
P0279,WH002,6,5,28,SUP002,2024-10-15,55.5,Normal
P0280,WH002,18,5,19,SUP015,2024-11-04,441.9,Normal
P0281,WH001,19,5,22,SUP003,2024-11-27,395.2,Normal
P0282,WH003,2,5,27,SUP013,2024-11-04,18.5,Critical
P0283,WH003,5,5,27,SUP013,2024-10-31,78.15,Normal
P0284,WH003,3,5,24,SUP011,2024-09-04,47.46,Low
P0285,WH001,7,5,28,SUP002,2024-10-05,179.9,Normal
P0286,WH002,1,5,15,SUP001,2024-10-05,20.18,Critical
P0287,WH002,19,5,18,SUP008,2024-09-29,318.63,Normal
P0288,WH003,18,5,24,SUP011,2024-11-07,527.76,Normal
P0289,WH003,5,5,18,SUP008,2024-11-30,61.5,Normal
P0290,WH001,10,5,24,SUP011,2024-09-15,169.5,Normal
P0291,WH002,6,5,22,SUP003,2024-11-27,119.52,Normal
P0292,WH002,5,5,28,SUP002,2024-10-15,86.65,Normal
P0293,WH001,15,5,18,SUP008,2024-09-15,294.15,Normal
P0294,WH001,17,5,12,SUP006,2024-10-18,143.82,Normal
P0295,WH002,14,5,24,SUP011,2024-09-23,133.14,Normal
P0296,WH002,10,5,28,SUP002,2024-10-22,112.2,Normal
P0297,WH003,19,5,21,SUP014,2024-11-22,212.42,Normal
P0298,WH001,13,5,32,SUP010,2024-11-02,344.63,Normal
P0299,WH002,4,5,14,SUP012,2024-09-26,79.36,Low
P0300,WH003,14,5,28,SUP002,2024-11-16,144.9,Normal
P0301,WH002,20,5,24,SUP011,2024-09-05,214.0,Normal
P0302,WH003,5,5,15,SUP001,2024-11-05,51.15,Normal
P0303,WH003,19,5,27,SUP013,2024-10-19,195.51,Normal
P0304,WH002,11,5,28,SUP002,2024-11-26,129.03,Normal
P0305,WH001,7,5,19,SUP015,2024-10-17,136.15,Normal
P0306,WH001,10,5,32,SUP010,2024-10-02,94.4,Normal
P0307,WH003,15,5,27,SUP013,2024-09-28,278.25,Normal
P0308,WH001,14,5,12,SUP006,2024-10-20,411.18,Normal
P0309,WH001,18,5,27,SUP013,2024-11-03,154.26,Normal
P0310,WH003,17,5,27,SUP013,2024-09-15,451.69,Normal
P0311,WH001,6,5,18,SUP008,2024-11-27,64.62,Normal
P0312,WH002,11,5,22,SUP003,2024-09-19,171.49,Normal
P0313,WH003,14,5,24,SUP011,2024-10-03,281.12,Normal
P0314,WH002,12,5,21,SUP014,2024-10-11,225.96,Normal
P0315,WH002,19,5,25,SUP005,2024-10-21,152.76,Normal
P0316,WH002,16,5,19,SUP015,2024-10-09,406.88,Normal
P0317,WH002,11,5,15,SUP001,2024-09-11,206.69,Normal
P0318,WH003,6,5,28,SUP002,2024-10-20,59.88,Normal
P0319,WH002,10,5,21,SUP014,2024-10-03,176.6,Normal
P0320,WH003,18,5,25,SUP005,2024-09-16,234.9,Normal
P0321,WH002,6,5,15,SUP001,2024-10-06,47.22,Normal
P0322,WH002,11,5,20,SUP009,2024-09-16,128.81,Normal
P0323,WH001,6,5,30,SUP004,2024-11-23,69.3,Normal
P0324,WH001,7,5,24,SUP011,2024-10-08,149.66,Normal
P0325,WH003,18,5,32,SUP010,2024-09-26,439.92,Normal
P0326,WH002,16,5,14,SUP012,2024-11-17,156.8,Normal
P0327,WH001,12,5,12,SUP006,2024-11-11,259.32,Normal
P0328,WH002,5,5,24,SUP011,2024-10-20,75.7,Normal
P0329,WH003,14,5,20,SUP009,2024-09-09,186.06,Normal
P0330,WH002,5,5,21,SUP014,2024-10-05,109.35,Normal
P0331,WH001,9,5,14,SUP012,2024-10-30,157.32,Normal
P0332,WH002,2,5,14,SUP012,2024-09-24,38.1,Critical
P0333,WH002,15,5,15,SUP001,2024-11-01,135.3,Normal
P0334,WH001,14,5,18,SUP008,2024-11-30,164.92,Normal
P0335,WH001,9,5,27,SUP013,2024-09-17,99.63,Normal
P0336,WH003,5,5,27,SUP013,2024-09-23,64.1,Normal
P0337,WH003,15,5,26,SUP007,2024-11-11,144.45,Normal
P0338,WH002,16,5,30,SUP004,2024-09-26,300.32,Normal
P0339,WH003,8,5,28,SUP002,2024-10-18,79.44,Normal
P0340,WH002,13,5,12,SUP006,2024-09-26,405.34,Normal
P0341,WH001,19,5,25,SUP005,2024-10-29,442.7,Normal
P0342,WH002,8,5,21,SUP014,2024-10-27,96.16,Normal
P0343,WH003,10,5,28,SUP002,2024-10-19,278.4,Normal
P0344,WH002,19,5,14,SUP012,2024-09-26,353.97,Normal
P0345,WH001,9,5,15,SUP001,2024-09-28,197.01,Normal
P0346,WH002,17,5,27,SUP013,2024-09-06,244.12,Normal
P0347,WH001,11,5,27,SUP013,2024-09-27,188.87,Normal
P0348,WH003,9,5,24,SUP011,2024-09-21,95.49,Normal
P0349,WH001,6,5,27,SUP013,2024-10-29,85.56,Normal
P0350,WH001,19,5,15,SUP001,2024-11-15,209.95,Normal
P0351,WH001,18,5,18,SUP008,2024-09-10,299.16,Normal
P0352,WH001,11,5,26,SUP007,2024-09-20,147.18,Normal
P0353,WH003,16,5,14,SUP012,2024-10-04,167.84,Normal
P0354,WH002,15,5,28,SUP002,2024-09-11,239.1,Normal
P0355,WH003,18,5,25,SUP005,2024-10-15,250.38,Normal
P0356,WH001,9,5,18,SUP008,2024-11-03,220.41,Normal
P0357,WH002,11,5,12,SUP006,2024-10-22,190.63,Normal
P0358,WH001,18,5,21,SUP014,2024-11-28,307.08,Normal
P0359,WH003,13,5,28,SUP002,2024-11-08,372.84,Normal
P0360,WH001,6,5,12,SUP006,2024-09-30,67.08,Normal
P0361,WH001,5,5,22,SUP003,2024-10-08,125.35,Normal
P0362,WH003,13,5,14,SUP012,2024-10-19,128.83,Normal
P0363,WH003,7,5,28,SUP002,2024-09-03,153.23,Normal
P0364,WH001,12,5,24,SUP011,2024-11-15,140.64,Normal
P0365,WH002,18,5,32,SUP010,2024-11-29,197.1,Normal
P0366,WH001,17,5,21,SUP014,2024-09-12,209.78,Normal
P0367,WH001,9,5,22,SUP003,2024-09-18,197.91,Normal
P0368,WH003,0,5,21,SUP014,2024-10-03,0.0,Critical
P0369,WH001,16,5,22,SUP003,2024-10-02,281.28,Normal
P0370,WH001,8,5,20,SUP009,2024-10-03,132.0,Normal
P0371,WH001,6,5,22,SUP003,2024-10-31,99.54,Normal
P0372,WH003,16,5,15,SUP001,2024-09-16,377.44,Normal
P0373,WH002,6,5,24,SUP011,2024-09-07,85.26,Normal
P0374,WH001,18,5,15,SUP001,2024-10-29,290.52,Normal
P0375,WH003,6,5,30,SUP004,2024-11-18,167.22,Normal
P0376,WH003,30,10,15,SUP001,2024-10-26,348.9,Normal
P0377,WH003,15,5,30,SUP004,2024-11-07,300.9,Normal
P0378,WH002,17,5,12,SUP006,2024-09-08,199.07,Normal
P0379,WH002,15,5,20,SUP009,2024-11-01,316.35,Normal
P0380,WH001,6,5,25,SUP005,2024-10-07,173.1,Normal
P0381,WH003,18,5,25,SUP005,2024-10-20,188.46,Normal
P0382,WH002,13,5,21,SUP014,2024-10-25,182.13,Normal
P0383,WH002,20,5,18,SUP008,2024-11-15,175.0,Normal
P0384,WH002,17,5,15,SUP001,2024-09-08,449.82,Normal
P0385,WH002,2,5,30,SUP004,2024-09-06,32.88,Critical
P0386,WH001,18,5,18,SUP008,2024-10-25,201.78,Normal
P0387,WH002,9,5,21,SUP014,2024-10-27,92.16,Normal
P0388,WH003,16,5,12,SUP006,2024-09-30,354.4,Normal
P0389,WH002,13,5,32,SUP010,2024-09-21,175.5,Normal
P0390,WH003,13,5,28,SUP002,2024-10-09,310.96,Normal
P0391,WH003,16,5,21,SUP014,2024-09-20,363.52,Normal
P0392,WH002,18,5,26,SUP007,2024-10-16,226.44,Normal
P0393,WH001,15,5,30,SUP004,2024-10-14,195.75,Normal
P0394,WH003,8,5,15,SUP001,2024-11-23,156.48,Normal
P0395,WH002,7,5,18,SUP008,2024-10-03,138.74,Normal
P0396,WH003,9,5,19,SUP015,2024-10-29,102.33,Normal
P0397,WH003,16,5,14,SUP012,2024-11-14,305.44,Normal
P0398,WH001,13,5,20,SUP009,2024-11-05,118.69,Normal
P0399,WH003,10,5,12,SUP006,2024-11-25,279.6,Normal
P0400,WH002,20,5,27,SUP013,2024-10-25,504.4,Normal
P0401,WH003,2,5,24,SUP011,2024-09-18,40.94,Critical
P0402,WH001,19,5,18,SUP008,2024-12-01,391.21,Normal
P0403,WH002,15,10,21,SUP014,2024-10-06,268.8,Normal
P0404,WH002,22,10,28,SUP002,2024-09-03,678.48,Normal
P0405,WH001,6,5,22,SUP003,2024-11-08,92.52,Normal
P0406,WH002,9,5,19,SUP015,2024-09-11,281.88,Normal
P0407,WH003,14,5,20,SUP009,2024-09-11,164.64,Normal
P0408,WH002,19,5,22,SUP003,2024-11-11,499.51,Normal
P0409,WH002,5,5,24,SUP011,2024-09-19,98.55,Normal
P0410,WH001,17,5,30,SUP004,2024-11-18,146.2,Normal
P0411,WH003,7,5,27,SUP013,2024-11-04,148.61,Normal
P0412,WH002,8,5,12,SUP006,2024-11-21,115.6,Normal
P0413,WH001,20,5,24,SUP011,2024-11-03,429.2,Normal
P0414,WH002,5,5,25,SUP005,2024-12-01,72.4,Normal
P0415,WH003,16,5,24,SUP011,2024-11-27,368.64,Normal
P0416,WH002,5,5,25,SUP005,2024-10-05,62.1,Normal
P0417,WH001,3,5,14,SUP012,2024-10-02,29.49,Low
P0418,WH002,19,5,19,SUP015,2024-09-30,340.29,Normal
P0419,WH001,17,5,26,SUP007,2024-09-13,442.34,Normal
P0420,WH003,19,5,20,SUP009,2024-10-13,395.58,Normal
P0421,WH003,19,5,30,SUP004,2024-10-30,162.07,Normal
P0422,WH001,8,5,24,SUP011,2024-11-18,105.12,Normal
P0423,WH002,10,5,26,SUP007,2024-09-19,107.3,Normal
P0424,WH003,8,5,19,SUP015,2024-10-27,88.32,Normal
P0425,WH003,3,5,32,SUP010,2024-09-06,56.76,Low
P0426,WH002,16,5,20,SUP009,2024-09-12,159.04,Normal
P0427,WH003,6,5,25,SUP005,2024-10-28,82.08,Normal
P0428,WH001,6,5,18,SUP008,2024-10-28,66.66,Normal
P0429,WH003,13,5,12,SUP006,2024-11-05,111.41,Normal
P0430,WH001,18,5,21,SUP014,2024-11-08,311.22,Normal
P0431,WH003,13,5,28,SUP002,2024-09-27,309.92,Normal
P0432,WH003,15,5,12,SUP006,2024-10-03,278.55,Normal
P0433,WH001,8,5,18,SUP008,2024-09-20,132.56,Normal
P0434,WH001,8,5,32,SUP010,2024-11-10,80.96,Normal
P0435,WH002,16,5,24,SUP011,2024-10-15,468.48,Normal
P0436,WH003,1,5,24,SUP011,2024-09-04,14.68,Critical
P0437,WH002,7,5,32,SUP010,2024-10-27,145.88,Normal
P0438,WH001,7,5,18,SUP008,2024-09-24,53.06,Normal
P0439,WH002,36,10,27,SUP013,2024-11-13,862.2,Normal
P0440,WH002,7,5,20,SUP009,2024-09-16,54.39,Normal
P0441,WH003,17,5,28,SUP002,2024-11-16,226.95,Normal
P0442,WH001,8,5,20,SUP009,2024-11-29,58.8,Normal
P0443,WH001,3,5,28,SUP002,2024-11-09,67.23,Low
P0444,WH003,5,5,19,SUP015,2024-11-29,99.85,Normal
P0445,WH002,7,5,20,SUP009,2024-09-23,64.61,Normal
P0446,WH003,16,5,18,SUP008,2024-10-17,406.08,Normal
P0447,WH003,6,5,21,SUP014,2024-09-18,147.42,Normal
P0448,WH001,5,5,26,SUP007,2024-09-21,100.3,Normal
P0449,WH001,20,5,19,SUP015,2024-09-18,312.4,Normal
P0450,WH001,18,5,27,SUP013,2024-09-25,129.24,Normal
P0451,WH003,16,5,21,SUP014,2024-09-19,169.44,Normal
P0452,WH001,7,5,24,SUP011,2024-11-30,83.72,Normal
P0453,WH002,20,5,20,SUP009,2024-10-05,372.0,Normal
P0454,WH003,10,5,18,SUP008,2024-10-19,239.1,Normal
P0455,WH001,11,5,21,SUP014,2024-10-24,141.57,Normal
P0456,WH003,5,5,25,SUP005,2024-09-23,94.65,Normal
P0457,WH003,20,5,27,SUP013,2024-10-28,408.8,Normal
P0458,WH003,20,5,32,SUP010,2024-10-04,382.2,Normal
P0459,WH002,8,5,14,SUP012,2024-11-21,126.88,Normal
P0460,WH003,50,10,30,SUP004,2024-10-09,1072.5,Normal
P0461,WH002,12,5,21,SUP014,2024-10-18,312.24,Normal
P0462,WH002,20,5,21,SUP014,2024-11-24,578.8,Normal
P0463,WH002,11,5,20,SUP009,2024-11-04,159.61,Normal
P0464,WH003,5,5,20,SUP009,2024-11-01,68.4,Normal
P0465,WH003,19,5,15,SUP001,2024-10-21,374.49,Normal
P0466,WH002,20,5,26,SUP007,2024-10-15,236.6,Normal
P0467,WH001,11,5,27,SUP013,2024-11-28,316.36,Normal
P0468,WH002,16,5,21,SUP014,2024-11-15,171.68,Normal
P0469,WH002,16,5,26,SUP007,2024-11-03,147.84,Normal
P0470,WH003,8,5,25,SUP005,2024-09-20,84.56,Normal
P0471,WH001,12,5,28,SUP002,2024-10-25,166.08,Normal
P0472,WH002,14,5,24,SUP011,2024-10-05,330.26,Normal
P0473,WH001,17,5,27,SUP013,2024-11-14,178.67,Normal
P0474,WH002,10,5,21,SUP014,2024-11-14,119.8,Normal
P0475,WH001,8,5,14,SUP012,2024-11-02,215.68,Normal
P0476,WH003,6,5,30,SUP004,2024-09-22,128.7,Normal
P0477,WH001,11,5,26,SUP007,2024-10-10,142.12,Normal
P0478,WH001,0,5,12,SUP006,2024-11-13,0.0,Critical
P0479,WH003,5,5,18,SUP008,2024-10-25,81.7,Normal
P0480,WH001,8,5,15,SUP001,2024-09-19,97.12,Normal
P0481,WH003,17,5,20,SUP009,2024-10-06,168.3,Normal
P0482,WH001,19,5,30,SUP004,2024-09-26,239.59,Normal
P0483,WH003,5,5,18,SUP008,2024-09-27,66.8,Normal
P0484,WH002,11,5,24,SUP011,2024-09-04,238.04,Normal
P0485,WH001,16,5,22,SUP003,2024-11-26,314.24,Normal
P0486,WH002,2,5,15,SUP001,2024-10-23,49.08,Critical
P0487,WH001,20,5,26,SUP007,2024-11-24,427.2,Normal
P0488,WH003,15,5,30,SUP004,2024-09-29,119.25,Normal
P0489,WH001,12,5,24,SUP011,2024-09-03,213.12,Normal
P0490,WH002,19,5,15,SUP001,2024-09-09,357.2,Normal
P0491,WH003,8,5,20,SUP009,2024-10-11,128.4,Normal
P0492,WH002,13,5,21,SUP014,2024-11-14,115.44,Normal
P0493,WH003,11,5,20,SUP009,2024-10-21,254.54,Normal
P0494,WH003,20,5,25,SUP005,2024-10-18,438.4,Normal
P0495,WH002,8,5,26,SUP007,2024-09-13,113.92,Normal
P0496,WH002,15,5,24,SUP011,2024-10-07,390.6,Normal
P0497,WH003,5,5,26,SUP007,2024-11-20,69.7,Normal
P0498,WH003,15,5,22,SUP003,2024-09-22,204.75,Normal
P0499,WH001,14,5,21,SUP014,2024-11-14,340.48,Normal
P0500,WH003,17,5,19,SUP015,2024-11-25,465.8,Normal
P0501,WH002,7,5,24,SUP011,2024-10-27,83.37,Normal
P0502,WH003,6,5,19,SUP015,2024-10-25,167.7,Normal
P0503,WH001,7,5,27,SUP013,2024-10-20,181.58,Normal
P0504,WH003,7,5,30,SUP004,2024-10-21,172.55,Normal
P0505,WH002,11,5,27,SUP013,2024-10-13,143.88,Normal
P0506,WH001,20,5,28,SUP002,2024-10-28,285.4,Normal
P0507,WH002,20,5,27,SUP013,2024-11-01,481.0,Normal
P0508,WH002,19,5,24,SUP011,2024-11-10,483.55,Normal
P0509,WH001,20,5,20,SUP009,2024-09-15,237.8,Normal
P0510,WH002,2,5,26,SUP007,2024-09-24,46.98,Critical
P0511,WH001,6,5,28,SUP002,2024-10-31,127.32,Normal
P0512,WH002,16,5,27,SUP013,2024-10-29,495.36,Normal
P0513,WH002,6,5,28,SUP002,2024-10-24,165.0,Normal
P0514,WH001,15,5,27,SUP013,2024-11-15,427.95,Normal
P0515,WH001,17,5,26,SUP007,2024-12-01,270.98,Normal
P0516,WH003,8,5,28,SUP002,2024-10-26,71.12,Normal
P0517,WH003,10,5,32,SUP010,2024-11-02,113.3,Normal
P0518,WH001,19,5,26,SUP007,2024-09-18,190.38,Normal
P0519,WH001,1,5,20,SUP009,2024-10-16,15.97,Critical
P0520,WH001,9,5,25,SUP005,2024-10-14,78.84,Normal
P0521,WH001,19,5,26,SUP007,2024-10-26,395.2,Normal
P0522,WH002,9,5,12,SUP006,2024-09-11,135.81,Normal
P0523,WH001,13,5,30,SUP004,2024-09-12,355.68,Normal
P0524,WH001,6,5,26,SUP007,2024-10-11,66.18,Normal
P0525,WH001,12,5,12,SUP006,2024-11-16,270.84,Normal
P0526,WH003,12,5,32,SUP010,2024-09-12,317.52,Normal
P0527,WH003,5,5,12,SUP006,2024-10-04,149.75,Normal
P0528,WH002,13,5,26,SUP007,2024-09-03,358.8,Normal
P0529,WH002,12,5,30,SUP004,2024-09-04,279.84,Normal
P0530,WH003,11,5,14,SUP012,2024-11-21,204.71,Normal
P0531,WH002,10,5,28,SUP002,2024-11-21,298.5,Normal
P0532,WH001,18,5,25,SUP005,2024-09-15,421.92,Normal
P0533,WH003,8,5,18,SUP008,2024-10-16,142.88,Normal
P0534,WH001,7,5,20,SUP009,2024-09-09,80.15,Normal
P0535,WH002,20,5,19,SUP015,2024-09-10,287.8,Normal
P0536,WH002,1,5,24,SUP011,2024-11-25,13.02,Critical
P0537,WH003,17,5,32,SUP010,2024-09-05,128.35,Normal
P0538,WH001,5,5,15,SUP001,2024-11-04,140.15,Normal
P0539,WH003,19,5,20,SUP009,2024-11-01,318.44,Normal
P0540,WH001,17,5,12,SUP006,2024-11-09,239.02,Normal
P0541,WH003,7,5,12,SUP006,2024-10-04,150.71,Normal
P0542,WH001,11,5,19,SUP015,2024-09-29,202.95,Normal
P0543,WH003,5,5,12,SUP006,2024-09-20,137.3,Normal
P0544,WH003,0,5,18,SUP008,2024-10-19,0.0,Critical
P0545,WH003,18,5,25,SUP005,2024-11-13,476.82,Normal
P0546,WH002,4,5,28,SUP002,2024-09-05,115.44,Low
P0547,WH001,5,5,20,SUP009,2024-09-17,103.55,Normal
P0548,WH002,19,5,30,SUP004,2024-10-01,219.45,Normal
P0549,WH001,12,5,15,SUP001,2024-09-29,136.68,Normal
P0550,WH002,0,5,26,SUP007,2024-09-11,0.0,Critical
P0551,WH001,11,5,27,SUP013,2024-10-11,62.59,Normal
P0552,WH003,15,5,12,SUP006,2024-11-11,281.55,Normal
P0553,WH001,0,5,24,SUP011,2024-10-30,0.0,Critical
P0554,WH001,15,5,32,SUP010,2024-09-22,158.1,Normal
P0555,WH002,5,5,21,SUP014,2024-10-02,63.35,Normal
P0556,WH001,11,5,32,SUP010,2024-10-21,159.72,Normal
P0557,WH002,8,5,25,SUP005,2024-12-01,59.6,Normal
P0558,WH001,16,5,26,SUP007,2024-09-10,206.24,Normal
P0559,WH002,12,5,26,SUP007,2024-10-22,73.08,Normal
P0560,WH003,10,5,22,SUP003,2024-10-27,71.2,Normal
P0561,WH001,9,5,21,SUP014,2024-11-03,170.91,Normal
P0562,WH001,19,5,18,SUP008,2024-09-27,339.53,Normal
P0563,WH001,12,5,24,SUP011,2024-10-20,164.16,Normal
P0564,WH002,11,5,21,SUP014,2024-09-16,58.19,Normal
P0565,WH001,19,5,15,SUP001,2024-11-02,167.77,Normal
P0566,WH001,14,5,20,SUP009,2024-09-30,202.16,Normal
P0567,WH002,5,5,27,SUP013,2024-11-16,24.6,Normal
P0568,WH003,13,5,28,SUP002,2024-11-12,158.6,Normal
P0569,WH003,20,5,27,SUP013,2024-11-03,324.8,Normal
P0570,WH002,3,5,14,SUP012,2024-11-20,33.93,Low
P0571,WH001,16,5,25,SUP005,2024-11-07,243.2,Normal
P0572,WH002,13,5,30,SUP004,2024-11-15,182.91,Normal
P0573,WH003,10,5,32,SUP010,2024-09-10,88.5,Normal
P0574,WH002,9,5,12,SUP006,2024-09-05,145.89,Normal
P0575,WH001,9,5,12,SUP006,2024-09-17,161.73,Normal
P0576,WH002,9,5,19,SUP015,2024-09-04,140.49,Normal
P0577,WH001,12,5,25,SUP005,2024-11-13,177.72,Normal
P0578,WH003,7,5,14,SUP012,2024-11-03,97.3,Normal
P0579,WH002,15,5,32,SUP010,2024-09-08,107.25,Normal
P0580,WH003,18,5,28,SUP002,2024-11-04,257.94,Normal
P0581,WH003,13,5,25,SUP005,2024-11-19,184.86,Normal
P0582,WH002,13,5,15,SUP001,2024-10-03,124.41,Normal
P0583,WH002,13,5,26,SUP007,2024-11-05,91.91,Normal
P0584,WH002,8,5,12,SUP006,2024-09-25,128.24,Normal
P0585,WH003,7,5,32,SUP010,2024-09-09,28.21,Normal
P0586,WH003,11,5,24,SUP011,2024-10-27,162.03,Normal
P0587,WH003,8,5,18,SUP008,2024-11-12,98.0,Normal
P0588,WH002,9,5,25,SUP005,2024-11-07,120.06,Normal
P0589,WH002,10,5,28,SUP002,2024-11-06,135.4,Normal
P0590,WH001,17,5,25,SUP005,2024-10-26,257.89,Normal
P0591,WH003,5,5,30,SUP004,2024-11-05,85.2,Normal
P0592,WH001,20,5,20,SUP009,2024-10-18,295.8,Normal
P0593,WH001,6,5,12,SUP006,2024-09-02,38.16,Normal
P0594,WH001,17,5,30,SUP004,2024-10-27,207.91,Normal
P0595,WH001,11,5,12,SUP006,2024-11-06,98.67,Normal
P0596,WH003,5,5,24,SUP011,2024-09-15,26.4,Normal
P0597,WH001,16,5,32,SUP010,2024-09-11,150.72,Normal
P0598,WH003,14,5,30,SUP004,2024-11-29,75.18,Normal
P0599,WH002,12,5,18,SUP008,2024-10-14,244.92,Normal
P0600,WH003,14,5,32,SUP010,2024-09-22,185.64,Normal
P0601,WH003,14,5,30,SUP004,2024-10-22,180.88,Normal
P0602,WH001,7,5,32,SUP010,2024-10-31,30.03,Normal
P0603,WH002,18,5,20,SUP009,2024-10-11,215.64,Normal
P0604,WH001,17,5,24,SUP011,2024-10-28,232.39,Normal
P0605,WH003,10,5,30,SUP004,2024-11-15,92.3,Normal
P0606,WH003,12,5,12,SUP006,2024-11-21,121.2,Normal
P0607,WH002,7,5,12,SUP006,2024-09-07,49.49,Normal
P0608,WH003,17,5,32,SUP010,2024-10-03,219.47,Normal
P0609,WH003,5,5,19,SUP015,2024-11-16,28.2,Normal
P0610,WH003,5,5,14,SUP012,2024-10-14,63.0,Normal
P0611,WH003,13,5,24,SUP011,2024-11-28,206.83,Normal
P0612,WH001,0,5,28,SUP002,2024-09-13,0.0,Critical
P0613,WH003,6,5,20,SUP009,2024-10-12,63.3,Normal
P0614,WH003,6,5,14,SUP012,2024-10-15,55.2,Normal
P0615,WH001,18,5,19,SUP015,2024-09-03,318.24,Normal
P0616,WH002,19,5,15,SUP001,2024-10-23,295.83,Normal
P0617,WH001,9,5,22,SUP003,2024-11-05,56.25,Normal
P0618,WH001,8,5,20,SUP009,2024-11-30,103.52,Normal
P0619,WH001,16,5,27,SUP013,2024-09-09,261.28,Normal
P0620,WH003,7,5,25,SUP005,2024-10-27,114.17,Normal
P0621,WH002,14,5,28,SUP002,2024-09-17,249.48,Normal
P0622,WH001,8,5,18,SUP008,2024-10-28,132.96,Normal
P0623,WH001,12,5,27,SUP013,2024-09-21,186.36,Normal
P0624,WH001,2,5,20,SUP009,2024-11-18,10.5,Critical
P0625,WH001,15,5,18,SUP008,2024-11-28,267.45,Normal
P0626,WH001,12,5,20,SUP009,2024-11-08,184.92,Normal
P0627,WH003,13,5,26,SUP007,2024-10-09,68.12,Normal
P0628,WH001,3,5,28,SUP002,2024-09-04,40.92,Low
P0629,WH003,11,5,15,SUP001,2024-10-26,77.22,Normal
P0630,WH001,17,5,12,SUP006,2024-09-07,88.91,Normal
P0631,WH002,12,5,30,SUP004,2024-09-17,104.28,Normal
P0632,WH001,13,5,18,SUP008,2024-10-03,110.37,Normal
P0633,WH001,5,5,19,SUP015,2024-11-18,19.15,Normal
P0634,WH002,14,5,15,SUP001,2024-09-03,135.94,Normal
P0635,WH002,16,5,15,SUP001,2024-11-30,191.2,Normal
P0636,WH002,17,5,20,SUP009,2024-10-22,263.33,Normal
P0637,WH001,16,5,14,SUP012,2024-10-01,212.0,Normal
P0638,WH002,19,5,26,SUP007,2024-09-25,185.63,Normal
P0639,WH002,12,5,20,SUP009,2024-09-18,104.28,Normal
P0640,WH001,8,5,15,SUP001,2024-09-21,49.76,Normal
P0641,WH003,6,5,21,SUP014,2024-09-07,82.26,Normal
P0642,WH001,17,5,25,SUP005,2024-09-07,177.31,Normal
P0643,WH001,12,5,28,SUP002,2024-09-16,106.44,Normal
P0644,WH002,18,5,12,SUP006,2024-09-17,93.78,Normal
P0645,WH002,19,5,18,SUP008,2024-09-11,78.09,Normal
P0646,WH001,18,5,22,SUP003,2024-11-26,158.4,Normal
P0647,WH003,6,5,22,SUP003,2024-09-11,77.46,Normal
P0648,WH001,11,5,15,SUP001,2024-11-05,156.42,Normal
P0649,WH003,19,5,26,SUP007,2024-11-18,110.77,Normal
P0650,WH003,18,5,18,SUP008,2024-10-14,252.0,Normal
P0651,WH002,13,5,21,SUP014,2024-11-29,67.99,Normal
P0652,WH002,9,5,24,SUP011,2024-11-26,44.91,Normal
P0653,WH003,6,5,19,SUP015,2024-11-28,94.56,Normal
P0654,WH003,12,5,18,SUP008,2024-09-05,186.72,Normal
P0655,WH002,18,5,18,SUP008,2024-09-18,176.94,Normal
P0656,WH002,11,5,26,SUP007,2024-11-11,65.34,Normal
P0657,WH002,16,5,12,SUP006,2024-10-25,208.64,Normal
P0658,WH001,19,5,19,SUP015,2024-09-18,209.95,Normal
P0659,WH003,15,5,30,SUP004,2024-09-27,186.45,Normal
P0660,WH002,7,5,18,SUP008,2024-10-01,32.76,Normal
P0661,WH002,5,5,26,SUP007,2024-11-12,34.75,Normal
P0662,WH003,7,5,26,SUP007,2024-11-25,106.61,Normal
P0663,WH003,14,5,19,SUP015,2024-10-29,240.66,Normal
P0664,WH002,14,5,22,SUP003,2024-11-15,102.76,Normal
P0665,WH001,6,5,19,SUP015,2024-10-30,81.18,Normal
P0666,WH003,12,5,27,SUP013,2024-09-27,153.96,Normal
P0667,WH002,1,5,24,SUP011,2024-11-29,8.49,Critical
P0668,WH003,12,5,32,SUP010,2024-09-17,225.48,Normal
P0669,WH001,16,5,32,SUP010,2024-09-02,118.24,Normal
P0670,WH002,14,5,14,SUP012,2024-10-28,63.28,Normal
P0671,WH002,14,5,30,SUP004,2024-10-15,108.78,Normal
P0672,WH002,17,5,15,SUP001,2024-10-11,298.86,Normal
P0673,WH001,7,5,15,SUP001,2024-10-01,100.87,Normal
P0674,WH002,12,5,30,SUP004,2024-10-15,105.24,Normal
P0675,WH001,18,5,15,SUP001,2024-09-05,284.58,Normal
P0676,WH003,13,5,21,SUP014,2024-10-17,219.18,Normal
P0677,WH001,14,5,28,SUP002,2024-09-05,155.26,Normal
P0678,WH003,20,5,14,SUP012,2024-11-12,245.6,Normal
P0679,WH002,16,5,20,SUP009,2024-09-10,265.44,Normal
P0680,WH001,7,5,26,SUP007,2024-09-08,58.38,Normal
P0681,WH002,1,5,15,SUP001,2024-11-26,15.71,Critical
P0682,WH003,5,5,32,SUP010,2024-09-27,67.6,Normal
P0683,WH002,8,5,19,SUP015,2024-10-20,104.4,Normal
P0684,WH002,9,5,12,SUP006,2024-11-25,144.27,Normal
P0685,WH002,7,5,15,SUP001,2024-10-18,43.68,Normal
P0686,WH002,9,5,25,SUP005,2024-09-26,146.97,Normal
P0687,WH002,6,5,14,SUP012,2024-09-02,97.68,Normal
P0688,WH002,18,5,12,SUP006,2024-10-10,153.36,Normal
P0689,WH001,16,5,24,SUP011,2024-10-29,168.8,Normal
P0690,WH002,14,5,25,SUP005,2024-09-20,133.56,Normal
P0691,WH003,8,5,12,SUP006,2024-09-02,50.56,Normal
P0692,WH002,14,5,19,SUP015,2024-10-22,233.8,Normal
P0693,WH002,19,5,14,SUP012,2024-11-15,243.77,Normal
P0694,WH003,5,5,22,SUP003,2024-11-16,67.8,Normal
P0695,WH001,10,5,26,SUP007,2024-09-26,177.1,Normal
P0696,WH003,15,5,30,SUP004,2024-09-13,99.3,Normal
P0697,WH001,17,5,21,SUP014,2024-09-29,112.88,Normal
P0698,WH003,15,5,26,SUP007,2024-10-21,147.3,Normal
P0699,WH002,10,5,28,SUP002,2024-09-13,95.7,Normal
P0700,WH003,7,5,18,SUP008,2024-09-02,95.97,Normal
P0701,WH003,17,5,19,SUP015,2024-10-14,100.98,Normal
P0702,WH003,7,5,22,SUP003,2024-10-19,35.28,Normal
P0703,WH002,16,5,15,SUP001,2024-10-26,216.16,Normal
P0704,WH001,9,5,21,SUP014,2024-09-02,158.22,Normal
P0705,WH001,12,5,24,SUP011,2024-11-22,165.72,Normal
P0706,WH003,13,5,27,SUP013,2024-09-12,82.29,Normal
P0707,WH002,6,5,21,SUP014,2024-11-02,42.06,Normal
P0708,WH002,0,5,19,SUP015,2024-10-25,0.0,Critical
P0709,WH001,16,5,19,SUP015,2024-10-07,67.84,Normal
P0710,WH001,7,5,24,SUP011,2024-11-19,83.51,Normal
P0711,WH001,15,5,22,SUP003,2024-09-09,130.5,Normal
P0712,WH003,7,5,28,SUP002,2024-10-01,30.17,Normal
P0713,WH003,11,5,25,SUP005,2024-11-29,226.6,Normal
P0714,WH003,15,5,26,SUP007,2024-09-09,72.3,Normal
P0715,WH001,14,5,19,SUP015,2024-09-14,205.24,Normal
P0716,WH001,6,5,28,SUP002,2024-11-22,64.14,Normal
P0717,WH001,9,5,32,SUP010,2024-10-26,104.94,Normal
P0718,WH002,9,5,21,SUP014,2024-10-16,48.15,Normal
P0719,WH002,18,5,24,SUP011,2024-10-26,163.08,Normal
P0720,WH002,18,5,22,SUP003,2024-10-19,133.38,Normal
P0721,WH003,14,5,24,SUP011,2024-10-12,222.18,Normal
P0722,WH002,2,5,30,SUP004,2024-10-27,27.02,Critical
P0723,WH001,11,5,12,SUP006,2024-11-12,164.78,Normal
P0724,WH003,12,5,24,SUP011,2024-09-18,184.44,Normal
P0725,WH001,18,5,18,SUP008,2024-09-13,333.18,Normal
P0726,WH001,1,5,28,SUP002,2024-10-31,11.62,Critical
P0727,WH003,14,5,18,SUP008,2024-11-09,235.9,Normal
P0728,WH001,19,5,28,SUP002,2024-11-20,98.8,Normal
P0729,WH002,11,5,19,SUP015,2024-11-19,161.48,Normal
P0730,WH002,7,5,21,SUP014,2024-11-25,53.06,Normal
P0731,WH002,8,5,19,SUP015,2024-09-20,81.6,Normal
P0732,WH001,11,5,20,SUP009,2024-09-15,65.67,Normal
P0733,WH001,9,5,18,SUP008,2024-11-08,143.91,Normal
P0734,WH001,9,5,20,SUP009,2024-09-21,158.13,Normal
P0735,WH002,16,5,21,SUP014,2024-10-19,286.08,Normal
P0736,WH003,7,5,22,SUP003,2024-11-26,91.49,Normal
P0737,WH001,8,5,30,SUP004,2024-09-04,129.6,Normal
P0738,WH001,7,5,15,SUP001,2024-09-12,64.82,Normal
P0739,WH002,7,5,30,SUP004,2024-09-05,117.74,Normal
P0740,WH001,8,5,19,SUP015,2024-11-11,121.76,Normal
P0741,WH002,15,5,18,SUP008,2024-09-29,211.2,Normal
P0742,WH003,12,5,28,SUP002,2024-09-12,122.76,Normal
P0743,WH002,10,5,32,SUP010,2024-10-13,84.6,Normal
P0744,WH002,10,5,28,SUP002,2024-11-05,103.7,Normal
P0745,WH001,20,5,24,SUP011,2024-11-30,191.2,Normal
P0746,WH001,5,5,27,SUP013,2024-10-25,36.45,Normal
P0747,WH001,10,5,12,SUP006,2024-10-07,65.2,Normal
P0748,WH001,13,5,25,SUP005,2024-09-25,173.81,Normal
P0749,WH002,11,5,14,SUP012,2024-09-07,141.35,Normal
P0750,WH003,2,5,20,SUP009,2024-11-11,21.16,Critical
P0751,WH003,12,5,21,SUP014,2024-10-12,145.08,Normal
P0752,WH002,5,5,18,SUP008,2024-10-08,14.8,Normal
P0753,WH001,7,5,19,SUP015,2024-10-31,65.31,Normal
P0754,WH001,5,5,14,SUP012,2024-11-13,67.1,Normal
P0755,WH003,17,5,32,SUP010,2024-09-07,252.28,Normal
P0756,WH001,3,5,21,SUP014,2024-10-02,55.98,Low
P0757,WH002,17,5,18,SUP008,2024-11-30,295.8,Normal
P0758,WH002,19,5,25,SUP005,2024-10-17,101.65,Normal
P0759,WH002,8,5,12,SUP006,2024-11-04,129.36,Normal
P0760,WH001,11,5,21,SUP014,2024-11-04,87.56,Normal
P0761,WH003,18,5,22,SUP003,2024-09-05,75.6,Normal
P0762,WH003,15,5,30,SUP004,2024-09-23,120.75,Normal
P0763,WH001,8,5,22,SUP003,2024-10-22,86.0,Normal
P0764,WH002,9,5,18,SUP008,2024-09-05,66.87,Normal
P0765,WH001,20,5,14,SUP012,2024-11-10,351.6,Normal
P0766,WH002,9,5,15,SUP001,2024-09-20,77.49,Normal
P0767,WH002,16,5,19,SUP015,2024-11-07,236.16,Normal
P0768,WH003,20,5,20,SUP009,2024-10-29,182.4,Normal
P0769,WH002,17,5,25,SUP005,2024-09-14,106.42,Normal
P0770,WH003,20,5,12,SUP006,2024-11-26,120.0,Normal
P0771,WH001,5,5,27,SUP013,2024-11-02,69.5,Normal
P0772,WH001,13,5,30,SUP004,2024-10-08,157.82,Normal
P0773,WH002,13,5,22,SUP003,2024-11-07,262.86,Normal
P0774,WH001,11,5,25,SUP005,2024-09-02,194.59,Normal
P0775,WH001,18,5,24,SUP011,2024-11-25,63.9,Normal
P0776,WH002,10,5,18,SUP008,2024-12-01,206.9,Normal
P0777,WH003,11,5,14,SUP012,2024-11-28,215.82,Normal
P0778,WH003,10,5,24,SUP011,2024-09-10,62.5,Normal
P0779,WH002,6,5,14,SUP012,2024-11-13,81.0,Normal
P0780,WH001,16,5,32,SUP010,2024-10-08,321.92,Normal
P0781,WH003,5,5,30,SUP004,2024-09-07,42.15,Normal
P0782,WH001,17,5,12,SUP006,2024-11-04,269.96,Normal
P0783,WH003,6,5,18,SUP008,2024-11-11,104.1,Normal
P0784,WH001,20,5,15,SUP001,2024-10-29,263.4,Normal
P0785,WH003,9,5,18,SUP008,2024-10-29,125.1,Normal
P0786,WH003,19,5,14,SUP012,2024-10-08,230.47,Normal
P0787,WH001,10,5,25,SUP005,2024-10-23,178.4,Normal
P0788,WH001,6,5,21,SUP014,2024-09-10,35.1,Normal
P0789,WH003,1,5,28,SUP002,2024-11-17,3.18,Critical
P0790,WH001,12,5,24,SUP011,2024-09-06,167.64,Normal
P0791,WH001,9,5,25,SUP005,2024-10-21,60.03,Normal
P0792,WH001,11,5,26,SUP007,2024-09-23,148.94,Normal
P0793,WH002,11,5,21,SUP014,2024-09-26,204.82,Normal
P0794,WH001,9,5,14,SUP012,2024-11-22,134.82,Normal
P0795,WH003,7,5,18,SUP008,2024-11-13,78.05,Normal
P0796,WH002,5,5,27,SUP013,2024-10-29,87.55,Normal
P0797,WH001,5,5,19,SUP015,2024-09-29,22.1,Normal
P0798,WH001,4,5,28,SUP002,2024-10-21,65.16,Low
P0799,WH003,9,5,32,SUP010,2024-11-06,60.66,Normal
P0800,WH003,5,5,14,SUP012,2024-10-10,23.35,Normal
P0801,WH002,11,5,12,SUP006,2024-11-06,64.24,Normal
P0802,WH001,18,5,15,SUP001,2024-09-27,117.18,Normal
P0803,WH003,4,5,21,SUP014,2024-09-14,15.68,Low
P0804,WH003,8,5,12,SUP006,2024-09-23,33.6,Normal
P0805,WH003,6,5,24,SUP011,2024-10-16,42.0,Normal
P0806,WH001,6,5,18,SUP008,2024-09-21,117.66,Normal
P0807,WH003,18,5,12,SUP006,2024-10-05,212.22,Normal
P0808,WH001,7,5,26,SUP007,2024-09-16,64.19,Normal
P0809,WH003,13,5,27,SUP013,2024-09-08,284.18,Normal
P0810,WH001,16,5,30,SUP004,2024-10-23,219.52,Normal
P0811,WH003,9,5,21,SUP014,2024-11-11,87.93,Normal
P0812,WH001,10,5,32,SUP010,2024-11-20,146.5,Normal
P0813,WH002,16,5,27,SUP013,2024-11-26,98.72,Normal
P0814,WH003,13,5,21,SUP014,2024-09-08,82.94,Normal
P0815,WH003,9,5,14,SUP012,2024-11-03,39.06,Normal
P0816,WH001,6,5,21,SUP014,2024-10-10,94.8,Normal
P0817,WH001,16,5,30,SUP004,2024-11-18,257.44,Normal
P0818,WH003,15,5,14,SUP012,2024-09-16,272.55,Normal
P0819,WH003,19,5,21,SUP014,2024-11-13,170.43,Normal
P0820,WH002,15,5,24,SUP011,2024-09-08,351.15,Normal
P0821,WH001,5,5,20,SUP009,2024-09-06,68.85,Normal
P0822,WH001,20,5,19,SUP015,2024-09-08,252.6,Normal
P0823,WH003,19,5,21,SUP014,2024-10-20,86.83,Normal
P0824,WH003,8,5,19,SUP015,2024-12-01,43.44,Normal
P0825,WH001,5,5,19,SUP015,2024-10-09,90.05,Normal
P0826,WH002,17,5,18,SUP008,2024-11-09,52.87,Normal
P0827,WH001,20,5,19,SUP015,2024-10-04,143.2,Normal
P0828,WH001,17,5,14,SUP012,2024-10-26,81.09,Normal
P0829,WH003,15,5,14,SUP012,2024-09-30,181.35,Normal
P0830,WH002,13,5,20,SUP009,2024-09-06,127.01,Normal
P0831,WH001,17,5,18,SUP008,2024-10-22,233.24,Normal
P0832,WH003,15,5,19,SUP015,2024-09-03,292.5,Normal
P0833,WH001,11,5,26,SUP007,2024-11-19,252.45,Normal
P0834,WH002,18,5,27,SUP013,2024-11-27,130.5,Normal
P0835,WH001,10,5,14,SUP012,2024-09-29,51.9,Normal
P0836,WH003,1,5,21,SUP014,2024-11-14,10.66,Critical
P0837,WH003,12,5,14,SUP012,2024-11-14,242.4,Normal
P0838,WH002,17,5,27,SUP013,2024-09-23,275.06,Normal
P0839,WH001,9,5,27,SUP013,2024-09-11,36.0,Normal
P0840,WH003,17,5,25,SUP005,2024-11-12,104.38,Normal
P0841,WH003,11,5,14,SUP012,2024-10-17,112.2,Normal
P0842,WH002,7,5,32,SUP010,2024-10-12,110.11,Normal
P0843,WH002,5,5,24,SUP011,2024-09-12,27.9,Normal
P0844,WH003,14,5,26,SUP007,2024-11-10,273.14,Normal
P0845,WH003,16,5,22,SUP003,2024-09-22,236.96,Normal
P0846,WH003,15,5,18,SUP008,2024-11-12,87.6,Normal
P0847,WH002,20,5,15,SUP001,2024-09-20,178.8,Normal
P0848,WH002,12,5,20,SUP009,2024-09-18,98.64,Normal
P0849,WH001,20,5,22,SUP003,2024-10-08,55.4,Normal
P0850,WH001,7,5,20,SUP009,2024-11-20,144.27,Normal
P0851,WH003,10,5,19,SUP015,2024-11-30,199.8,Normal
P0852,WH003,15,5,30,SUP004,2024-10-22,125.55,Normal
P0853,WH002,5,5,15,SUP001,2024-12-01,47.45,Normal
P0854,WH002,9,5,32,SUP010,2024-10-14,119.07,Normal
P0855,WH002,13,5,19,SUP015,2024-10-06,189.93,Normal
P0856,WH003,9,5,25,SUP005,2024-10-05,42.66,Normal
P0857,WH002,10,5,18,SUP008,2024-11-22,167.8,Normal
P0858,WH001,16,5,20,SUP009,2024-11-16,67.52,Normal
P0859,WH002,9,5,15,SUP001,2024-09-21,35.01,Normal
P0860,WH003,7,5,26,SUP007,2024-11-02,134.12,Normal
P0861,WH002,5,5,21,SUP014,2024-09-09,23.35,Normal
P0862,WH002,17,5,12,SUP006,2024-09-03,123.42,Normal
P0863,WH003,11,5,27,SUP013,2024-11-02,147.73,Normal
P0864,WH002,14,5,19,SUP015,2024-11-16,191.66,Normal
P0865,WH003,12,5,26,SUP007,2024-11-22,217.92,Normal
P0866,WH002,20,5,28,SUP002,2024-10-21,171.0,Normal
P0867,WH003,13,5,32,SUP010,2024-09-20,156.65,Normal
P0868,WH003,19,5,25,SUP005,2024-10-05,106.02,Normal
P0869,WH003,2,5,26,SUP007,2024-10-17,19.88,Critical
P0870,WH002,11,5,30,SUP004,2024-10-12,100.65,Normal
P0871,WH001,6,5,22,SUP003,2024-09-15,114.12,Normal
P0872,WH002,13,5,22,SUP003,2024-09-25,187.46,Normal
P0873,WH003,14,5,26,SUP007,2024-09-26,143.08,Normal
P0874,WH002,17,5,14,SUP012,2024-11-10,47.09,Normal
P0875,WH001,8,5,22,SUP003,2024-11-23,118.96,Normal
P0876,WH003,10,5,28,SUP002,2024-09-07,114.5,Normal
P0877,WH001,9,5,24,SUP011,2024-10-11,23.76,Normal
P0878,WH001,18,5,28,SUP002,2024-09-19,401.94,Normal
P0879,WH002,17,5,22,SUP003,2024-10-01,343.23,Normal
P0880,WH001,10,5,28,SUP002,2024-09-27,47.0,Normal
P0881,WH002,5,5,32,SUP010,2024-10-01,60.25,Normal
P0882,WH002,9,5,32,SUP010,2024-09-24,39.69,Normal
P0883,WH002,20,5,12,SUP006,2024-11-29,102.2,Normal
P0884,WH001,8,5,22,SUP003,2024-11-16,128.48,Normal
P0885,WH003,15,5,12,SUP006,2024-10-03,138.75,Normal
P0886,WH001,16,5,24,SUP011,2024-10-19,191.52,Normal
P0887,WH003,6,5,30,SUP004,2024-10-19,128.94,Normal
P0888,WH002,14,5,24,SUP011,2024-10-02,226.52,Normal
P0889,WH002,6,5,30,SUP004,2024-10-08,89.94,Normal
P0890,WH001,3,5,18,SUP008,2024-11-08,24.03,Low
P0891,WH003,6,5,19,SUP015,2024-11-15,22.26,Normal
P0892,WH003,18,5,20,SUP009,2024-09-05,207.72,Normal
P0893,WH003,20,5,24,SUP011,2024-09-06,328.2,Normal
P0894,WH003,11,5,18,SUP008,2024-09-28,162.69,Normal
P0895,WH002,15,5,21,SUP014,2024-11-04,58.05,Normal
P0896,WH001,18,5,27,SUP013,2024-10-19,103.5,Normal
P0897,WH002,15,5,30,SUP004,2024-11-17,189.9,Normal
P0898,WH002,13,5,18,SUP008,2024-10-16,38.87,Normal
P0899,WH003,7,5,14,SUP012,2024-11-04,97.02,Normal
P0900,WH003,18,5,32,SUP010,2024-11-21,60.84,Normal
